a_au,e,i_deg,node_deg,peri_deg,mean_anomaly_deg
2.0727,0.2442,3.530,104.03,52.49,7.46
2.0740,0.1801,12.468,228.76,5.06,219.18
2.0771,0.1980,5.559,205.65,137.04,237.97
2.0784,0.0436,11.106,79.48,332.18,280.89
2.0789,0.1161,11.877,204.51,266.15,167.23
2.0794,0.0433,1.440,262.70,40.36,315.27
2.0807,0.1085,11.140,147.33,134.67,242.10
2.0812,0.0569,5.129,227.29,288.40,277.14
2.0812,0.2306,25.412,37.11,167.11,250.53
2.0821,0.1938,20.224,17.71,132.63,129.83
2.0822,0.0540,5.945,345.85,251.00,216.84
2.0823,0.1340,2.493,1.08,320.34,12.56
2.0846,0.1035,9.377,226.88,259.14,135.57
2.0850,0.0426,5.311,201.81,149.34,335.89
2.0853,0.2202,9.869,110.47,198.93,39.49
2.0856,0.0435,16.624,68.00,267.86,267.10
2.0862,0.0837,2.632,151.78,351.42,111.56
2.0868,0.1495,17.849,43.62,90.68,61.13
2.0868,0.1117,5.699,217.85,39.24,277.72
2.0878,0.0966,5.392,211.68,261.08,313.91
2.0879,0.0562,12.404,101.80,54.17,319.60
2.0880,0.1485,12.783,220.03,314.04,165.65
2.0889,0.2330,8.380,33.90,4.81,224.46
2.0897,0.0300,13.101,349.93,305.59,56.43
2.0900,0.0968,11.712,316.24,132.79,89.72
2.0903,0.1779,17.160,198.35,332.42,181.98
2.0912,0.1332,7.143,27.26,12.15,174.49
2.0915,0.0955,17.442,132.71,157.26,333.22
2.0917,0.1602,8.559,151.34,93.20,197.24
2.0918,0.1651,7.791,63.06,333.41,133.88
2.0921,0.1353,4.290,189.06,70.03,319.74
2.0922,0.1008,22.368,270.46,95.23,196.93
2.0924,0.0520,9.786,87.24,34.27,88.37
2.0925,0.1706,6.996,320.02,294.64,317.06
2.0944,0.0319,8.240,325.26,245.26,301.09
2.0954,0.0864,1.784,15.66,43.14,292.00
2.0956,0.0627,7.476,253.46,295.86,1.99
2.0957,0.0724,12.586,209.88,246.93,164.82
2.0959,0.1317,15.003,247.80,310.39,357.30
2.0960,0.3060,11.006,335.67,57.87,87.43
2.0963,0.1122,14.261,155.05,34.02,45.27
2.0966,0.0889,8.678,8.20,163.02,113.47
2.0973,0.0762,23.097,97.12,237.79,10.88
2.0978,0.2036,9.139,26.77,279.79,261.85
2.0980,0.1693,13.395,249.25,185.79,16.43
2.0980,0.1634,15.806,153.08,26.48,240.18
2.0985,0.2405,8.013,173.21,203.99,336.85
2.1003,0.0620,8.892,125.82,298.92,86.98
2.1007,0.0873,15.819,333.74,283.08,240.64
2.1011,0.2654,25.196,11.48,47.44,147.08
2.1015,0.0637,12.894,347.70,167.86,135.38
2.1022,0.0555,11.937,281.44,249.01,239.83
2.1025,0.1838,24.578,141.42,284.25,235.27
2.1026,0.0734,10.811,331.00,173.28,90.91
2.1028,0.2117,2.249,351.46,207.28,134.53
2.1028,0.0824,13.846,92.86,290.65,79.37
2.1031,0.1003,5.217,328.34,187.48,168.31
2.1035,0.0972,3.600,258.46,59.47,286.04
2.1038,0.0485,7.931,303.59,255.67,7.85
2.1039,0.2554,14.558,246.18,256.25,85.29
2.1041,0.2169,4.432,287.90,215.73,247.41
2.1053,0.1094,13.144,82.63,330.69,249.88
2.1055,0.1206,17.731,248.96,314.44,79.58
2.1058,0.1106,4.736,19.17,329.63,181.51
2.1059,0.2804,1.911,118.06,180.99,187.56
2.1061,0.0395,14.157,186.03,144.55,212.01
2.1061,0.1505,5.409,275.10,176.28,211.32
2.1066,0.0912,2.221,292.41,227.46,98.60
2.1067,0.1966,8.243,121.66,281.01,39.70
2.1068,0.0625,16.181,333.98,303.06,82.39
2.1070,0.2201,7.201,275.61,179.94,268.56
2.1073,0.0591,10.969,296.05,314.88,49.44
2.1074,0.0729,7.410,50.20,322.33,146.44
2.1079,0.1267,16.307,167.43,250.52,57.13
2.1085,0.1619,5.729,127.58,19.85,83.92
2.1085,0.0938,12.423,217.41,114.03,201.10
2.1090,0.1377,17.298,106.19,334.63,30.08
2.1090,0.1027,3.955,13.64,70.84,277.31
2.1095,0.1794,13.443,222.92,12.05,203.32
2.1096,0.1538,12.935,253.83,149.34,48.97
2.1097,0.1767,16.902,178.10,270.69,251.72
2.1114,0.0317,14.781,336.86,191.40,283.56
2.1120,0.1489,23.448,8.11,359.22,103.09
2.1122,0.2124,11.480,247.78,19.23,228.60
2.1123,0.0212,11.873,110.47,85.30,112.99
2.1131,0.1844,4.547,297.27,29.41,77.49
2.1133,0.1818,11.681,11.40,180.05,148.43
2.1141,0.0885,8.399,249.23,44.09,195.04
2.1145,0.0875,5.848,268.15,86.71,152.30
2.1149,0.1827,8.442,217.66,208.38,351.24
2.1151,0.1180,2.897,35.24,136.93,191.35
2.1151,0.1906,14.958,123.41,155.41,20.44
2.1153,0.0787,3.316,237.90,175.34,154.43
2.1154,0.1705,13.992,189.95,160.02,72.24
2.1156,0.2202,5.706,21.72,201.46,126.55
2.1156,0.0714,23.057,59.60,137.51,151.88
2.1158,0.1085,23.253,165.74,36.15,37.19
2.1168,0.1459,1.537,250.94,60.72,298.37
2.1171,0.1659,2.282,67.07,292.13,339.41
2.1172,0.0948,21.695,64.49,105.80,318.87
2.1172,0.1499,11.802,84.42,344.25,237.00
2.1181,0.1387,12.157,37.52,0.62,22.55
2.1191,0.1345,15.860,241.95,4.36,253.89
2.1198,0.1625,13.448,332.18,128.00,272.50
2.1199,0.0311,7.017,317.67,274.40,295.00
2.1207,0.0514,6.158,277.31,245.80,18.09
2.1209,0.2387,15.293,1.00,211.63,172.50
2.1210,0.1270,9.109,305.71,299.36,90.00
2.1211,0.1767,14.958,107.55,355.79,86.80
2.1211,0.0417,7.754,244.96,66.77,320.99
2.1211,0.0411,7.354,247.58,186.95,354.65
2.1214,0.1979,11.310,181.74,229.26,215.43
2.1217,0.2692,3.379,260.55,192.65,95.32
2.1220,0.1197,15.104,180.83,118.81,146.13
2.1222,0.0362,6.835,131.49,162.46,47.30
2.1225,0.1644,3.852,29.45,243.90,124.67
2.1226,0.1283,4.047,313.31,194.84,239.02
2.1231,0.2004,3.741,8.97,190.27,63.53
2.1233,0.1658,13.774,271.83,141.75,335.99
2.1233,0.0394,15.970,320.19,185.17,347.00
2.1236,0.0328,11.628,176.71,37.42,337.79
2.1240,0.0338,3.428,103.95,103.63,278.58
2.1241,0.0603,12.933,168.23,71.23,55.01
2.1245,0.0609,7.806,160.72,84.10,298.90
2.1249,0.0735,8.210,332.98,309.38,12.44
2.1250,0.0938,13.240,160.47,220.91,279.03
2.1260,0.0353,9.994,143.64,240.58,182.95
2.1263,0.0730,6.294,229.15,274.16,316.35
2.1265,0.0986,6.343,333.99,3.96,223.10
2.1268,0.1424,10.318,47.75,133.56,101.63
2.1270,0.0971,3.748,24.77,326.76,10.53
2.1271,0.1214,11.617,142.78,105.54,312.12
2.1277,0.1177,7.114,73.27,136.47,113.27
2.1281,0.1991,8.246,260.73,339.70,159.43
2.1283,0.2425,9.857,230.51,278.14,131.02
2.1284,0.0324,3.823,49.41,187.64,95.47
2.1287,0.0572,8.210,205.82,285.96,127.65
2.1294,0.0297,7.594,265.91,340.69,101.90
2.1294,0.2448,11.019,302.32,174.03,50.43
2.1296,0.1839,3.398,107.45,118.64,291.53
2.1300,0.0820,11.388,113.08,86.71,28.95
2.1301,0.2531,3.260,188.21,198.12,170.03
2.1302,0.1407,1.829,136.34,229.47,44.20
2.1304,0.1184,3.041,202.48,236.99,142.41
2.1305,0.0392,19.555,180.96,336.97,206.06
2.1308,0.1788,6.292,174.86,99.45,337.30
2.1310,0.1654,3.570,95.64,355.56,174.35
2.1310,0.1325,7.387,350.11,334.28,94.33
2.1314,0.2691,18.921,353.58,264.17,329.57
2.1324,0.1837,11.646,71.74,279.37,320.78
2.1325,0.1702,21.815,85.83,249.56,355.59
2.1327,0.1599,3.106,97.73,220.36,38.41
2.1329,0.1542,8.681,29.96,272.64,138.89
2.1331,0.2904,13.339,180.07,25.00,71.54
2.1335,0.0962,17.174,344.44,23.03,12.08
2.1342,0.1290,18.296,142.37,136.50,148.35
2.1347,0.2432,9.756,19.21,43.35,237.92
2.1350,0.1522,15.198,90.70,64.87,105.98
2.1352,0.1526,4.128,106.46,258.06,70.55
2.1355,0.1572,13.777,19.72,93.39,41.61
2.1355,0.0353,4.227,44.15,269.48,35.84
2.1356,0.0600,12.714,109.48,68.52,351.77
2.1359,0.1763,18.451,14.89,266.33,32.67
2.1360,0.1737,5.662,137.55,102.23,54.74
2.1362,0.1890,5.108,295.79,45.37,199.56
2.1363,0.1137,14.944,43.25,206.14,100.80
2.1365,0.0326,12.775,64.46,340.22,67.45
2.1365,0.0393,11.378,11.11,286.06,271.62
2.1366,0.1569,25.538,357.97,324.50,8.78
2.1368,0.0933,12.414,52.38,282.42,13.17
2.1369,0.0994,3.527,47.92,99.28,355.75
2.1369,0.0602,20.372,246.54,267.32,306.66
2.1370,0.1119,11.001,1.36,75.28,42.21
2.1376,0.0914,13.505,92.77,167.57,351.80
2.1379,0.2700,6.519,220.92,354.12,277.56
2.1380,0.1435,7.820,147.85,52.66,100.69
2.1382,0.1801,6.359,282.26,43.34,185.89
2.1383,0.2484,4.098,171.73,358.35,122.88
2.1387,0.1227,4.068,7.23,53.55,233.65
2.1388,0.1102,5.643,288.24,303.74,64.61
2.1391,0.1056,6.882,56.49,11.09,277.17
2.1394,0.1905,16.522,298.62,225.05,239.61
2.1396,0.1135,8.090,68.04,37.02,236.68
2.1397,0.1908,6.125,202.38,127.87,176.51
2.1400,0.1796,8.904,97.55,33.68,310.12
2.1401,0.0604,12.657,234.28,274.21,16.70
2.1403,0.1117,11.200,330.07,14.41,241.72
2.1403,0.0779,4.221,59.66,86.05,17.46
2.1406,0.1305,3.319,60.49,159.59,302.81
2.1406,0.0985,11.770,69.33,273.87,307.04
2.1408,0.1480,12.418,292.73,39.30,220.35
2.1410,0.1665,7.263,230.25,328.80,232.67
2.1411,0.1696,12.938,336.25,165.07,22.31
2.1413,0.1955,13.360,223.54,332.46,49.95
2.1414,0.1242,6.696,34.45,63.59,171.03
2.1415,0.0660,7.631,158.13,333.19,13.88
2.1415,0.0914,3.761,257.17,281.05,24.81
2.1431,0.0907,12.056,307.38,1.72,255.10
2.1433,0.1577,15.750,153.89,344.92,228.52
2.1437,0.1916,6.558,148.91,136.00,244.93
2.1439,0.1098,7.776,311.56,5.32,166.42
2.1439,0.1208,11.664,64.40,335.58,284.72
2.1440,0.2435,2.970,329.94,219.86,224.47
2.1441,0.0913,4.406,218.78,197.42,347.84
2.1442,0.1009,6.156,185.35,95.79,343.12
2.1449,0.1113,5.465,63.47,207.93,158.01
2.1450,0.1499,13.640,31.56,120.95,290.29
2.1451,0.1523,11.636,259.41,153.34,15.44
2.1451,0.0345,8.024,251.76,48.20,64.96
2.1452,0.0231,5.988,280.24,300.52,268.52
2.1456,0.0968,12.793,202.57,314.02,282.68
2.1463,0.3398,16.251,217.85,38.79,172.26
2.1465,0.1539,13.596,83.36,177.33,126.38
2.1474,0.1954,16.552,119.84,41.97,71.29
2.1475,0.0801,4.254,196.37,10.35,223.94
2.1486,0.1170,6.100,194.18,25.00,161.65
2.1487,0.0069,6.473,326.98,334.68,10.59
2.1487,0.1784,13.034,216.01,273.37,289.29
2.1491,0.2210,15.967,29.99,241.11,275.05
2.1493,0.1172,7.505,348.22,171.48,3.22
2.1495,0.1394,10.904,229.08,155.76,316.38
2.1498,0.1755,8.534,186.21,309.14,147.52
2.1501,0.1079,9.360,65.75,151.64,109.71
2.1503,0.1089,12.871,84.65,20.59,149.12
2.1506,0.1549,10.546,232.23,96.97,175.79
2.1508,0.0468,15.255,284.96,332.04,308.45
2.1510,0.2529,11.147,230.63,38.64,73.40
2.1511,0.1276,13.252,129.15,69.53,122.32
2.1522,0.0229,12.651,187.84,244.11,233.01
2.1524,0.1240,9.048,95.35,0.73,349.09
2.1528,0.1354,7.331,121.47,14.33,158.50
2.1533,0.1684,13.810,267.22,227.64,233.10
2.1545,0.1261,13.007,151.52,223.76,83.36
2.1545,0.2236,15.389,199.22,151.54,275.12
2.1547,0.1586,4.196,166.43,177.18,249.07
2.1547,0.0219,9.631,359.14,170.07,252.24
2.1550,0.1662,5.167,196.45,36.04,252.46
2.1551,0.1986,12.129,219.07,344.10,353.49
2.1557,0.1239,17.856,127.07,272.21,279.93
2.1560,0.0858,3.745,349.59,271.59,342.54
2.1562,0.1996,13.106,2.43,38.00,283.87
2.1564,0.2030,6.469,346.36,167.12,354.32
2.1564,0.1290,9.094,69.45,127.70,326.09
2.1566,0.1208,9.775,18.04,270.99,212.01
2.1567,0.2685,22.792,2.54,137.93,281.53
2.1570,0.1667,8.543,221.26,310.08,355.79
2.1570,0.0428,8.389,167.25,91.44,171.52
2.1571,0.1053,13.021,278.44,92.98,238.64
2.1572,0.1398,1.552,183.65,185.80,245.72
2.1578,0.1336,12.082,46.43,28.50,170.01
2.1580,0.2320,10.110,43.13,70.01,339.87
2.1583,0.1582,6.584,152.46,169.79,306.41
2.1584,0.1514,12.195,195.13,54.88,139.03
2.1584,0.1766,1.837,126.77,268.98,258.01
2.1586,0.0652,6.754,163.21,134.33,79.06
2.1587,0.1136,9.034,194.39,52.23,77.72
2.1588,0.0245,21.358,337.84,55.69,132.85
2.1589,0.1435,20.979,11.27,146.53,246.79
2.1590,0.1790,14.941,339.46,186.66,207.36
2.1594,0.0283,13.351,126.46,119.11,219.77
2.1595,0.0470,8.039,142.05,116.30,201.09
2.1602,0.1236,12.029,188.64,170.00,19.05
2.1603,0.1587,5.853,158.88,182.83,158.81
2.1608,0.2288,12.738,157.14,203.70,47.33
2.1609,0.1517,7.855,328.23,328.32,229.31
2.1617,0.1087,14.199,179.01,341.64,48.42
2.1624,0.1079,7.149,121.44,156.54,165.69
2.1625,0.1826,10.087,30.61,8.97,105.07
2.1627,0.2155,8.399,20.13,204.01,175.70
2.1627,0.1027,5.970,115.88,328.70,199.83
2.1633,0.1109,9.729,93.84,106.82,330.19
2.1634,0.2474,9.453,130.42,284.89,91.70
2.1638,0.1564,26.823,306.35,44.46,143.13
2.1639,0.1118,8.555,101.99,134.71,134.36
2.1643,0.0985,16.849,174.62,143.16,94.53
2.1644,0.0499,7.810,70.45,182.32,114.65
2.1645,0.1784,9.230,150.72,42.15,345.05
2.1646,0.0209,4.057,195.68,197.32,255.88
2.1650,0.1071,9.304,195.17,81.79,241.08
2.1653,0.0950,6.944,107.45,198.71,150.73
2.1656,0.0005,8.327,103.77,78.92,351.53
2.1658,0.1810,3.418,92.28,28.68,59.46
2.1660,0.0974,27.452,47.78,165.47,163.14
2.1664,0.0835,8.463,2.70,292.77,321.40
2.1665,0.1464,7.702,21.25,295.40,307.17
2.1668,0.2057,4.000,93.41,147.97,326.91
2.1669,0.2585,3.836,288.32,334.75,207.88
2.1671,0.0907,1.652,210.20,337.41,253.11
2.1671,0.0988,9.656,309.81,83.80,194.41
2.1685,0.2164,18.659,30.53,274.15,81.75
2.1686,0.1473,11.021,344.93,88.16,58.36
2.1688,0.2475,11.808,256.35,5.94,238.29
2.1690,0.1794,6.386,279.23,311.95,262.53
2.1692,0.2610,2.363,33.16,135.25,123.71
2.1694,0.1692,13.587,327.77,7.18,319.31
2.1696,0.0764,7.337,308.36,94.04,14.17
2.1700,0.1739,15.928,163.54,211.70,275.82
2.1700,0.0825,9.851,229.16,293.13,148.59
2.1700,0.0475,0.733,119.80,319.07,231.25
2.1701,0.1880,10.440,231.71,13.55,204.73
2.1704,0.1060,7.651,191.08,323.74,58.05
2.1706,0.2329,16.485,49.84,62.22,286.05
2.1711,0.1716,4.007,257.45,182.43,148.01
2.1713,0.1308,10.137,291.65,113.70,92.59
2.1716,0.0970,5.281,299.81,147.20,150.52
2.1720,0.0552,13.082,285.14,131.26,33.17
2.1723,0.0683,9.222,23.74,87.31,260.06
2.1724,0.1578,9.574,248.73,259.40,310.13
2.1724,0.0243,4.709,150.67,189.80,291.62
2.1730,0.0624,19.266,274.16,97.97,50.56
2.1732,0.0904,10.956,138.47,301.59,202.64
2.1734,0.1407,16.177,135.49,164.65,325.78
2.1744,0.1685,7.508,245.47,121.17,10.46
2.1749,0.0803,9.747,317.56,199.49,189.15
2.1751,0.2731,13.529,176.30,334.04,176.28
2.1754,0.1559,16.242,134.54,178.70,72.90
2.1754,0.0296,8.459,11.81,196.66,74.76
2.1755,0.1081,13.399,26.69,158.31,242.31
2.1758,0.1558,15.634,134.53,201.10,120.07
2.1760,0.1502,5.015,187.89,79.84,169.20
2.1762,0.0919,6.992,65.51,339.29,221.21
2.1764,0.1253,14.580,133.62,137.71,1.61
2.1764,0.1457,10.779,157.45,195.63,168.96
2.1766,0.1900,13.036,318.75,140.00,272.00
2.1768,0.1252,19.304,343.08,225.82,39.87
2.1770,0.0300,11.917,31.22,34.41,60.01
2.1772,0.1680,3.455,254.09,346.04,250.49
2.1773,0.2527,5.916,102.40,181.08,125.18
2.1774,0.1336,18.734,257.30,56.77,28.23
2.1778,0.1303,4.603,191.68,164.20,291.89
2.1778,0.2371,23.659,45.20,200.10,351.61
2.1779,0.0612,19.059,66.70,97.32,31.07
2.1783,0.2006,5.210,212.86,298.98,255.34
2.1789,0.2067,7.015,114.52,162.02,272.10
2.1794,0.1805,9.484,135.81,36.85,18.99
2.1794,0.1279,3.337,228.86,46.41,183.82
2.1798,0.1770,0.858,125.06,141.95,312.03
2.1800,0.0714,16.125,138.89,18.09,139.18
2.1802,0.0466,13.330,222.90,286.56,168.81
2.1805,0.2440,22.056,242.87,302.18,45.09
2.1809,0.1591,10.460,338.74,89.85,143.94
2.1813,0.0857,3.340,297.98,24.93,40.39
2.1814,0.2681,3.299,322.69,244.70,326.25
2.1814,0.1302,9.099,98.65,162.16,326.00
2.1821,0.1787,15.238,227.52,61.64,300.99
2.1822,0.0378,6.950,265.30,299.69,272.19
2.1825,0.2009,6.064,240.12,200.66,303.93
2.1826,0.2480,16.945,132.71,113.98,33.34
2.1826,0.1183,19.086,320.29,141.28,179.06
2.1828,0.1816,15.623,128.28,305.71,320.77
2.1828,0.1248,0.804,321.33,44.41,261.05
2.1836,0.1699,4.729,209.85,171.08,123.07
2.1839,0.0981,7.755,313.78,227.00,140.91
2.1841,0.0901,10.811,225.12,44.68,239.48
2.1842,0.1340,6.217,253.93,128.56,339.47
2.1846,0.2229,11.945,279.14,238.47,23.79
2.1846,0.1939,7.131,133.63,132.85,61.25
2.1847,0.1799,4.857,26.09,159.71,49.18
2.1849,0.1764,13.543,338.84,129.62,323.98
2.1851,0.1862,12.986,94.01,45.21,276.30
2.1851,0.1586,12.030,145.72,155.52,67.83
2.1851,0.0725,15.376,356.21,256.57,252.53
2.1852,0.1536,11.156,4.61,340.24,178.46
2.1853,0.0788,10.897,312.70,135.97,241.28
2.1853,0.2544,4.784,139.00,163.36,24.60
2.1855,0.2536,13.167,172.17,223.65,13.12
2.1855,0.1241,8.566,217.69,284.70,323.06
2.1860,0.2212,2.792,67.11,64.54,237.50
2.1860,0.0477,8.324,341.79,1.72,56.78
2.1861,0.2349,13.294,90.48,149.74,65.57
2.1864,0.1830,5.803,140.00,339.75,180.04
2.1867,0.1272,11.486,325.46,164.64,337.85
2.1871,0.1962,15.906,296.75,230.63,18.10
2.1871,0.0410,13.176,292.04,95.42,20.24
2.1879,0.1161,9.836,329.26,184.75,173.80
2.1880,0.2598,14.891,217.22,265.33,111.92
2.1885,0.0571,14.116,231.95,302.62,229.02
2.1887,0.0939,3.479,66.02,173.89,125.93
2.1888,0.2142,13.725,26.59,139.69,300.70
2.1892,0.2127,21.099,182.81,343.30,273.57
2.1905,0.2280,7.873,22.23,175.96,96.37
2.1907,0.1409,6.624,239.09,157.21,102.48
2.1911,0.0684,19.265,327.37,143.88,342.31
2.1915,0.1846,5.975,125.02,183.91,30.21
2.1917,0.1316,12.869,158.63,241.12,84.87
2.1917,0.2831,9.801,290.23,125.17,142.15
2.1918,0.1372,14.234,278.62,108.90,286.08
2.1918,0.1681,6.138,67.38,160.57,102.56
2.1919,0.0829,7.720,109.52,330.32,130.76
2.1928,0.1520,19.385,298.84,17.99,131.62
2.1931,0.0184,15.183,56.08,243.70,284.86
2.1931,0.0833,13.259,240.24,321.97,116.42
2.1933,0.1572,9.568,183.34,237.65,198.71
2.1936,0.2667,5.989,21.09,200.19,280.43
2.1938,0.1017,9.327,168.36,213.93,205.95
2.1942,0.1783,3.370,336.39,181.87,29.28
2.1944,0.0669,6.905,236.92,268.69,199.06
2.1946,0.0871,10.402,226.53,189.61,254.32
2.1947,0.2658,11.378,260.38,336.23,82.56
2.1953,0.0232,4.929,117.53,150.86,249.61
2.1953,0.2806,8.632,237.54,234.65,175.13
2.1953,0.1292,11.940,115.80,200.32,190.06
2.1954,0.2775,6.023,127.43,61.08,221.26
2.1955,0.0838,5.860,64.66,311.99,51.46
2.1959,0.1226,8.682,184.64,125.37,311.49
2.1960,0.1517,13.067,245.97,170.07,306.73
2.1967,0.0754,22.546,104.80,147.82,354.64
2.1968,0.2576,5.137,170.41,154.12,143.82
2.1968,0.0908,8.646,336.53,231.70,233.19
2.1969,0.0881,4.964,67.98,197.52,310.03
2.1969,0.1721,13.651,240.39,354.78,2.96
2.1974,0.1535,14.946,77.98,76.41,322.29
2.1974,0.1820,6.926,46.16,303.50,127.40
2.1979,0.0934,20.536,276.59,100.69,70.06
2.1981,0.2114,9.083,267.39,329.83,280.77
2.1982,0.2907,8.278,46.30,82.76,209.17
2.1983,0.1525,14.881,303.29,30.21,280.22
2.1984,0.1260,8.087,154.28,35.76,94.63
2.1988,0.1697,9.054,88.32,6.17,283.61
2.1989,0.1293,13.174,18.93,2.46,353.38
2.1990,0.0696,22.433,52.46,121.29,295.28
2.1991,0.1564,9.480,349.89,62.11,321.16
2.1993,0.1041,5.938,44.21,336.46,191.10
2.1994,0.1272,4.937,184.85,160.57,278.47
2.1994,0.1572,3.687,59.83,96.15,257.92
2.1995,0.1019,9.740,100.67,77.44,60.37
2.1996,0.1173,20.424,85.71,9.75,281.70
2.1996,0.3485,9.433,340.91,283.76,7.89
2.1996,0.0880,13.668,264.75,105.41,196.45
2.1997,0.0502,17.669,28.56,295.64,275.88
2.1999,0.1864,9.359,90.91,26.75,351.43
2.2001,0.1129,5.343,109.31,263.46,164.15
2.2001,0.0703,25.037,161.62,12.10,89.74
2.2007,0.1622,19.565,184.45,220.91,79.02
2.2008,0.2153,12.627,180.98,212.83,200.16
2.2009,0.1289,9.079,293.62,79.94,162.40
2.2009,0.1237,9.229,246.24,92.29,132.67
2.2011,0.0993,13.299,323.44,5.46,259.46
2.2015,0.1173,4.510,321.97,61.13,241.35
2.2015,0.0253,4.454,337.39,132.00,252.05
2.2020,0.0187,10.958,32.98,39.94,114.80
2.2022,0.0651,16.216,11.33,214.11,224.09
2.2023,0.0412,2.311,204.09,105.95,51.85
2.2028,0.1687,6.045,332.04,20.72,294.36
2.2030,0.2389,3.226,10.63,342.02,105.93
2.2031,0.3033,23.223,324.00,300.84,8.91
2.2031,0.0543,12.903,208.60,103.93,215.85
2.2032,0.0983,23.549,201.68,271.76,355.67
2.2034,0.0646,5.379,264.02,262.35,68.59
2.2035,0.1929,12.680,262.15,304.19,236.74
2.2037,0.1524,6.332,90.39,210.43,301.61
2.2040,0.2322,5.395,323.50,171.93,252.55
2.2041,0.0562,13.495,184.73,62.59,309.15
2.2042,0.1259,7.551,285.16,93.97,108.50
2.2042,0.2616,13.755,279.85,127.45,153.78
2.2043,0.1384,6.700,324.50,18.56,53.06
2.2044,0.1610,8.412,104.81,89.59,27.65
2.2046,0.0452,6.045,173.88,45.61,297.86
2.2052,0.0270,17.812,27.66,175.06,70.20
2.2053,0.0312,6.935,105.94,89.26,40.47
2.2053,0.1473,6.991,222.71,114.35,325.41
2.2055,0.1160,24.941,25.18,301.32,172.08
2.2057,0.2776,7.490,95.91,191.21,126.82
2.2058,0.1076,10.308,120.80,315.12,148.89
2.2060,0.1607,10.972,4.78,225.92,173.30
2.2062,0.0986,4.985,287.13,126.97,349.33
2.2062,0.1359,15.472,122.63,265.75,252.70
2.2064,0.1978,13.640,98.15,246.31,176.87
2.2064,0.1075,8.743,76.01,333.91,97.96
2.2066,0.0904,6.515,107.89,249.16,123.30
2.2069,0.0646,10.161,214.46,244.91,291.17
2.2070,0.2134,7.241,322.23,343.65,293.47
2.2070,0.1831,16.391,197.29,288.06,148.34
2.2071,0.1835,20.237,255.40,183.03,312.31
2.2071,0.2491,8.509,160.01,28.36,145.12
2.2073,0.0566,8.511,124.06,41.50,79.62
2.2076,0.1243,7.960,47.57,181.30,48.43
2.2076,0.0707,5.899,349.45,318.49,316.47
2.2078,0.1411,11.068,192.70,284.62,173.92
2.2084,0.0042,16.727,330.75,238.51,41.77
2.2085,0.1024,13.990,45.87,159.78,127.23
2.2086,0.1100,9.765,187.24,4.86,169.83
2.2086,0.1331,3.294,340.04,312.29,157.97
2.2087,0.1728,7.680,228.25,92.03,289.92
2.2089,0.1298,3.497,99.13,327.42,307.83
2.2090,0.0896,16.902,10.76,124.94,342.61
2.2090,0.0445,13.241,72.15,161.65,36.14
2.2090,0.0297,11.770,143.77,283.11,59.44
2.2095,0.1869,6.845,234.00,74.93,19.39
2.2100,0.0677,12.244,353.00,276.84,6.07
2.2107,0.2385,6.521,172.83,189.92,248.12
2.2108,0.0732,14.420,339.79,260.12,288.49
2.2109,0.0751,3.308,24.34,202.44,213.32
2.2109,0.0554,10.273,245.47,157.39,111.11
2.2109,0.0961,9.462,57.08,2.82,76.28
2.2111,0.1892,13.535,307.33,305.83,242.56
2.2115,0.1323,14.759,241.92,312.49,268.64
2.2116,0.1713,10.924,173.80,21.41,219.97
2.2118,0.1713,19.933,210.84,228.37,138.42
2.2121,0.1916,16.307,219.83,304.44,308.59
2.2121,0.0864,12.586,107.39,74.32,138.56
2.2122,0.2834,19.189,164.85,140.20,160.46
2.2123,0.1383,18.078,161.37,303.88,90.59
2.2127,0.1663,8.469,43.79,111.81,341.42
2.2128,0.2015,8.833,107.66,338.94,178.15
2.2131,0.1898,15.035,124.71,225.19,83.83
2.2133,0.1460,5.749,204.27,217.39,270.19
2.2135,0.2113,6.243,96.44,279.06,85.49
2.2138,0.1099,10.283,220.17,18.16,180.13
2.2140,0.0209,14.003,6.83,155.80,102.20
2.2142,0.1328,21.388,278.00,198.91,285.05
2.2144,0.0588,10.339,288.23,92.35,295.31
2.2146,0.0458,21.336,106.04,141.55,10.52
2.2147,0.0967,8.478,164.52,323.52,296.04
2.2148,0.1358,9.946,288.93,52.03,317.28
2.2149,0.1850,7.475,191.05,309.52,299.59
2.2156,0.1818,2.055,207.23,341.94,11.90
2.2156,0.1249,6.781,286.95,168.48,77.09
2.2158,0.2066,22.120,241.39,260.12,82.10
2.2161,0.0316,8.804,302.86,168.26,278.26
2.2163,0.0645,16.109,256.64,23.96,174.26
2.2164,0.1027,8.878,195.31,317.77,30.88
2.2169,0.0753,11.017,111.40,129.30,97.72
2.2171,0.1269,2.815,288.16,52.30,7.24
2.2172,0.0488,7.738,291.79,110.29,213.33
2.2172,0.1515,25.987,325.32,278.67,78.41
2.2177,0.0566,18.699,274.62,96.34,92.01
2.2180,0.1929,9.001,220.93,289.07,324.08
2.2180,0.1740,9.313,259.97,301.07,138.16
2.2181,0.0790,4.167,294.71,358.16,3.00
2.2182,0.1768,5.537,240.39,261.36,236.82
2.2185,0.1179,11.241,123.16,277.93,10.81
2.2189,0.1133,12.359,53.41,226.74,318.54
2.2189,0.0946,14.582,215.60,112.56,87.68
2.2192,0.0644,8.420,109.75,319.12,221.46
2.2199,0.1008,8.022,329.87,91.18,170.44
2.2200,0.2014,14.825,280.89,173.64,53.37
2.2202,0.1313,3.593,349.12,286.76,184.45
2.2207,0.2302,7.685,115.88,91.95,330.95
2.2209,0.0965,14.928,0.75,213.57,290.67
2.2209,0.0894,9.217,16.97,89.68,313.89
2.2210,0.1523,14.331,292.56,280.46,35.25
2.2212,0.1180,10.709,353.50,197.92,328.17
2.2214,0.1219,1.560,224.99,220.36,101.78
2.2215,0.0907,16.700,340.23,4.03,223.72
2.2216,0.1774,16.977,88.03,308.24,238.69
2.2221,0.1641,9.547,42.25,359.53,292.33
2.2221,0.1041,22.133,202.23,98.33,168.54
2.2223,0.0478,8.156,264.27,137.68,57.91
2.2229,0.1484,15.934,193.25,170.62,82.33
2.2230,0.1641,8.198,222.42,60.40,144.13
2.2232,0.1581,4.811,71.30,21.05,274.55
2.2233,0.1112,13.342,311.61,166.66,66.59
2.2234,0.0690,5.718,56.04,55.61,212.87
2.2234,0.1404,8.746,228.46,135.49,66.46
2.2235,0.1389,5.663,34.40,307.52,150.01
2.2235,0.0606,6.954,347.04,182.04,174.61
2.2236,0.0565,15.149,136.38,60.52,236.16
2.2242,0.2447,11.880,51.82,293.15,125.54
2.2248,0.1666,20.981,219.99,208.23,63.65
2.2249,0.1152,11.804,31.98,102.83,228.57
2.2251,0.0665,25.727,161.67,357.02,15.52
2.2251,0.1183,8.186,164.00,44.22,266.22
2.2253,0.1316,11.869,55.57,150.38,274.73
2.2255,0.0998,12.949,213.47,255.77,138.91
2.2256,0.1477,13.596,53.72,347.02,41.82
2.2259,0.1110,14.691,88.59,36.66,77.98
2.2261,0.2550,13.704,49.93,16.56,269.28
2.2263,0.0677,5.298,236.42,157.77,291.42
2.2269,0.0618,0.423,152.77,253.42,304.52
2.2273,0.1193,11.208,61.42,82.13,280.30
2.2275,0.1420,6.284,306.77,3.78,347.94
2.2276,0.1245,8.574,322.32,69.16,117.34
2.2278,0.0396,16.826,184.49,277.18,252.27
2.2279,0.0869,0.449,247.35,15.79,335.18
2.2282,0.2541,20.742,14.50,124.58,79.13
2.2288,0.0473,26.108,8.03,32.94,22.06
2.2290,0.1264,13.756,9.68,118.06,181.94
2.2290,0.1810,11.099,262.05,354.17,306.66
2.2290,0.0887,5.340,37.70,197.81,30.60
2.2290,0.1881,13.847,127.94,280.97,25.87
2.2293,0.0949,6.411,332.88,327.58,126.51
2.2293,0.2134,15.192,141.33,66.68,103.83
2.2295,0.0745,11.791,43.62,350.04,298.03
2.2295,0.0681,19.426,185.28,139.89,77.06
2.2297,0.0753,11.979,106.29,151.15,119.22
2.2298,0.0371,13.035,347.24,88.29,181.58
2.2298,0.2158,11.783,243.02,222.63,73.04
2.2298,0.1555,11.445,165.57,18.39,46.30
2.2300,0.1084,7.149,313.80,286.06,60.86
2.2302,0.1386,11.531,185.89,281.92,32.68
2.2302,0.2177,11.606,266.22,112.28,18.28
2.2303,0.1238,15.581,144.66,224.86,68.10
2.2306,0.1231,10.136,130.22,186.26,291.32
2.2306,0.1027,6.939,97.60,152.75,210.78
2.2308,0.2181,13.688,331.03,49.37,153.36
2.2310,0.1521,8.021,131.45,321.84,100.43
2.2312,0.1325,24.891,180.19,253.63,104.44
2.2313,0.2071,6.905,127.26,16.57,31.38
2.2313,0.1771,13.719,340.48,43.40,118.34
2.2320,0.1833,9.609,195.26,142.15,84.72
2.2322,0.1824,19.520,22.49,213.27,224.45
2.2322,0.1231,3.798,337.93,140.56,275.77
2.2323,0.0265,11.283,32.04,182.10,250.06
2.2323,0.1733,14.947,199.13,276.65,204.47
2.2325,0.0363,16.854,139.24,132.88,100.64
2.2328,0.1608,12.019,277.17,237.67,2.98
2.2328,0.0675,7.024,111.13,149.17,246.12
2.2329,0.0235,10.189,333.50,239.59,233.67
2.2331,0.1055,13.639,84.14,142.77,163.31
2.2332,0.2229,16.065,322.75,220.97,132.69
2.2335,0.1345,6.642,162.04,45.49,292.18
2.2338,0.1764,6.529,59.42,137.38,320.58
2.2339,0.1462,15.013,118.71,335.28,319.88
2.2341,0.1898,19.784,326.95,77.68,73.67
2.2342,0.1457,9.656,85.30,210.71,127.61
2.2342,0.0620,9.406,14.70,50.49,30.30
2.2342,0.0366,13.178,119.26,356.54,65.05
2.2343,0.0128,17.853,9.40,302.35,209.31
2.2344,0.1230,4.715,49.56,30.92,317.35
2.2347,0.2045,12.583,64.48,142.46,93.18
2.2348,0.0674,6.288,191.92,75.86,262.13
2.2350,0.0164,12.089,221.30,330.23,346.63
2.2352,0.1362,17.339,108.54,172.72,177.65
2.2352,0.1554,5.527,136.74,278.31,317.04
2.2354,0.1917,4.096,128.58,173.24,348.44
2.2355,0.1009,10.808,342.64,200.05,66.18
2.2358,0.1584,8.525,173.61,251.74,32.28
2.2360,0.1390,7.261,229.52,335.92,277.21
2.2362,0.0581,6.729,213.80,294.19,147.72
2.2363,0.1543,7.830,173.36,208.47,325.60
2.2366,0.1624,9.796,316.72,195.90,6.49
2.2369,0.0370,23.601,230.75,234.98,253.31
2.2370,0.1131,13.654,105.89,30.95,187.94
2.2370,0.0413,13.940,265.09,120.97,350.78
2.2371,0.0475,12.196,10.17,50.12,352.85
2.2372,0.1030,13.552,219.35,211.33,6.14
2.2373,0.1485,11.026,240.80,219.67,142.20
2.2377,0.1038,2.269,275.21,219.01,195.22
2.2382,0.0798,19.357,124.38,272.78,123.08
2.2384,0.1788,9.958,324.39,49.81,87.93
2.2385,0.1095,8.055,9.00,259.06,7.97
2.2385,0.1260,19.105,9.61,10.11,38.96
2.2386,0.1489,3.496,144.59,182.48,190.60
2.2387,0.0528,7.122,51.83,327.02,160.42
2.2390,0.0477,10.749,98.91,105.72,20.04
2.2391,0.1978,19.569,122.86,166.52,96.10
2.2394,0.0852,9.262,257.00,93.31,120.61
2.2394,0.0740,13.956,259.90,346.93,333.10
2.2397,0.2365,22.091,174.57,306.72,4.83
2.2398,0.1536,7.252,211.83,58.05,180.30
2.2399,0.0308,11.671,79.50,272.43,140.91
2.2400,0.0443,3.280,76.12,107.62,234.76
2.2403,0.0427,15.301,262.92,314.88,129.05
2.2404,0.0865,20.615,357.16,84.23,226.36
2.2404,0.1810,9.744,156.68,38.53,284.88
2.2405,0.3046,8.287,18.17,215.35,293.35
2.2406,0.1508,13.742,217.84,273.53,93.83
2.2406,0.1161,13.838,147.26,194.91,240.19
2.2407,0.0664,0.335,31.71,196.45,249.18
2.2409,0.2295,16.957,179.97,60.67,318.62
2.2415,0.0551,19.136,190.99,242.40,282.04
2.2419,0.0397,21.362,293.32,228.61,266.37
2.2419,0.0610,4.173,266.33,183.94,129.88
2.2420,0.1002,14.872,24.47,14.52,78.27
2.2421,0.0616,23.365,113.08,303.29,19.11
2.2423,0.1129,12.509,337.74,309.12,272.33
2.2424,0.1058,6.813,87.67,53.89,56.18
2.2427,0.2446,2.598,219.51,322.09,147.23
2.2431,0.1542,17.235,223.55,21.23,169.95
2.2438,0.0456,6.988,191.91,104.61,334.00
2.2440,0.0977,4.256,192.16,132.99,104.32
2.2443,0.0793,9.038,309.05,293.14,157.78
2.2443,0.2379,15.576,274.88,155.90,190.95
2.2446,0.0729,2.470,343.44,249.85,44.22
2.2449,0.1618,7.314,315.81,95.83,17.50
2.2455,0.0401,17.609,176.34,237.69,287.53
2.2458,0.0326,8.103,267.03,260.67,208.78
2.2459,0.2305,8.479,229.68,105.47,189.77
2.2463,0.0878,23.669,281.56,186.37,10.72
2.2464,0.1537,10.025,325.29,167.08,279.40
2.2466,0.0821,4.259,228.92,287.51,323.92
2.2471,0.0954,7.045,34.25,63.42,274.51
2.2472,0.1267,3.849,130.46,81.67,139.73
2.2477,0.1907,11.851,348.10,262.88,171.47
2.2478,0.1399,7.835,305.67,290.46,285.18
2.2478,0.1451,13.956,346.87,326.24,282.42
2.2479,0.1733,9.236,29.58,129.77,112.18
2.2479,0.0887,5.015,107.09,319.61,301.12
2.2480,0.1216,9.591,228.18,286.65,190.47
2.2481,0.1048,4.536,53.74,132.18,302.96
2.2487,0.2971,11.196,93.07,13.57,64.12
2.2490,0.0844,0.897,209.49,332.17,358.50
2.2492,0.1645,6.532,143.25,322.36,93.34
2.2493,0.0318,1.957,163.38,136.98,127.61
2.2496,0.0526,13.504,20.80,191.84,156.24
2.2497,0.0722,6.951,173.36,43.29,256.15
2.2498,0.1351,12.203,2.54,90.38,187.07
2.2500,0.3154,6.925,261.17,52.88,19.46
2.2502,0.1041,2.579,91.92,327.00,73.27
2.2503,0.1111,11.107,114.75,235.79,121.19
2.2503,0.1295,9.630,301.08,27.62,246.47
2.2503,0.0985,7.725,234.22,36.27,278.68
2.2505,0.0609,24.759,350.74,303.46,137.29
2.2506,0.0763,3.671,215.40,209.89,182.22
2.2508,0.0932,12.084,27.50,183.94,10.24
2.2511,0.1669,12.340,274.89,314.69,9.51
2.2513,0.0846,18.225,162.68,148.57,282.60
2.2514,0.1985,13.535,48.65,183.12,127.46
2.2515,0.0622,11.527,291.47,287.24,71.49
2.2515,0.1296,13.497,309.32,63.17,358.16
2.2518,0.2994,18.530,226.08,223.17,237.39
2.2518,0.2453,13.768,224.58,132.98,37.35
2.2519,0.0821,11.042,193.21,326.13,204.66
2.2521,0.0261,9.633,38.38,167.72,202.56
2.2522,0.2752,1.695,181.40,239.32,219.48
2.2522,0.0812,22.848,17.96,20.16,309.41
2.2523,0.0837,11.517,322.36,128.49,343.58
2.2523,0.1967,8.349,132.00,256.17,187.10
2.2526,0.1480,23.650,272.78,105.92,288.04
2.2527,0.0843,18.165,4.21,335.41,272.72
2.2527,0.0832,24.384,185.82,207.69,211.00
2.2530,0.1538,22.187,201.85,103.31,293.23
2.2532,0.1262,12.938,286.63,203.02,106.61
2.2532,0.2494,15.745,274.38,31.74,336.68
2.2533,0.0430,10.062,296.08,248.30,237.72
2.2534,0.0881,14.023,316.80,247.99,18.01
2.2539,0.2069,4.406,3.50,198.80,102.68
2.2542,0.1129,21.012,38.13,143.13,15.22
2.2543,0.3306,16.670,256.55,20.43,109.90
2.2544,0.1389,5.995,96.82,170.33,153.69
2.2546,0.1256,10.003,317.17,98.77,197.92
2.2548,0.0317,9.558,143.23,7.84,137.03
2.2551,0.0631,16.790,258.91,201.34,121.38
2.2553,0.2402,4.866,49.47,16.81,285.30
2.2554,0.1753,7.143,73.98,123.19,353.74
2.2556,0.0086,15.368,47.09,314.19,192.10
2.2556,0.1374,11.176,276.96,84.94,266.61
2.2557,0.2482,11.293,281.88,314.78,173.22
2.2559,0.2103,7.372,251.05,266.46,304.15
2.2561,0.2129,16.587,174.99,20.63,281.87
2.2561,0.1353,22.866,81.31,100.68,29.86
2.2563,0.1625,14.123,165.29,152.61,29.85
2.2567,0.1591,5.554,322.58,89.79,316.54
2.2568,0.1701,6.097,147.31,338.93,171.17
2.2570,0.0446,12.158,31.30,132.15,158.43
2.2573,0.1463,15.763,300.26,285.40,318.04
2.2575,0.0605,15.212,50.58,50.26,233.57
2.2581,0.1260,10.282,339.01,190.43,319.20
2.2581,0.1892,19.832,316.18,280.79,39.56
2.2582,0.1353,7.060,206.86,227.46,155.78
2.2583,0.0474,11.032,118.89,95.68,64.15
2.2585,0.0514,10.795,33.09,118.83,323.53
2.2585,0.2024,14.158,148.06,55.44,105.34
2.2590,0.0911,13.760,69.03,202.19,296.86
2.2591,0.0462,13.210,352.08,96.97,235.00
2.2593,0.1455,23.951,153.97,227.04,265.52
2.2594,0.0549,2.275,299.86,293.51,245.85
2.2595,0.1118,7.593,90.53,89.43,105.94
2.2597,0.0180,31.842,290.37,175.91,168.64
2.2598,0.1285,4.261,204.55,3.61,115.29
2.2600,0.0476,10.895,282.29,149.02,301.43
2.2600,0.1795,14.526,227.30,100.28,189.94
2.2600,0.0514,5.966,195.64,286.18,120.30
2.2601,0.0755,9.319,325.18,111.20,276.57
2.2602,0.1674,18.541,99.48,234.38,283.30
2.2602,0.0257,21.833,325.80,265.30,204.22
2.2609,0.1706,8.341,226.99,305.31,151.86
2.2611,0.0866,11.894,285.86,12.07,276.08
2.2613,0.2148,18.447,32.00,264.83,29.05
2.2614,0.0332,7.882,116.15,247.97,86.29
2.2616,0.0887,14.156,125.78,131.14,241.63
2.2616,0.2199,14.347,295.42,96.34,64.66
2.2617,0.1104,8.923,161.28,225.09,215.08
2.2617,0.1651,6.025,225.60,3.68,128.00
2.2620,0.1822,11.352,160.48,107.71,93.97
2.2621,0.0429,5.487,66.51,30.15,97.12
2.2628,0.2318,6.033,77.23,4.01,73.45
2.2629,0.1420,5.115,328.49,173.35,295.94
2.2630,0.0566,12.288,92.26,133.93,252.83
2.2635,0.1601,15.900,226.84,39.40,67.80
2.2635,0.0590,7.783,146.85,161.21,250.99
2.2638,0.0259,2.193,82.61,355.55,193.06
2.2641,0.2351,10.217,97.27,106.19,256.56
2.2642,0.2559,18.333,129.79,181.03,18.31
2.2642,0.1436,2.881,352.37,249.32,295.91
2.2646,0.2845,2.795,58.98,95.99,1.13
2.2648,0.2283,15.899,199.98,302.83,288.06
2.2652,0.0759,7.237,234.37,292.21,242.62
2.2652,0.0473,5.501,179.72,191.65,297.41
2.2653,0.0817,3.983,114.80,277.14,27.08
2.2654,0.1929,6.103,189.27,10.41,240.18
2.2654,0.1117,3.213,22.97,156.01,231.62
2.2654,0.2363,9.120,268.10,46.99,92.16
2.2658,0.1306,17.704,19.53,214.45,229.24
2.2664,0.2403,18.445,285.67,91.86,263.88
2.2667,0.1321,5.297,33.98,67.45,175.28
2.2668,0.2841,25.642,208.87,291.69,154.62
2.2669,0.1412,23.450,2.93,135.99,242.04
2.2669,0.0412,9.055,309.17,164.97,37.87
2.2670,0.1348,12.967,171.33,13.58,215.30
2.2670,0.0704,10.577,51.65,37.31,194.83
2.2671,0.1380,14.367,72.20,168.73,305.11
2.2672,0.2018,2.624,221.11,314.09,322.61
2.2672,0.1645,5.833,53.62,75.27,29.73
2.2673,0.1607,16.138,176.03,240.17,350.74
2.2673,0.2531,11.203,184.47,246.36,14.49
2.2675,0.0983,13.666,24.95,350.49,299.40
2.2676,0.1171,15.495,344.56,331.82,269.79
2.2677,0.1112,11.385,59.63,30.13,284.10
2.2679,0.0522,8.369,129.71,47.27,133.40
2.2681,0.2589,12.456,57.22,214.12,226.01
2.2684,0.1621,6.372,154.42,31.31,294.74
2.2684,0.1143,8.535,88.65,202.10,35.21
2.2686,0.0517,10.002,104.55,47.18,199.27
2.2686,0.1334,8.521,196.07,300.41,149.36
2.2687,0.0412,4.184,56.88,202.41,18.02
2.2692,0.1875,12.093,58.09,139.00,32.52
2.2692,0.2065,19.649,321.70,313.53,229.24
2.2693,0.2685,9.136,94.20,337.37,154.18
2.2695,0.0447,14.109,84.89,332.59,200.41
2.2696,0.1685,18.049,37.13,92.00,223.92
2.2699,0.0185,1.155,345.27,294.74,47.22
2.2699,0.1206,4.189,321.07,128.94,115.99
2.2701,0.0479,18.311,302.39,287.97,66.35
2.2701,0.1402,24.398,159.45,223.88,87.81
2.2704,0.0501,16.570,353.67,79.79,296.12
2.2704,0.1268,12.371,76.46,229.34,102.04
2.2705,0.2491,22.802,164.28,8.03,284.37
2.2705,0.1385,6.669,344.79,186.00,27.93
2.2706,0.2267,15.818,199.77,225.89,26.70
2.2706,0.1155,3.589,305.26,53.62,201.87
2.2710,0.0872,11.169,310.93,170.65,20.04
2.2712,0.1399,17.124,68.00,21.70,305.23
2.2713,0.0551,14.841,16.41,96.30,8.84
2.2714,0.1432,14.865,120.58,39.57,37.84
2.2715,0.1409,8.949,282.41,45.68,307.13
2.2716,0.2909,14.096,299.95,89.09,341.80
2.2717,0.0180,11.502,68.17,135.66,72.52
2.2720,0.0554,12.855,129.28,342.76,43.35
2.2723,0.0791,8.858,102.14,7.56,172.29
2.2726,0.1453,22.862,293.59,359.05,89.25
2.2726,0.1293,17.033,21.14,178.58,12.85
2.2728,0.1891,10.188,293.56,255.19,96.60
2.2732,0.0785,12.025,9.99,37.81,194.69
2.2733,0.0843,3.072,37.31,172.29,75.69
2.2736,0.1113,12.215,24.75,26.19,295.59
2.2737,0.0891,16.439,265.27,104.29,119.82
2.2742,0.1276,17.818,6.02,275.01,316.47
2.2747,0.1286,6.938,161.63,183.73,51.26
2.2747,0.2664,14.606,326.40,134.15,294.36
2.2747,0.0849,1.817,9.59,154.58,3.16
2.2748,0.1360,17.183,314.01,40.91,271.16
2.2749,0.0955,1.816,164.57,281.06,28.04
2.2751,0.1435,12.026,328.15,331.69,92.68
2.2751,0.2415,11.619,175.70,181.19,152.87
2.2752,0.0620,6.549,346.35,147.46,58.86
2.2752,0.1504,8.422,179.45,16.57,247.44
2.2754,0.1956,6.456,308.24,330.27,20.52
2.2755,0.0595,5.817,266.91,88.50,231.47
2.2756,0.0078,3.802,313.09,194.46,255.95
2.2756,0.0629,9.724,273.25,33.95,66.98
2.2758,0.0990,9.326,129.73,117.23,337.29
2.2758,0.1833,15.377,148.37,250.73,243.58
2.2760,0.1375,5.532,325.10,191.64,355.96
2.2760,0.1512,12.770,191.98,133.91,353.07
2.2761,0.0510,2.041,138.29,189.29,166.84
2.2762,0.1138,12.506,298.14,63.82,243.31
2.2763,0.0574,4.971,231.36,111.33,245.12
2.2763,0.1279,11.122,137.18,28.55,125.33
2.2763,0.1624,24.671,42.25,20.11,24.72
2.2764,0.0819,8.090,97.91,10.25,227.47
2.2767,0.1667,13.836,101.58,98.88,17.63
2.2767,0.1610,11.609,120.38,191.13,220.83
2.2767,0.1987,9.083,7.51,135.24,146.01
2.2772,0.1203,10.090,111.68,213.49,238.55
2.2774,0.1021,13.673,236.11,59.87,322.14
2.2776,0.0984,10.981,169.39,20.81,270.89
2.2777,0.0945,25.093,65.45,236.46,141.57
2.2779,0.1253,5.162,84.34,95.86,31.62
2.2780,0.2294,4.833,107.20,260.35,284.76
2.2782,0.1220,3.393,308.82,240.14,148.87
2.2785,0.0801,9.217,43.75,344.42,185.69
2.2787,0.1444,12.901,78.05,14.84,16.63
2.2791,0.2121,8.953,159.26,13.59,67.19
2.2792,0.1873,10.951,244.45,23.67,301.42
2.2797,0.1939,18.425,182.99,243.85,277.08
2.2797,0.1130,16.555,317.65,346.62,200.51
2.2799,0.0838,5.998,201.86,211.53,146.34
2.2806,0.0612,14.791,54.13,117.84,150.12
2.2810,0.1434,16.807,250.68,184.02,107.22
2.2810,0.1481,7.335,333.11,277.29,237.10
2.2812,0.1775,11.245,263.43,141.85,67.30
2.2816,0.1118,11.056,97.62,214.10,216.22
2.2816,0.1174,14.617,120.17,111.33,348.21
2.2817,0.1376,10.298,272.38,155.51,119.94
2.2818,0.0538,3.826,194.12,193.31,310.24
2.2819,0.0545,7.904,333.61,10.48,96.15
2.2820,0.0534,1.908,8.89,359.44,39.15
2.2820,0.2967,4.714,229.89,172.29,132.82
2.2821,0.1187,4.698,225.67,9.90,98.14
2.2824,0.0841,15.797,166.38,235.81,140.68
2.2825,0.3379,6.789,108.08,309.29,358.07
2.2827,0.1508,4.315,108.31,152.40,308.88
2.2827,0.0825,10.778,349.43,118.40,244.71
2.2828,0.1639,9.068,305.99,332.59,153.12
2.2829,0.0834,10.530,192.35,65.95,301.72
2.2829,0.2224,9.842,12.23,296.94,67.45
2.2830,0.0676,14.517,34.01,188.38,319.96
2.2833,0.2438,8.456,69.46,48.52,31.93
2.2833,0.0825,3.124,228.98,330.73,91.61
2.2837,0.1853,1.401,103.83,264.19,30.97
2.2838,0.0941,7.406,107.09,305.80,98.88
2.2839,0.0370,1.430,94.43,264.39,210.13
2.2842,0.0540,6.578,315.42,269.37,123.03
2.2843,0.0405,5.426,107.21,280.96,310.11
2.2843,0.0758,11.186,309.28,276.67,342.19
2.2845,0.0454,8.459,247.47,158.07,205.20
2.2845,0.2250,7.325,154.33,254.51,354.35
2.2847,0.2377,7.148,356.17,192.03,73.17
2.2848,0.1319,7.268,19.71,60.37,254.02
2.2850,0.0098,5.482,300.86,180.88,243.61
2.2852,0.1161,22.283,212.81,90.59,79.02
2.2852,0.1506,10.137,5.27,14.39,153.12
2.2853,0.1328,8.551,353.79,200.77,133.42
2.2854,0.0762,6.566,161.94,165.08,229.15
2.2855,0.2111,10.152,157.39,331.07,269.26
2.2857,0.2214,13.807,354.35,86.71,201.41
2.2858,0.1636,6.945,97.24,11.63,176.47
2.2859,0.0835,12.665,85.43,252.48,264.93
2.2860,0.1113,10.628,40.42,119.97,196.77
2.2861,0.1572,6.872,140.69,116.36,164.46
2.2861,0.0947,7.389,286.57,223.42,31.64
2.2861,0.0528,13.219,76.78,245.84,252.73
2.2864,0.2926,7.967,53.79,65.72,94.59
2.2864,0.1523,7.364,140.54,233.59,329.03
2.2868,0.1769,5.222,191.90,355.30,159.48
2.2869,0.1181,11.259,220.97,164.43,9.08
2.2870,0.0900,14.092,160.08,43.62,222.69
2.2870,0.1162,9.160,48.11,306.43,51.94
2.2871,0.1895,3.811,274.72,215.85,72.47
2.2872,0.0465,8.235,294.95,162.25,73.52
2.2873,0.1696,9.788,238.15,183.06,15.75
2.2875,0.1394,16.491,245.24,168.52,121.99
2.2875,0.0903,9.147,97.16,88.37,150.10
2.2877,0.1749,6.954,68.80,183.23,224.75
2.2878,0.1754,13.499,91.44,148.01,72.84
2.2878,0.1767,7.606,184.86,340.65,0.81
2.2878,0.1307,12.961,216.32,253.83,232.78
2.2879,0.1191,0.186,45.45,253.41,285.77
2.2882,0.0499,2.074,241.06,199.03,214.60
2.2882,0.2672,19.217,163.38,68.05,185.14
2.2885,0.1086,10.107,74.10,179.21,129.31
2.2887,0.2219,16.271,32.36,334.85,145.02
2.2888,0.0670,8.254,234.42,61.26,24.74
2.2891,0.0202,4.546,8.53,66.57,179.95
2.2892,0.1419,3.050,262.31,50.04,186.48
2.2892,0.1664,11.713,72.08,182.81,354.78
2.2894,0.1860,11.628,174.17,332.13,239.53
2.2894,0.0810,3.861,51.55,140.31,181.89
2.2899,0.2282,6.365,137.52,114.76,17.44
2.2901,0.1260,18.734,151.19,320.32,11.98
2.2902,0.2391,10.278,91.42,206.88,176.85
2.2903,0.1465,11.887,21.78,30.41,24.24
2.2905,0.0870,7.080,1.61,131.00,194.83
2.2909,0.1958,11.635,37.17,8.90,187.08
2.2912,0.1754,7.093,130.95,356.06,309.52
2.2914,0.1759,6.032,159.40,159.30,185.50
2.2915,0.0945,19.723,86.35,347.67,242.98
2.2916,0.1222,4.384,193.12,87.62,26.51
2.2919,0.1855,9.405,181.52,210.88,90.65
2.2921,0.0468,6.820,163.58,59.61,158.74
2.2923,0.1132,10.523,16.54,271.91,3.23
2.2923,0.3261,15.071,211.45,292.10,289.01
2.2926,0.1720,13.841,153.89,279.65,64.60
2.2927,0.0524,3.160,309.21,100.98,200.43
2.2932,0.0028,8.925,162.07,354.28,223.39
2.2932,0.0644,14.143,307.59,68.53,12.37
2.2932,0.1239,2.890,341.96,296.50,176.46
2.2933,0.2079,7.066,20.94,211.13,288.07
2.2935,0.1339,17.841,309.43,166.77,70.17
2.2935,0.1098,20.285,119.83,270.89,228.64
2.2935,0.3091,5.140,91.39,148.24,317.72
2.2941,0.0965,7.345,350.26,150.88,148.43
2.2941,0.1932,14.653,237.33,123.70,359.92
2.2943,0.0730,2.864,316.02,299.95,318.41
2.2944,0.1638,9.379,238.57,281.05,20.40
2.2948,0.1779,19.290,286.20,288.64,197.88
2.2949,0.2159,9.760,280.93,32.40,324.46
2.2951,0.0602,17.656,288.65,193.52,209.31
2.2952,0.1137,23.006,246.93,13.61,21.93
2.2953,0.1409,7.387,224.18,32.88,256.59
2.2953,0.0363,14.657,355.21,138.35,259.27
2.2955,0.1055,8.973,260.94,238.02,221.34
2.2958,0.1132,6.214,113.16,286.12,307.07
2.2959,0.1568,6.915,48.21,70.45,165.59
2.2961,0.1057,14.677,246.77,272.50,306.60
2.2962,0.2415,5.635,325.71,98.31,118.90
2.2962,0.1728,10.248,314.26,122.69,45.51
2.2965,0.2219,6.518,103.53,324.41,300.95
2.2966,0.0476,3.707,163.10,65.88,53.18
2.2967,0.0328,8.375,221.54,162.78,130.76
2.2967,0.1382,6.748,86.96,274.32,346.21
2.2967,0.1966,3.116,2.48,137.90,130.85
2.2968,0.0740,4.893,84.40,110.11,107.25
2.2972,0.0622,15.855,249.79,265.90,259.39
2.2973,0.2331,1.888,171.98,130.08,154.43
2.2974,0.2449,6.335,16.13,74.10,56.06
2.2976,0.0810,2.845,52.03,145.37,357.31
2.2976,0.2652,11.046,17.30,51.79,33.87
2.2977,0.2719,11.877,116.64,185.92,72.15
2.2987,0.1540,8.217,207.06,97.34,272.18
2.2989,0.1709,3.065,44.82,286.74,248.51
2.2989,0.0766,14.416,226.89,264.38,312.38
2.2994,0.1585,1.286,43.61,302.92,160.23
2.2994,0.2165,11.317,124.66,127.13,145.27
2.2994,0.0798,6.826,27.24,306.16,341.85
2.2996,0.2129,1.689,87.16,261.72,104.40
2.2998,0.0331,2.781,300.30,86.86,53.69
2.2998,0.2517,5.397,239.54,314.82,7.47
2.2999,0.0880,0.879,55.81,208.92,276.29
2.2999,0.1705,13.042,244.70,16.96,79.61
2.3000,0.1965,14.113,170.07,6.23,308.02
2.3000,0.0889,10.791,150.49,47.97,129.69
2.3001,0.0766,8.249,253.54,323.13,347.05
2.3003,0.1598,17.988,344.69,8.16,71.06
2.3003,0.1907,17.396,144.77,115.34,181.93
2.3004,0.1095,15.952,343.83,36.37,91.68
2.3004,0.1699,15.930,133.41,229.38,263.38
2.3004,0.0935,2.942,325.06,291.55,226.25
2.3008,0.1312,12.429,84.23,294.99,115.31
2.3009,0.2018,12.402,82.80,250.05,334.47
2.3010,0.0928,5.290,84.04,124.83,356.72
2.3012,0.0699,7.703,22.90,98.23,323.52
2.3012,0.1246,2.785,295.13,328.91,138.88
2.3012,0.0690,7.452,263.42,281.52,14.94
2.3013,0.0223,4.964,247.91,12.14,225.60
2.3019,0.2739,10.301,233.62,89.53,19.09
2.3019,0.1630,7.269,280.94,283.07,18.62
2.3021,0.1287,8.472,107.10,9.77,311.70
2.3027,0.0475,11.797,228.61,87.48,306.00
2.3029,0.0703,5.273,278.35,79.31,169.92
2.3030,0.1567,21.550,224.71,244.20,224.33
2.3032,0.0624,11.753,311.27,234.11,133.03
2.3036,0.1777,16.914,171.48,239.52,66.46
2.3037,0.0778,11.190,179.41,147.30,37.64
2.3040,0.2008,17.186,6.63,355.38,271.00
2.3042,0.0926,7.216,238.40,166.69,277.92
2.3043,0.1108,2.620,123.49,48.66,31.00
2.3044,0.1013,16.973,354.63,85.00,64.94
2.3045,0.2080,13.689,16.24,339.12,106.69
2.3046,0.1726,9.828,342.33,118.92,194.43
2.3049,0.0910,8.332,275.89,92.11,239.64
2.3054,0.1251,10.629,60.96,354.71,191.90
2.3054,0.1878,10.693,68.00,269.94,153.93
2.3058,0.2082,17.836,247.03,306.90,39.79
2.3061,0.2134,8.396,232.06,204.78,331.79
2.3061,0.1739,5.405,72.58,359.35,122.57
2.3062,0.1138,8.781,95.95,252.04,130.48
2.3063,0.1539,8.439,16.75,160.86,346.64
2.3064,0.0496,15.462,294.57,168.95,159.46
2.3065,0.0231,11.859,269.21,64.50,232.23
2.3068,0.1413,5.241,141.36,27.60,238.81
2.3071,0.0683,15.106,206.28,145.19,66.98
2.3072,0.0294,7.571,63.70,193.18,230.05
2.3074,0.0709,8.516,77.16,198.72,263.38
2.3075,0.1840,13.772,268.85,109.76,291.17
2.3076,0.1085,4.919,336.89,29.28,104.03
2.3077,0.1094,9.570,28.64,196.34,73.40
2.3077,0.1221,9.841,188.71,241.16,213.87
2.3079,0.0531,8.873,91.30,130.70,347.82
2.3080,0.2753,7.276,337.41,143.75,145.61
2.3080,0.0694,12.069,109.80,54.51,290.46
2.3081,0.1674,4.909,181.82,240.50,102.64
2.3083,0.1107,3.677,167.03,113.21,29.76
2.3086,0.2052,11.270,158.69,353.50,64.56
2.3086,0.1078,6.188,292.08,193.91,25.99
2.3089,0.0681,10.750,50.66,185.52,67.51
2.3090,0.1374,15.802,313.52,94.89,111.11
2.3091,0.2419,17.263,18.44,14.60,114.56
2.3095,0.1108,9.710,237.74,15.67,241.07
2.3095,0.1381,11.656,47.47,224.76,89.84
2.3095,0.0269,14.654,238.26,194.93,172.50
2.3097,0.0815,7.921,101.58,45.24,161.30
2.3097,0.1224,10.943,335.01,347.19,180.06
2.3097,0.1535,13.794,173.45,282.72,139.84
2.3098,0.0308,14.992,250.09,260.55,319.53
2.3098,0.0880,13.443,98.48,186.58,36.02
2.3099,0.0356,15.945,248.07,276.59,232.52
2.3101,0.1216,14.429,148.89,48.11,256.78
2.3101,0.1006,7.210,340.19,322.29,71.64
2.3108,0.1399,15.173,328.56,191.09,18.42
2.3109,0.0382,17.983,185.14,237.66,60.54
2.3109,0.1126,9.282,128.48,10.91,267.91
2.3110,0.1111,9.915,315.02,171.16,205.36
2.3113,0.1623,11.889,124.20,243.78,162.56
2.3120,0.0625,16.268,234.43,307.27,25.84
2.3120,0.1194,10.607,281.33,155.41,121.72
2.3120,0.1176,7.921,156.03,116.67,0.49
2.3121,0.0556,17.360,290.41,260.65,153.82
2.3122,0.0210,13.562,226.49,153.46,149.17
2.3124,0.0720,1.263,119.04,74.97,322.24
2.3125,0.0875,5.912,264.72,75.47,287.43
2.3128,0.1569,7.469,258.36,298.38,200.23
2.3128,0.2140,8.196,328.61,50.87,103.78
2.3129,0.0842,11.160,21.03,186.94,258.97
2.3129,0.0680,7.881,358.40,188.74,169.05
2.3130,0.1046,5.596,301.44,61.81,179.08
2.3131,0.1173,9.999,158.93,278.41,289.56
2.3131,0.1135,7.532,69.79,211.56,49.05
2.3132,0.1706,6.131,34.57,275.67,205.26
2.3132,0.1711,12.536,75.77,65.63,215.91
2.3134,0.1918,17.207,159.85,182.90,62.33
2.3135,0.0709,19.889,319.05,304.82,170.78
2.3138,0.0847,18.408,25.12,27.42,307.40
2.3139,0.1062,1.858,144.51,301.63,41.19
2.3139,0.0983,6.136,356.63,74.30,212.02
2.3139,0.1199,2.972,30.62,126.76,339.86
2.3139,0.2479,3.153,160.53,301.99,309.49
2.3140,0.1563,6.406,248.08,118.52,279.70
2.3140,0.1284,14.429,333.96,103.13,265.97
2.3144,0.0548,6.304,110.39,42.04,222.75
2.3146,0.0814,11.632,151.49,70.67,101.06
2.3148,0.1014,8.740,317.81,331.14,314.40
2.3151,0.0682,10.514,185.79,236.96,243.46
2.3152,0.1986,2.375,68.37,71.14,94.13
2.3154,0.0976,12.753,187.83,264.45,40.41
2.3156,0.2140,8.801,228.50,118.89,275.69
2.3157,0.0848,11.351,305.58,310.63,23.03
2.3157,0.2102,18.899,89.35,304.97,315.83
2.3158,0.1360,6.143,249.09,168.85,4.87
2.3160,0.1978,10.763,359.24,82.00,3.12
2.3161,0.0310,21.915,338.69,295.37,131.44
2.3162,0.0963,6.764,252.07,257.12,346.18
2.3163,0.0982,2.616,338.52,282.23,313.69
2.3164,0.1146,6.887,220.31,314.76,345.32
2.3164,0.1459,4.533,14.27,287.15,124.03
2.3165,0.0712,1.881,208.20,61.57,318.81
2.3165,0.0840,4.492,187.56,1.13,178.48
2.3168,0.0514,4.013,130.68,169.12,101.59
2.3169,0.0447,4.572,50.40,320.11,179.60
2.3169,0.0280,15.980,226.16,255.69,359.68
2.3171,0.1492,13.575,328.71,197.45,307.88
2.3173,0.1473,17.312,46.23,180.90,359.05
2.3174,0.2794,12.008,199.94,137.05,132.00
2.3174,0.0455,9.389,69.71,82.47,355.77
2.3176,0.2546,10.563,315.84,242.41,284.35
2.3176,0.1742,16.167,57.64,254.81,28.36
2.3176,0.0510,19.055,150.94,210.15,233.51
2.3176,0.1345,8.152,265.36,6.81,219.89
2.3177,0.1358,13.293,252.91,215.33,71.04
2.3177,0.1367,6.214,10.40,248.97,118.40
2.3178,0.1148,10.970,338.53,200.87,143.42
2.3179,0.2130,7.023,236.73,296.53,23.88
2.3183,0.0659,11.285,66.11,187.18,220.67
2.3184,0.2457,12.027,328.88,237.36,289.91
2.3185,0.0674,7.578,345.93,18.22,259.26
2.3186,0.1157,3.595,148.70,171.83,223.67
2.3186,0.1955,15.450,0.73,8.65,357.45
2.3186,0.0774,20.856,109.80,329.37,270.91
2.3188,0.1577,7.423,32.21,240.49,340.19
2.3189,0.2002,4.938,300.65,338.38,232.33
2.3190,0.0745,10.358,214.03,275.06,210.76
2.3191,0.0844,5.383,112.34,79.32,255.71
2.3191,0.1524,7.564,160.74,257.17,133.66
2.3192,0.1055,13.723,194.26,323.76,309.35
2.3193,0.0915,2.200,20.73,23.22,142.41
2.3194,0.1843,9.367,77.19,164.25,62.73
2.3195,0.2132,20.552,239.72,60.44,180.02
2.3195,0.1767,23.779,271.50,46.92,336.43
2.3195,0.0453,10.595,332.73,346.95,250.09
2.3197,0.0684,17.083,113.26,28.60,188.69
2.3198,0.0697,9.143,190.66,9.30,224.08
2.3202,0.0535,14.581,164.67,322.03,320.36
2.3204,0.1111,11.713,106.40,73.84,354.21
2.3210,0.0206,13.714,329.61,158.02,175.89
2.3212,0.2661,11.187,180.66,27.20,294.34
2.3213,0.1252,7.037,336.26,68.79,135.45
2.3214,0.0884,1.555,198.27,233.53,190.97
2.3217,0.1690,6.910,338.85,304.49,225.35
2.3219,0.1258,4.088,252.08,311.11,210.68
2.3219,0.1049,18.235,318.33,277.48,32.21
2.3220,0.2669,17.703,279.75,323.18,350.47
2.3220,0.1833,4.723,240.07,309.77,68.17
2.3223,0.0689,9.611,64.35,110.03,20.10
2.3224,0.1799,14.541,308.81,279.53,267.76
2.3225,0.0957,15.257,139.33,260.55,189.08
2.3226,0.1153,7.570,127.71,310.50,80.73
2.3227,0.1036,10.496,324.06,311.85,15.92
2.3227,0.2620,4.703,82.28,138.88,129.55
2.3229,0.1096,4.532,287.38,234.07,132.92
2.3231,0.1361,10.957,295.41,232.04,162.29
2.3231,0.0865,21.972,222.84,97.30,84.51
2.3232,0.1832,19.500,42.45,241.46,269.22
2.3233,0.1151,11.407,175.93,271.85,282.01
2.3234,0.1559,12.236,161.89,45.47,25.93
2.3237,0.1841,19.088,86.87,252.76,225.57
2.3239,0.0841,7.287,49.80,88.38,303.27
2.3240,0.0422,9.831,19.18,351.66,70.67
2.3242,0.1770,12.434,137.89,353.44,30.94
2.3243,0.1891,18.826,86.71,194.66,161.12
2.3245,0.0908,16.118,51.68,40.86,113.00
2.3245,0.1501,5.792,345.86,9.42,23.47
2.3246,0.0469,30.954,24.48,70.13,227.55
2.3250,0.1114,7.626,218.38,149.29,254.11
2.3252,0.0445,7.825,324.06,125.38,205.01
2.3254,0.1107,1.870,162.90,4.71,136.08
2.3256,0.0541,6.161,51.79,135.11,42.37
2.3261,0.1593,7.586,74.23,85.35,134.35
2.3263,0.1690,1.892,14.61,257.85,175.35
2.3267,0.1795,5.968,296.63,220.75,120.08
2.3268,0.0425,14.954,219.76,333.55,165.71
2.3270,0.0558,22.440,64.17,137.03,328.35
2.3270,0.1136,6.965,231.94,63.05,351.54
2.3276,0.1350,19.399,320.29,45.66,260.00
2.3277,0.1159,8.710,138.44,301.14,272.05
2.3277,0.0769,10.152,15.61,320.72,66.39
2.3278,0.1361,15.865,322.83,127.38,20.93
2.3280,0.0806,23.032,230.59,94.77,16.13
2.3282,0.0740,4.733,231.62,349.08,86.07
2.3285,0.0968,15.479,272.50,203.48,312.14
2.3286,0.2702,11.220,152.44,3.76,34.66
2.3290,0.0615,7.924,106.74,298.31,38.69
2.3291,0.0571,17.836,100.71,337.81,50.81
2.3293,0.2117,5.669,95.00,298.20,37.18
2.3293,0.0887,13.389,203.99,346.23,248.56
2.3294,0.1334,2.923,141.98,218.15,52.86
2.3298,0.1953,3.408,355.07,44.49,135.91
2.3299,0.1001,20.197,264.87,110.84,280.88
2.3300,0.2139,17.937,261.93,261.53,57.37
2.3301,0.1413,11.691,323.92,24.51,174.24
2.3305,0.0233,10.482,266.76,337.45,207.73
2.3305,0.0077,14.057,257.76,129.59,65.88
2.3307,0.1295,9.902,30.30,47.24,176.15
2.3308,0.2078,14.840,213.77,191.01,116.79
2.3308,0.0790,6.957,221.91,301.99,112.42
2.3312,0.1806,14.915,247.42,19.09,66.37
2.3313,0.1394,14.098,102.13,353.14,284.20
2.3316,0.1183,2.970,99.86,85.43,146.26
2.3318,0.0616,6.960,113.44,16.33,136.33
2.3319,0.2073,4.525,185.21,76.17,315.00
2.3320,0.3115,11.637,55.11,225.21,54.35
2.3322,0.1017,16.081,108.20,320.60,353.08
2.3323,0.1798,17.045,21.51,304.73,26.75
2.3324,0.0210,9.416,40.81,200.02,64.07
2.3324,0.1246,9.396,52.66,26.98,179.66
2.3324,0.1040,17.339,78.00,292.35,230.43
2.3325,0.1556,23.814,31.53,214.93,203.39
2.3329,0.0282,6.375,29.32,299.12,103.53
2.3331,0.0893,3.853,49.11,8.07,224.48
2.3331,0.0822,11.924,194.47,43.08,54.24
2.3331,0.1022,6.467,259.29,83.73,109.87
2.3332,0.0957,2.318,290.42,336.04,198.83
2.3332,0.0634,19.870,121.80,211.08,183.35
2.3333,0.1959,9.821,314.99,129.50,59.88
2.3333,0.0616,17.616,118.83,134.87,166.65
2.3334,0.1707,5.063,53.78,218.18,3.86
2.3338,0.0894,15.770,44.07,72.91,188.38
2.3338,0.1154,8.253,142.07,175.73,342.11
2.3339,0.0861,9.588,157.68,111.47,6.16
2.3339,0.0585,16.610,346.95,25.63,215.88
2.3340,0.2480,12.527,314.70,58.62,322.55
2.3341,0.2928,14.224,337.44,243.78,201.08
2.3341,0.1173,15.804,146.88,134.84,63.66
2.3343,0.1311,4.459,27.79,356.85,196.68
2.3343,0.1709,19.375,29.14,106.35,110.79
2.3344,0.0985,14.213,41.43,9.42,86.31
2.3345,0.1721,13.117,101.70,13.71,89.16
2.3345,0.0425,8.659,337.20,107.12,357.70
2.3349,0.0933,3.739,300.91,134.54,130.72
2.3350,0.1322,7.735,353.12,146.19,303.20
2.3352,0.1579,2.802,226.48,312.18,108.58
2.3353,0.1277,16.576,169.53,21.74,289.67
2.3355,0.1755,4.164,38.14,76.75,170.51
2.3356,0.0920,12.815,287.53,99.86,120.05
2.3358,0.0890,6.167,43.83,148.88,62.85
2.3359,0.0944,3.787,7.13,74.69,117.94
2.3365,0.0452,7.204,302.82,41.29,324.92
2.3366,0.0460,5.667,356.26,36.89,201.10
2.3367,0.2949,4.134,87.18,46.01,60.21
2.3369,0.0653,4.150,128.16,319.62,180.58
2.3370,0.1485,8.546,0.41,329.76,134.21
2.3370,0.0639,5.073,88.32,92.01,256.09
2.3371,0.1346,16.648,153.65,133.76,183.86
2.3372,0.0918,4.723,291.71,260.71,70.02
2.3373,0.2026,11.170,293.03,134.37,349.18
2.3375,0.0777,16.275,134.27,244.87,244.22
2.3376,0.0921,9.729,52.05,308.95,198.01
2.3378,0.0647,12.181,193.30,204.05,269.06
2.3378,0.2588,10.809,101.52,45.81,176.68
2.3380,0.1763,22.086,240.36,201.69,114.83
2.3381,0.1234,3.346,24.73,256.80,229.11
2.3382,0.1706,8.570,242.38,177.40,77.34
2.3382,0.1857,15.122,141.63,335.00,178.94
2.3382,0.0756,13.960,228.84,290.41,255.83
2.3385,0.0742,22.268,55.72,63.29,353.08
2.3385,0.1046,9.627,310.88,136.63,242.13
2.3386,0.0565,9.856,141.50,71.16,14.04
2.3390,0.1917,20.272,273.17,192.95,180.18
2.3390,0.1673,8.033,240.98,224.83,359.95
2.3391,0.0959,17.399,51.94,90.87,215.64
2.3392,0.1496,9.837,204.06,3.92,137.44
2.3392,0.2165,2.636,182.28,155.55,233.94
2.3399,0.3334,12.935,252.33,136.85,52.26
2.3406,0.1571,14.788,179.31,308.32,121.79
2.3407,0.2446,6.018,33.46,289.45,101.15
2.3408,0.1364,9.664,38.28,124.86,47.74
2.3410,0.1038,15.709,14.94,171.09,190.36
2.3411,0.1026,13.449,289.99,11.21,196.26
2.3412,0.1322,12.927,181.17,180.06,2.81
2.3414,0.2758,17.543,114.69,149.37,156.81
2.3415,0.1348,18.980,74.70,221.94,244.27
2.3415,0.0596,4.113,326.67,273.27,278.42
2.3416,0.2599,12.891,223.73,24.06,1.52
2.3417,0.1969,12.140,108.40,259.88,176.95
2.3420,0.0690,4.340,257.32,201.66,276.51
2.3421,0.0824,7.429,255.73,187.25,250.45
2.3421,0.0775,17.972,247.50,161.31,308.47
2.3425,0.1198,7.896,359.35,74.61,269.00
2.3426,0.1231,5.671,5.34,3.40,186.20
2.3428,0.0225,7.946,109.03,225.53,308.75
2.3428,0.0635,5.272,236.86,286.76,71.36
2.3430,0.3278,6.924,83.71,172.33,240.94
2.3430,0.0687,4.481,64.57,186.88,132.93
2.3431,0.0967,5.145,312.12,265.56,75.31
2.3431,0.2201,1.885,252.16,195.81,345.47
2.3434,0.0942,19.546,131.11,23.83,211.78
2.3434,0.0741,4.346,28.49,187.61,192.61
2.3437,0.0654,21.878,159.12,216.01,28.47
2.3437,0.1291,5.317,89.98,14.78,116.46
2.3437,0.0501,18.501,140.40,49.69,260.20
2.3438,0.1163,6.948,158.55,162.25,223.19
2.3440,0.2731,26.217,109.36,65.24,107.08
2.3440,0.1137,12.550,9.84,197.19,109.45
2.3441,0.2184,23.985,144.55,347.00,86.60
2.3444,0.0147,11.990,76.54,359.06,263.44
2.3444,0.0639,10.956,263.19,344.44,328.88
2.3444,0.0866,10.902,215.93,69.27,215.61
2.3445,0.0147,8.434,103.87,285.83,157.53
2.3445,0.1345,6.637,262.10,7.88,67.37
2.3447,0.1006,4.307,238.44,318.50,82.43
2.3448,0.1672,2.296,267.73,15.62,2.74
2.3448,0.0495,14.308,229.82,196.19,158.55
2.3452,0.1119,11.473,59.20,181.30,231.02
2.3452,0.3194,12.020,248.49,10.78,9.58
2.3452,0.0782,13.635,325.81,333.71,319.74
2.3454,0.0643,17.619,325.01,74.20,65.72
2.3455,0.2196,25.013,190.87,219.38,206.16
2.3455,0.0442,12.722,302.24,140.73,41.37
2.3455,0.0196,11.553,120.87,16.73,152.67
2.3455,0.0235,10.464,40.39,95.59,186.39
2.3456,0.0912,9.769,73.80,328.47,166.01
2.3456,0.1572,28.617,278.41,343.92,315.93
2.3456,0.0936,7.254,242.13,40.60,275.13
2.3457,0.1318,6.910,274.07,115.43,70.97
2.3465,0.0821,19.421,53.32,46.39,77.69
2.3469,0.0415,12.449,79.89,312.77,268.57
2.3472,0.1548,9.242,41.37,303.72,328.08
2.3473,0.0279,6.127,89.89,79.99,168.12
2.3475,0.2016,10.105,32.35,259.11,172.09
2.3475,0.2265,4.016,194.66,61.14,260.08
2.3479,0.0728,0.969,306.60,281.49,203.71
2.3480,0.1263,2.335,228.60,102.79,269.55
2.3481,0.1506,7.367,342.15,201.28,167.27
2.3481,0.1586,9.030,154.58,89.21,249.57
2.3485,0.1462,13.967,219.58,219.05,242.79
2.3487,0.1844,9.951,218.32,197.21,142.80
2.3487,0.1130,17.185,49.58,29.44,175.42
2.3488,0.0589,16.086,189.09,57.17,200.20
2.3490,0.0562,14.806,116.08,50.15,104.43
2.3491,0.2498,5.358,260.59,38.83,116.25
2.3491,0.1134,12.459,257.49,173.36,195.87
2.3493,0.1963,9.876,283.50,293.26,311.09
2.3493,0.0670,10.703,312.34,211.55,227.10
2.3500,0.1337,6.252,228.57,174.19,212.38
2.3501,0.0319,13.945,194.80,24.72,67.68
2.3502,0.0134,20.178,312.55,195.15,102.66
2.3506,0.0368,10.658,276.61,147.03,3.69
2.3506,0.0709,28.452,359.89,248.79,40.52
2.3506,0.0734,8.122,17.25,234.39,174.53
2.3507,0.2900,7.997,137.26,324.38,123.43
2.3508,0.1666,14.577,249.91,154.81,101.74
2.3508,0.1522,19.622,173.69,318.14,0.93
2.3509,0.0595,8.823,358.82,218.28,98.83
2.3510,0.0845,17.258,323.85,281.34,194.89
2.3511,0.1720,5.039,318.11,167.81,323.30
2.3513,0.0063,5.355,193.82,185.32,89.25
2.3514,0.2544,10.309,289.18,268.84,7.42
2.3516,0.0857,19.034,304.27,107.31,43.53
2.3517,0.0544,4.956,158.53,111.05,99.79
2.3519,0.0405,7.257,194.16,14.27,289.81
2.3523,0.1749,6.197,150.79,165.51,292.34
2.3525,0.1935,4.195,181.36,104.65,156.33
2.3527,0.1272,27.481,154.93,312.05,139.73
2.3527,0.1684,2.347,4.13,194.69,301.95
2.3528,0.0666,8.217,243.03,280.94,227.30
2.3529,0.0521,4.725,239.23,94.19,55.37
2.3530,0.1321,10.338,141.42,8.35,194.51
2.3531,0.0508,12.900,87.67,230.81,1.91
2.3531,0.2342,5.966,37.87,264.03,322.28
2.3531,0.0503,10.137,277.64,335.74,153.34
2.3531,0.1493,20.710,187.46,106.99,333.38
2.3532,0.0408,4.988,145.66,247.94,262.33
2.3536,0.0246,5.068,341.90,187.16,184.78
2.3537,0.0443,6.966,153.29,228.62,32.84
2.3538,0.0582,6.117,290.40,259.85,238.86
2.3541,0.1318,17.837,85.76,347.27,225.18
2.3542,0.1446,8.136,132.49,116.43,335.56
2.3542,0.1533,8.259,133.76,277.71,84.74
2.3543,0.0927,12.803,248.35,112.20,46.60
2.3543,0.0556,2.678,59.29,54.85,355.01
2.3544,0.0512,10.191,307.12,95.95,330.14
2.3545,0.1239,2.555,233.79,277.90,43.11
2.3545,0.0583,11.139,148.40,142.75,255.00
2.3545,0.0905,9.465,233.01,331.00,145.13
2.3545,0.0403,12.511,270.73,38.74,171.29
2.3546,0.1401,3.724,116.60,216.16,167.76
2.3547,0.1820,5.216,213.02,166.41,4.88
2.3548,0.1463,6.271,219.90,224.36,101.21
2.3549,0.1965,3.696,259.55,4.40,350.65
2.3549,0.1060,2.147,64.02,220.21,202.58
2.3550,0.1886,16.110,203.78,43.49,292.80
2.3550,0.1063,15.792,30.92,79.95,28.07
2.3552,0.1373,9.182,261.40,186.31,243.68
2.3553,0.1650,8.107,77.51,83.58,71.62
2.3555,0.1583,12.625,277.20,5.22,272.65
2.3558,0.0721,20.442,249.11,182.24,266.95
2.3559,0.0871,7.766,147.60,78.97,51.00
2.3564,0.0915,8.540,203.23,254.18,339.51
2.3569,0.0894,5.798,313.96,187.96,198.12
2.3569,0.0938,14.857,153.58,29.62,302.77
2.3570,0.0387,8.603,106.37,226.39,288.55
2.3570,0.1009,14.939,29.90,142.86,192.08
2.3571,0.1653,10.477,140.96,172.71,258.08
2.3573,0.1747,9.511,299.11,91.40,344.38
2.3577,0.1054,1.864,344.92,160.87,359.00
2.3578,0.3489,5.544,9.40,100.35,305.44
2.3578,0.1760,5.178,305.49,46.20,38.67
2.3578,0.1980,11.985,226.44,116.01,13.88
2.3579,0.1342,8.041,227.44,240.84,275.49
2.3581,0.0949,11.454,99.76,28.57,159.56
2.3582,0.1089,14.996,354.18,172.17,239.75
2.3586,0.1551,6.871,241.00,119.62,138.14
2.3586,0.0925,10.908,105.24,138.20,352.75
2.3586,0.2432,3.912,88.20,110.64,125.83
2.3592,0.2084,11.492,305.38,44.62,108.95
2.3594,0.0920,18.745,339.53,208.09,124.22
2.3594,0.1198,9.471,306.73,222.07,80.58
2.3597,0.1394,4.024,30.46,329.45,27.12
2.3598,0.0941,5.844,29.85,90.00,292.16
2.3598,0.1508,5.838,37.71,222.27,79.71
2.3600,0.0877,8.633,270.55,32.90,183.28
2.3601,0.1047,22.563,163.28,159.35,196.50
2.3603,0.1004,14.238,89.00,340.88,35.26
2.3605,0.0217,5.598,174.17,28.94,180.17
2.3606,0.1033,8.896,29.73,265.35,276.69
2.3606,0.1783,7.955,88.93,301.02,171.05
2.3606,0.0571,11.563,78.19,26.87,169.98
2.3606,0.0702,9.803,67.39,320.09,48.75
2.3608,0.1085,3.123,72.55,30.02,55.61
2.3609,0.1231,8.665,50.39,277.19,188.73
2.3610,0.2532,14.701,65.41,78.63,219.43
2.3611,0.2428,19.634,309.22,324.89,186.65
2.3611,0.0906,6.442,183.09,150.19,241.55
2.3613,0.1153,2.677,154.75,352.36,321.79
2.3613,0.0069,5.646,264.68,143.92,153.87
2.3618,0.1175,12.059,43.97,41.06,229.78
2.3625,0.1351,10.158,358.84,144.59,166.66
2.3626,0.0487,4.005,147.56,192.48,273.63
2.3628,0.1794,17.602,328.20,73.92,205.15
2.3630,0.0670,14.093,93.74,175.64,54.36
2.3630,0.1772,14.372,167.00,190.60,64.16
2.3631,0.0434,8.088,319.12,218.46,326.12
2.3632,0.0362,8.557,205.60,47.47,317.89
2.3632,0.1401,9.942,205.23,339.35,342.12
2.3633,0.1573,4.713,260.98,59.06,150.93
2.3633,0.1234,18.621,251.40,22.70,20.41
2.3633,0.1814,20.314,111.42,315.68,76.23
2.3634,0.1491,13.864,270.49,196.97,241.27
2.3635,0.1106,18.208,266.98,28.63,113.90
2.3636,0.0962,14.711,223.30,165.37,253.52
2.3639,0.0882,7.221,91.34,247.27,334.42
2.3639,0.0538,14.640,218.34,245.18,134.83
2.3639,0.1629,1.507,73.21,8.34,320.39
2.3641,0.0996,8.268,159.37,180.10,26.73
2.3641,0.0746,16.299,226.68,163.18,81.88
2.3644,0.0313,13.752,355.59,215.52,118.24
2.3645,0.2862,8.383,233.60,102.19,36.24
2.3654,0.1086,8.222,19.33,342.95,336.50
2.3654,0.0951,11.162,180.82,339.42,37.34
2.3655,0.0789,3.722,132.32,211.08,231.83
2.3657,0.2030,3.888,64.53,19.60,125.39
2.3658,0.1064,8.828,159.28,319.22,128.68
2.3658,0.1257,14.141,176.11,156.37,146.05
2.3659,0.1316,10.164,115.27,29.15,193.11
2.3659,0.1522,2.045,220.66,228.34,189.66
2.3663,0.1078,15.255,358.67,41.93,47.51
2.3666,0.0706,4.662,80.44,302.88,40.70
2.3666,0.2063,19.075,320.19,340.61,349.40
2.3667,0.1379,2.699,217.18,138.12,89.94
2.3668,0.0189,19.740,295.22,139.64,96.59
2.3674,0.1949,10.955,44.65,339.07,347.59
2.3675,0.0747,5.853,232.11,192.49,31.11
2.3676,0.2486,13.865,58.01,161.49,48.01
2.3679,0.1730,6.417,342.63,204.96,221.02
2.3681,0.2309,12.757,283.75,343.87,231.57
2.3684,0.0486,0.667,6.56,37.18,95.67
2.3685,0.1768,7.165,22.34,171.82,104.97
2.3687,0.0329,6.538,262.60,145.00,235.54
2.3688,0.1333,5.010,196.98,84.31,285.37
2.3689,0.1070,14.114,63.66,286.47,306.39
2.3689,0.0107,14.915,96.81,116.76,156.16
2.3690,0.0572,7.647,351.37,6.21,301.80
2.3690,0.1668,26.996,340.56,21.99,271.14
2.3691,0.0408,13.228,132.55,299.86,356.85
2.3692,0.0944,3.625,219.90,91.90,118.08
2.3692,0.1679,20.042,128.73,156.75,315.08
2.3693,0.1568,11.178,273.58,194.74,158.86
2.3693,0.2408,15.157,69.97,327.57,93.56
2.3694,0.1208,1.925,196.74,147.19,238.64
2.3694,0.1162,3.494,165.94,37.11,158.15
2.3694,0.1687,4.350,323.64,40.09,345.44
2.3694,0.1683,12.691,228.02,121.59,331.87
2.3694,0.0193,4.718,278.75,281.55,49.64
2.3696,0.0543,14.139,233.08,143.04,342.42
2.3697,0.1768,7.125,176.94,263.84,55.39
2.3698,0.1482,12.527,98.22,194.34,279.31
2.3698,0.0142,17.035,122.78,95.53,144.54
2.3698,0.1321,12.620,270.40,95.48,173.62
2.3700,0.2335,7.611,210.17,235.23,234.35
2.3702,0.2139,12.330,225.38,113.25,263.03
2.3703,0.0700,10.566,159.63,150.00,304.07
2.3703,0.2086,4.077,227.75,146.04,132.99
2.3703,0.0606,8.685,125.19,3.92,256.84
2.3705,0.0867,5.414,277.95,212.73,92.64
2.3707,0.1233,1.116,319.46,353.73,308.51
2.3709,0.0908,14.938,354.88,115.56,183.35
2.3711,0.0458,1.537,93.96,3.03,220.07
2.3711,0.1669,5.261,192.89,96.31,166.36
2.3719,0.1110,9.874,120.07,244.43,326.84
2.3719,0.2255,22.037,323.63,267.33,23.91
2.3719,0.0969,21.818,6.83,208.06,249.13
2.3720,0.2209,10.375,253.00,274.67,199.03
2.3720,0.1999,6.582,164.93,319.74,246.98
2.3721,0.1788,3.734,251.89,106.43,58.18
2.3723,0.1736,5.813,277.71,119.19,85.91
2.3726,0.0756,3.006,99.52,57.13,246.70
2.3727,0.1705,9.808,144.90,57.78,285.88
2.3732,0.3118,2.752,271.94,100.59,235.60
2.3733,0.1362,10.528,323.34,309.58,171.42
2.3736,0.1158,21.035,262.93,212.59,343.60
2.3736,0.1090,12.991,254.39,125.06,300.95
2.3738,0.1002,16.708,195.91,326.26,163.11
2.3739,0.1703,27.741,231.79,100.82,40.06
2.3739,0.0472,13.817,266.81,233.43,113.74
2.3742,0.1512,2.539,197.68,157.67,53.46
2.3743,0.1687,14.005,113.68,91.61,53.06
2.3744,0.1844,2.504,3.30,27.29,304.01
2.3744,0.1147,13.629,238.00,236.39,224.46
2.3744,0.1040,5.550,108.19,353.56,107.47
2.3744,0.1783,12.419,82.27,283.56,353.91
2.3745,0.1712,3.594,53.18,300.82,296.10
2.3747,0.1401,6.197,338.30,129.06,163.00
2.3750,0.2388,14.425,54.17,294.64,305.80
2.3753,0.1207,18.701,15.87,52.58,6.40
2.3753,0.1941,21.057,178.16,39.80,104.52
2.3754,0.0709,12.022,31.22,68.55,301.80
2.3755,0.1924,13.168,239.84,205.85,317.48
2.3756,0.0978,9.049,229.90,134.77,297.73
2.3757,0.2081,8.356,79.87,164.39,340.82
2.3757,0.1057,5.184,82.18,8.27,193.50
2.3758,0.0736,9.446,180.98,120.47,339.31
2.3761,0.0918,9.908,346.84,100.02,237.34
2.3765,0.1242,4.949,23.28,13.18,42.71
2.3766,0.0786,19.249,140.87,147.74,198.83
2.3766,0.0612,10.398,311.08,287.39,84.46
2.3768,0.1051,20.760,84.90,236.83,261.37
2.3769,0.0689,8.127,101.56,341.39,320.03
2.3770,0.0468,7.694,106.24,169.26,305.13
2.3773,0.2820,17.958,257.22,57.24,253.38
2.3775,0.2576,5.075,66.32,323.53,150.35
2.3777,0.2692,6.854,287.53,37.19,220.34
2.3779,0.1297,10.288,355.62,309.70,43.56
2.3780,0.1815,4.268,315.05,121.01,0.64
2.3782,0.1979,11.259,142.04,335.08,175.37
2.3782,0.3266,22.670,57.68,264.87,350.00
2.3783,0.1527,8.597,237.62,125.69,243.25
2.3784,0.1480,10.693,121.23,265.37,141.95
2.3784,0.1817,12.071,57.08,319.73,95.11
2.3785,0.1088,7.509,93.98,313.02,66.09
2.3786,0.1502,8.651,44.43,69.91,123.13
2.3787,0.0305,10.535,180.35,305.80,26.16
2.3789,0.3380,13.153,100.92,299.96,159.45
2.3789,0.1605,6.803,13.07,195.65,70.73
2.3790,0.1848,8.396,283.93,46.95,107.73
2.3793,0.1000,4.381,49.72,210.76,151.05
2.3793,0.1541,2.656,105.34,26.82,110.33
2.3798,0.1762,9.968,172.36,185.37,84.61
2.3800,0.1667,12.573,252.95,350.02,46.41
2.3801,0.1274,8.034,68.03,105.26,134.10
2.3803,0.0470,14.790,69.74,105.80,15.47
2.3805,0.1260,11.199,93.61,83.37,269.62
2.3806,0.0195,5.893,310.58,54.92,143.20
2.3807,0.0684,13.469,350.59,153.68,317.03
2.3807,0.2274,12.955,71.50,284.87,119.18
2.3808,0.0904,12.356,59.31,286.63,293.13
2.3809,0.1151,15.848,196.56,41.00,102.47
2.3810,0.2209,2.523,30.51,294.31,243.64
2.3812,0.1155,6.111,71.34,279.35,326.84
2.3812,0.1927,10.639,347.78,215.46,357.30
2.3814,0.1249,13.776,62.13,105.47,217.02
2.3814,0.0659,13.728,336.22,140.59,151.97
2.3815,0.0689,6.651,87.04,300.34,150.41
2.3815,0.0890,7.977,123.57,353.17,154.35
2.3816,0.0134,11.382,119.08,105.59,21.90
2.3818,0.2316,5.771,225.18,284.26,98.80
2.3820,0.0731,5.716,322.47,45.53,66.85
2.3823,0.0785,15.236,315.47,240.85,340.16
2.3823,0.0884,6.863,37.00,157.64,161.62
2.3824,0.0512,11.065,14.49,311.31,127.19
2.3824,0.1482,12.423,108.27,24.58,23.41
2.3833,0.1199,12.275,165.28,317.20,53.48
2.3834,0.2224,8.985,134.06,286.50,237.50
2.3836,0.1837,9.067,116.14,0.78,329.27
2.3836,0.1719,8.227,13.11,108.17,127.54
2.3837,0.0687,12.358,29.56,101.39,74.21
2.3837,0.1240,4.516,208.95,218.97,166.04
2.3839,0.1688,5.507,140.13,148.59,270.95
2.3841,0.3277,18.337,232.59,237.92,146.41
2.3842,0.1013,19.122,289.59,39.45,73.80
2.3843,0.2331,13.284,210.79,164.48,306.14
2.3846,0.1327,11.663,106.07,330.34,197.11
2.3847,0.3200,9.548,83.35,192.34,353.53
2.3848,0.1497,9.062,62.55,120.54,90.95
2.3848,0.1165,10.268,150.24,347.89,33.54
2.3848,0.1225,1.939,310.65,14.81,350.75
2.3848,0.2144,12.001,18.00,326.20,255.48
2.3850,0.1144,7.785,174.61,189.21,324.17
2.3850,0.0234,3.179,277.25,128.77,111.34
2.3852,0.2629,4.754,86.50,129.63,239.77
2.3853,0.0644,10.173,235.52,145.78,249.37
2.3855,0.1585,12.487,119.26,186.25,15.52
2.3855,0.0654,1.251,134.58,11.59,359.34
2.3857,0.0630,7.111,38.20,349.57,142.01
2.3858,0.0207,12.270,65.24,33.90,20.60
2.3858,0.1561,15.413,21.34,205.58,28.52
2.3859,0.1814,3.502,319.15,159.66,291.55
2.3859,0.2782,14.958,171.41,2.67,316.22
2.3860,0.0999,23.618,158.81,47.65,2.99
2.3861,0.1702,9.159,216.90,54.76,1.54
2.3862,0.1409,9.621,149.13,220.49,302.03
2.3863,0.1766,8.335,298.96,231.65,306.35
2.3863,0.2148,2.949,28.99,14.40,199.86
2.3864,0.2526,13.743,227.57,314.02,230.31
2.3866,0.0776,13.192,275.50,183.59,99.19
2.3866,0.1202,4.856,187.69,31.81,86.55
2.3866,0.0848,14.070,56.27,71.33,142.91
2.3867,0.0896,7.669,186.20,92.19,350.76
2.3868,0.1342,8.166,343.56,65.68,171.12
2.3870,0.0889,16.982,193.06,147.54,102.71
2.3871,0.0240,10.727,115.07,270.13,329.12
2.3873,0.1892,18.981,58.67,213.87,276.86
2.3874,0.1489,9.559,286.29,132.62,82.05
2.3874,0.0762,7.660,104.27,9.33,109.26
2.3875,0.1768,6.395,10.49,80.98,187.98
2.3875,0.2610,14.240,15.44,192.53,305.84
2.3876,0.1953,18.399,239.33,287.95,287.61
2.3876,0.0691,9.107,39.57,253.80,319.30
2.3876,0.1399,7.605,6.22,185.96,62.66
2.3878,0.1936,16.944,182.59,304.53,127.43
2.3880,0.0943,21.472,97.65,33.06,36.42
2.3885,0.1270,5.187,50.44,213.72,277.69
2.3887,0.2050,20.243,86.17,261.40,232.11
2.3890,0.1064,8.002,106.45,68.31,132.23
2.3892,0.2295,15.686,265.01,350.53,301.30
2.3894,0.0960,9.587,227.74,180.69,286.05
2.3894,0.0369,3.557,316.06,216.92,139.22
2.3895,0.0534,7.726,346.96,152.79,140.07
2.3898,0.0642,12.479,98.74,332.83,66.13
2.3898,0.1211,10.906,224.31,175.58,120.67
2.3900,0.1507,8.736,294.56,120.06,228.25
2.3900,0.1139,7.089,166.31,115.01,110.35
2.3902,0.0873,8.688,253.82,75.62,115.18
2.3903,0.1661,22.233,331.92,72.28,130.03
2.3904,0.1877,14.563,290.17,270.22,48.57
2.3904,0.0380,11.692,139.08,181.13,9.52
2.3905,0.0359,12.698,205.11,29.56,294.14
2.3907,0.2406,12.241,351.50,76.73,285.01
2.3908,0.0576,5.638,136.63,356.11,303.49
2.3913,0.1061,3.997,16.38,216.73,284.84
2.3913,0.1060,8.485,93.46,145.95,64.94
2.3914,0.1270,12.257,85.77,101.80,321.89
2.3915,0.0809,6.386,298.61,156.48,238.88
2.3917,0.1068,3.644,89.94,231.83,242.84
2.3917,0.2460,21.096,234.64,204.54,148.98
2.3919,0.1496,9.663,63.17,271.92,237.47
2.3921,0.0742,7.507,214.56,98.06,344.33
2.3924,0.1735,4.631,80.44,58.69,143.22
2.3924,0.1448,9.860,39.93,113.35,36.84
2.3925,0.2614,14.299,64.99,57.36,355.62
2.3926,0.0450,6.394,337.55,50.23,180.92
2.3926,0.0512,9.996,150.40,137.90,238.50
2.3927,0.1087,9.405,145.98,336.04,56.37
2.3928,0.1985,20.716,75.96,155.31,161.84
2.3931,0.1682,10.126,262.41,212.16,296.00
2.3935,0.1019,9.035,342.35,12.91,240.84
2.3938,0.1628,6.636,341.57,302.32,87.60
2.3939,0.1167,13.078,173.13,351.31,233.88
2.3942,0.0320,10.463,255.41,156.78,302.00
2.3943,0.2368,4.459,252.04,181.47,27.97
2.3945,0.3273,22.936,196.17,170.19,137.92
2.3948,0.2428,2.425,222.87,353.02,330.48
2.3949,0.0456,16.070,161.33,192.89,116.58
2.3951,0.0437,9.246,295.12,2.68,358.94
2.3955,0.0705,14.750,13.48,229.98,138.35
2.3957,0.1759,4.865,38.79,288.30,285.72
2.3961,0.1824,14.626,95.73,103.82,28.99
2.3961,0.2598,15.808,122.76,202.31,341.63
2.3963,0.1731,10.532,249.59,182.14,41.03
2.3965,0.1558,10.447,40.35,215.75,276.42
2.3966,0.2543,13.430,339.67,80.28,84.35
2.3968,0.0370,11.557,137.22,349.25,205.42
2.3969,0.0292,9.742,267.11,236.64,90.95
2.3971,0.0946,17.678,152.59,101.77,28.54
2.3972,0.1539,1.442,13.88,336.56,252.89
2.3973,0.1246,23.236,288.30,168.12,198.65
2.3975,0.0775,10.464,134.99,355.15,22.26
2.3976,0.2908,12.194,183.04,36.21,21.31
2.3979,0.0387,8.463,263.18,177.12,43.19
2.3981,0.1320,2.292,146.28,57.26,23.10
2.3985,0.1299,12.693,106.62,330.47,48.94
2.3985,0.1002,11.322,309.55,2.68,264.17
2.3986,0.2440,9.851,117.44,164.61,283.14
2.3986,0.3066,3.226,143.49,70.99,64.45
2.3986,0.1089,14.590,262.60,299.93,201.22
2.3989,0.0939,5.294,149.56,78.77,167.64
2.3993,0.1387,16.850,356.22,206.41,47.11
2.3999,0.1630,8.625,103.19,51.54,124.82
2.3999,0.2726,9.164,203.92,237.94,346.12
2.3999,0.0882,11.762,95.27,208.15,99.07
2.4000,0.0166,17.312,165.73,80.67,218.85
2.4004,0.1808,6.784,274.53,219.43,257.21
2.4004,0.1143,10.707,201.10,350.69,280.38
2.4005,0.1309,19.350,239.65,231.06,23.78
2.4007,0.1151,23.302,57.99,84.71,196.57
2.4009,0.1901,2.984,8.30,263.36,102.62
2.4010,0.1125,7.261,32.71,325.63,13.41
2.4010,0.1569,4.683,114.03,101.80,253.10
2.4010,0.0895,2.796,239.27,92.63,151.62
2.4012,0.0577,5.403,191.60,134.01,321.21
2.4013,0.0374,6.130,358.09,305.06,307.25
2.4015,0.1543,13.514,134.00,303.22,81.04
2.4017,0.1065,6.256,281.93,222.39,234.77
2.4018,0.1140,1.659,216.34,331.14,64.61
2.4018,0.0958,4.168,20.29,234.44,256.96
2.4019,0.1679,7.813,256.18,216.43,12.24
2.4023,0.1147,20.369,111.82,76.83,270.20
2.4024,0.2276,7.413,34.80,188.76,250.83
2.4027,0.0687,5.133,192.41,334.33,93.58
2.4030,0.1656,13.059,292.11,173.20,116.83
2.4031,0.1280,6.490,187.83,251.58,139.45
2.4034,0.1751,12.610,276.14,347.23,264.39
2.4036,0.0536,8.648,263.48,268.43,170.87
2.4041,0.0681,6.105,2.11,182.75,89.42
2.4044,0.1492,3.870,300.00,313.76,160.29
2.4044,0.1749,8.214,125.33,164.19,357.78
2.4044,0.1543,13.529,354.50,62.13,214.70
2.4048,0.1082,4.646,358.67,259.14,196.53
2.4048,0.0453,9.927,199.05,46.19,32.20
2.4049,0.1503,10.409,68.67,155.52,71.80
2.4050,0.0562,1.580,126.35,309.19,106.19
2.4053,0.0491,4.377,295.05,150.84,194.29
2.4055,0.2459,8.770,280.53,13.28,121.24
2.4055,0.1820,13.548,50.32,245.58,249.34
2.4057,0.1135,1.522,246.89,285.71,270.04
2.4058,0.1469,7.429,63.48,297.96,88.35
2.4058,0.0952,10.472,166.89,100.83,216.65
2.4060,0.1141,9.859,206.46,219.04,238.07
2.4061,0.2682,7.278,0.26,206.40,302.74
2.4061,0.0233,16.886,215.19,49.47,232.18
2.4062,0.1857,15.280,250.93,1.69,188.30
2.4063,0.0979,11.979,128.31,248.55,331.45
2.4070,0.0765,9.691,309.78,323.55,297.71
2.4071,0.2169,10.484,84.31,55.84,79.82
2.4072,0.0588,18.467,203.55,17.39,249.08
2.4072,0.1545,12.819,61.45,14.26,224.14
2.4074,0.2838,6.434,249.88,245.86,250.48
2.4074,0.2178,9.771,274.28,25.01,352.28
2.4075,0.1256,2.943,180.60,209.32,227.10
2.4075,0.0315,15.563,218.28,24.78,161.76
2.4076,0.1133,3.683,295.89,79.50,50.64
2.4076,0.0665,3.781,223.18,125.94,139.89
2.4077,0.0824,5.322,80.65,135.15,157.91
2.4078,0.0879,8.056,246.68,341.13,108.22
2.4080,0.2923,16.707,10.25,100.90,22.83
2.4080,0.1271,17.414,171.58,178.57,348.66
2.4080,0.1286,7.494,95.11,158.78,282.26
2.4081,0.0602,9.757,87.93,271.87,62.65
2.4083,0.0731,20.622,267.68,184.80,283.89
2.4084,0.1329,2.308,117.35,332.84,325.02
2.4085,0.0474,12.637,289.09,31.87,216.68
2.4086,0.0447,14.815,333.46,150.43,235.04
2.4088,0.1716,12.674,336.76,359.81,145.95
2.4089,0.1634,4.763,27.59,98.42,283.47
2.4090,0.2653,16.164,147.29,234.88,177.14
2.4092,0.0536,16.319,323.93,42.59,213.87
2.4093,0.1119,13.834,358.64,103.25,57.42
2.4093,0.0568,20.904,305.90,183.62,128.14
2.4094,0.1062,8.353,206.41,300.40,222.61
2.4094,0.0927,6.532,65.95,359.41,141.57
2.4096,0.0989,13.175,229.42,302.66,126.68
2.4097,0.1236,7.587,98.83,247.37,250.89
2.4098,0.0796,6.879,167.60,208.23,208.93
2.4098,0.1570,15.055,217.14,9.25,352.38
2.4102,0.0356,12.291,212.14,350.15,54.56
2.4102,0.0943,3.891,338.01,149.64,175.94
2.4103,0.2103,9.932,175.86,165.79,49.15
2.4105,0.1172,6.766,24.60,90.19,25.46
2.4105,0.1173,3.787,169.78,209.43,104.10
2.4105,0.1369,8.630,216.81,245.12,72.24
2.4108,0.0732,7.620,187.98,275.10,353.87
2.4108,0.0827,22.934,329.98,129.54,83.09
2.4109,0.1766,5.400,78.15,208.49,259.29
2.4109,0.0653,7.490,86.55,345.09,202.28
2.4111,0.1362,14.191,352.01,46.23,339.85
2.4111,0.1455,12.002,148.25,291.09,124.92
2.4112,0.1887,11.001,21.82,300.74,303.97
2.4112,0.1584,15.336,347.02,117.89,276.75
2.4112,0.1243,8.491,242.52,334.72,286.94
2.4115,0.0249,9.303,136.50,93.28,271.61
2.4117,0.1673,5.651,162.75,242.94,142.23
2.4117,0.1838,23.465,43.76,210.04,216.85
2.4119,0.0900,8.852,45.17,92.17,262.73
2.4119,0.0478,0.147,245.80,135.24,358.22
2.4120,0.1537,25.570,70.61,33.92,90.76
2.4120,0.3419,5.769,341.36,84.18,190.23
2.4121,0.0670,13.243,90.27,341.46,17.73
2.4124,0.2645,14.161,167.60,295.82,128.49
2.4126,0.2699,8.337,279.71,116.22,227.64
2.4126,0.1182,11.832,165.16,35.93,189.71
2.4126,0.0188,23.657,105.38,86.00,124.25
2.4127,0.1506,8.392,198.02,95.24,351.20
2.4128,0.2482,9.835,14.57,348.32,244.34
2.4130,0.1735,9.671,185.48,58.47,336.38
2.4131,0.0659,4.903,8.28,344.81,256.49
2.4131,0.0059,11.226,170.83,346.86,127.08
2.4133,0.1242,12.530,246.32,79.89,98.07
2.4134,0.2464,5.649,17.56,230.68,203.37
2.4136,0.2102,12.224,106.08,283.56,214.92
2.4137,0.1481,6.162,218.29,54.36,306.02
2.4137,0.0722,5.368,132.01,1.38,291.66
2.4138,0.1596,6.156,70.18,170.47,120.76
2.4141,0.1584,15.328,157.43,13.82,32.47
2.4141,0.1061,8.135,275.75,76.93,302.83
2.4142,0.1428,6.993,45.57,41.69,125.17
2.4144,0.1266,14.079,150.27,338.07,60.54
2.4145,0.1763,11.207,11.10,333.16,176.21
2.4146,0.0806,15.650,249.18,209.00,323.39
2.4147,0.0496,7.618,177.42,13.49,130.12
2.4147,0.0685,19.404,341.87,70.19,304.06
2.4147,0.1526,11.236,359.37,201.06,327.69
2.4148,0.2170,7.493,113.72,90.28,133.19
2.4149,0.2052,2.873,259.81,72.77,294.34
2.4149,0.2182,8.144,96.46,128.07,184.68
2.4149,0.0657,13.408,357.46,221.30,254.39
2.4150,0.1550,4.593,142.02,303.36,7.80
2.4150,0.0328,3.161,133.95,129.43,6.72
2.4152,0.1018,11.325,252.70,13.11,277.68
2.4152,0.0486,19.842,318.15,91.17,15.51
2.4155,0.0573,16.118,238.60,91.60,147.95
2.4156,0.0974,19.025,316.65,76.34,307.64
2.4160,0.2280,31.450,242.85,88.06,73.72
2.4163,0.0494,6.014,265.50,98.27,321.17
2.4163,0.1707,5.198,90.69,166.88,316.75
2.4165,0.1649,15.211,341.99,184.02,122.27
2.4166,0.1339,11.851,181.44,170.13,35.54
2.4168,0.0879,10.165,301.86,164.09,92.08
2.4168,0.1193,7.172,219.60,81.64,45.08
2.4169,0.0513,5.670,235.44,103.44,51.93
2.4172,0.2379,13.132,70.38,40.89,123.21
2.4173,0.1760,5.794,193.75,344.58,311.72
2.4173,0.0967,9.876,35.25,327.40,216.59
2.4173,0.1992,3.681,41.11,65.33,167.65
2.4174,0.1701,2.735,239.48,13.35,349.00
2.4176,0.1848,8.449,308.76,84.05,258.33
2.4177,0.0844,15.048,59.31,264.22,225.61
2.4179,0.1321,9.187,343.82,197.04,275.90
2.4180,0.2126,16.419,340.84,296.30,230.74
2.4183,0.0788,4.757,183.35,215.62,74.93
2.4186,0.0879,6.739,252.49,226.20,122.55
2.4187,0.0259,12.890,229.70,12.97,189.81
2.4191,0.2956,21.744,13.60,91.69,194.59
2.4193,0.0848,5.480,16.53,174.95,92.66
2.4194,0.2609,21.245,15.87,195.77,289.30
2.4194,0.0625,14.790,118.14,232.44,52.74
2.4199,0.1487,15.058,87.91,298.56,253.73
2.4200,0.2525,16.268,7.58,65.87,212.36
2.4201,0.1362,9.381,75.42,209.13,315.28
2.4205,0.0413,14.819,269.55,195.66,0.42
2.4205,0.1192,11.668,299.63,84.41,133.00
2.4206,0.1196,7.088,141.35,89.87,346.32
2.4207,0.1181,10.457,270.32,197.41,79.17
2.4207,0.1690,9.648,58.06,329.70,111.99
2.4209,0.2375,2.853,19.20,176.93,5.96
2.4209,0.1188,7.194,246.27,276.03,358.55
2.4209,0.0753,9.926,158.99,173.67,33.18
2.4210,0.1516,8.503,141.26,135.81,49.13
2.4211,0.2492,8.600,18.06,327.62,201.06
2.4211,0.0454,9.888,26.87,264.22,261.89
2.4212,0.2062,22.766,139.27,98.59,55.54
2.4213,0.1136,12.435,74.89,257.10,279.90
2.4213,0.1436,21.802,43.45,301.14,107.73
2.4215,0.0382,9.312,177.01,60.57,157.55
2.4216,0.3006,14.656,106.77,36.04,114.41
2.4217,0.3438,2.891,60.47,96.91,175.57
2.4217,0.1889,12.011,166.07,310.34,11.12
2.4219,0.0212,6.549,300.71,17.96,82.42
2.4220,0.3439,11.751,5.69,7.22,346.03
2.4220,0.1240,14.233,175.21,51.65,3.84
2.4221,0.2184,12.283,187.66,213.74,123.10
2.4221,0.1850,11.078,187.64,191.13,277.77
2.4225,0.0921,7.235,70.95,148.21,283.56
2.4225,0.2219,2.846,65.50,257.88,98.19
2.4225,0.1071,15.351,152.49,53.33,299.29
2.4225,0.0365,4.558,267.70,136.10,247.83
2.4226,0.1962,6.410,152.72,203.38,354.73
2.4226,0.1757,18.925,88.02,218.50,290.79
2.4227,0.0475,12.622,309.24,150.55,180.08
2.4227,0.1030,13.527,248.87,163.58,253.60
2.4229,0.1800,4.579,175.61,305.37,358.59
2.4230,0.1769,7.436,3.05,231.44,145.98
2.4230,0.1714,16.587,23.60,31.83,359.02
2.4232,0.1617,3.374,3.94,267.17,62.88
2.4232,0.1376,3.006,259.16,33.83,169.48
2.4236,0.1238,17.438,39.64,314.58,356.59
2.4236,0.1118,18.545,338.49,116.14,246.80
2.4237,0.1385,23.562,177.26,3.90,97.84
2.4238,0.0665,17.711,292.25,193.96,249.89
2.4239,0.2594,17.545,225.18,262.65,136.49
2.4240,0.0939,8.628,323.95,70.92,283.42
2.4240,0.0383,7.107,199.38,308.49,243.48
2.4240,0.1688,12.088,271.67,43.87,307.52
2.4242,0.1767,3.395,106.33,32.25,220.37
2.4244,0.2007,17.222,242.38,298.80,260.61
2.4244,0.0661,27.202,239.08,134.98,3.51
2.4245,0.2695,10.848,253.38,126.73,1.50
2.4246,0.1332,13.513,240.45,216.36,84.98
2.4247,0.2882,20.275,95.68,282.38,93.99
2.4248,0.0797,14.260,347.65,101.49,195.97
2.4248,0.0772,3.449,283.84,345.16,177.48
2.4250,0.1733,6.209,135.49,113.26,258.87
2.4251,0.2503,12.177,7.63,277.67,315.31
2.4252,0.1751,14.996,6.22,330.34,219.14
2.4253,0.3073,9.258,246.48,354.10,166.75
2.4254,0.1502,13.979,316.11,128.61,58.12
2.4254,0.1180,14.764,288.44,168.90,328.30
2.4256,0.1239,26.225,305.99,359.16,201.47
2.4259,0.0525,13.442,270.21,116.58,32.13
2.4261,0.0510,3.177,108.28,34.84,125.21
2.4261,0.0755,7.200,233.79,116.38,90.26
2.4262,0.2767,7.262,247.07,353.66,163.29
2.4264,0.1352,5.052,340.87,92.37,154.34
2.4264,0.0542,7.168,271.44,15.20,278.97
2.4265,0.0118,18.921,313.85,191.46,161.37
2.4265,0.0455,19.110,281.47,94.08,325.98
2.4266,0.1679,7.869,27.86,43.39,253.13
2.4267,0.1365,8.054,103.06,351.76,160.85
2.4269,0.1923,18.673,320.64,358.21,178.07
2.4270,0.1602,2.980,188.16,68.06,285.57
2.4270,0.0394,7.060,4.54,101.38,92.42
2.4270,0.0335,5.991,301.87,200.46,285.47
2.4270,0.1804,27.060,281.18,19.64,5.92
2.4273,0.1863,11.136,195.04,257.07,311.64
2.4276,0.0369,10.322,202.48,193.98,303.56
2.4276,0.0835,3.422,120.72,216.98,202.08
2.4276,0.0867,9.090,348.65,158.21,242.29
2.4278,0.1276,16.906,130.81,119.92,194.22
2.4279,0.1352,16.633,213.54,24.07,315.44
2.4280,0.0816,4.794,11.05,200.97,179.49
2.4280,0.1527,25.394,61.71,102.80,97.72
2.4283,0.1886,5.161,257.44,16.36,170.64
2.4288,0.1018,12.736,93.48,106.33,320.37
2.4288,0.0908,8.293,272.57,110.26,270.10
2.4289,0.1181,11.599,126.14,39.68,270.88
2.4291,0.1141,5.392,216.64,342.64,46.35
2.4292,0.1870,10.079,186.51,274.03,78.29
2.4292,0.1730,16.846,343.58,52.55,258.03
2.4293,0.2404,3.758,90.87,344.06,32.27
2.4297,0.0831,2.826,324.45,72.49,315.51
2.4297,0.1015,11.688,328.59,325.35,169.45
2.4298,0.1508,6.071,273.38,9.36,301.57
2.4298,0.2859,4.117,355.69,184.22,154.91
2.4299,0.1253,12.317,314.85,174.63,31.48
2.4299,0.2481,14.728,138.29,36.03,240.13
2.4299,0.0700,1.929,2.59,47.52,121.03
2.4300,0.1742,2.495,219.03,55.83,208.66
2.4307,0.0649,8.402,48.59,298.05,11.87
2.4309,0.0768,13.172,150.06,113.87,223.83
2.4310,0.1540,17.326,202.45,32.24,294.10
2.4311,0.1706,22.433,24.97,46.23,0.03
2.4311,0.0606,10.422,240.41,359.48,180.30
2.4316,0.0749,10.549,224.26,119.12,52.27
2.4316,0.2079,3.347,119.57,159.77,335.00
2.4324,0.2807,8.412,298.48,336.56,35.22
2.4327,0.3166,8.298,37.91,192.14,124.54
2.4327,0.1775,21.340,42.86,110.84,333.07
2.4329,0.0918,17.024,289.34,226.27,191.20
2.4330,0.1607,4.938,5.72,358.30,225.64
2.4333,0.1806,14.881,1.69,270.30,172.16
2.4333,0.0986,19.940,262.56,330.78,290.07
2.4335,0.0513,8.742,195.14,31.27,183.99
2.4338,0.1477,4.178,28.02,6.00,35.61
2.4338,0.1313,14.441,228.47,325.59,174.37
2.4340,0.1582,11.926,160.17,123.80,183.58
2.4341,0.0655,6.952,279.76,305.50,46.91
2.4341,0.0142,18.931,155.72,5.13,210.40
2.4342,0.0949,9.922,299.27,199.82,104.50
2.4342,0.1147,3.264,193.95,318.97,78.81
2.4343,0.1648,16.064,299.42,159.37,113.43
2.4344,0.2202,15.161,119.86,63.55,217.88
2.4345,0.1524,13.288,171.62,257.11,333.61
2.4346,0.1299,12.534,355.82,314.57,175.80
2.4348,0.1640,10.601,9.59,38.71,328.79
2.4348,0.1780,12.197,264.97,120.85,89.12
2.4350,0.3041,4.670,191.32,167.48,155.59
2.4352,0.0333,9.062,140.85,115.00,192.43
2.4352,0.0982,9.540,15.55,128.69,21.75
2.4355,0.1185,13.379,148.87,345.11,72.63
2.4359,0.1193,19.984,102.56,201.10,207.71
2.4360,0.0366,9.656,212.59,147.91,44.12
2.4361,0.2746,11.475,253.89,197.18,32.43
2.4361,0.1262,6.896,255.34,20.16,89.75
2.4362,0.0527,6.814,190.48,277.03,90.09
2.4365,0.0429,5.414,109.26,19.09,172.91
2.4368,0.1430,13.720,112.32,281.03,331.68
2.4368,0.2250,19.810,229.61,99.69,210.55
2.4371,0.1901,15.670,245.34,189.74,181.96
2.4371,0.1236,17.415,222.11,291.44,57.25
2.4372,0.0717,9.223,281.66,325.42,286.71
2.4374,0.2509,9.222,311.97,3.46,77.54
2.4375,0.0474,8.216,82.67,283.61,153.83
2.4385,0.0656,7.321,75.03,137.35,263.58
2.4385,0.1831,15.757,345.77,317.70,178.52
2.4386,0.1463,14.756,191.58,91.55,328.11
2.4388,0.1332,3.174,334.26,260.21,87.24
2.4388,0.1578,16.328,131.01,323.72,84.72
2.4388,0.1252,16.890,302.91,65.74,50.99
2.4389,0.0358,4.693,42.42,115.68,41.84
2.4390,0.0430,4.905,347.29,299.74,59.24
2.4392,0.0734,17.215,297.88,335.08,306.97
2.4392,0.1180,7.684,183.22,177.61,163.29
2.4393,0.1693,9.107,85.05,148.41,320.56
2.4394,0.0788,6.523,106.71,320.48,295.78
2.4394,0.2688,5.591,334.85,85.33,350.10
2.4395,0.0491,7.720,55.25,256.83,240.46
2.4396,0.2424,0.913,64.59,150.39,293.01
2.4400,0.1855,14.662,159.85,9.45,222.24
2.4400,0.1387,16.104,334.75,190.11,179.41
2.4401,0.0330,10.184,44.32,201.22,217.51
2.4402,0.1368,15.191,295.81,309.40,244.80
2.4402,0.3139,6.603,25.04,89.82,163.96
2.4403,0.2174,3.079,155.05,240.74,55.58
2.4404,0.2370,5.357,120.24,319.84,155.82
2.4404,0.0801,14.730,134.73,81.19,94.97
2.4405,0.1021,5.791,235.43,344.96,198.08
2.4405,0.2222,9.152,78.81,237.17,285.50
2.4407,0.1961,19.734,297.94,207.95,344.19
2.4409,0.1990,2.792,213.40,40.59,38.23
2.4411,0.1202,6.198,192.42,200.21,5.71
2.4411,0.1751,13.585,231.56,214.41,282.90
2.4412,0.1404,8.882,300.74,287.28,76.14
2.4412,0.0468,11.533,311.91,66.64,142.62
2.4413,0.2499,13.461,174.04,121.80,83.16
2.4414,0.1300,21.311,180.37,20.12,304.34
2.4415,0.1124,23.843,136.46,4.70,161.74
2.4419,0.0967,12.587,147.85,243.43,58.00
2.4419,0.1265,6.874,112.68,208.47,165.66
2.4420,0.1714,8.103,322.95,176.89,9.39
2.4421,0.0585,2.142,336.00,52.43,350.19
2.4424,0.1399,15.731,145.47,152.53,5.63
2.4427,0.3134,11.932,284.83,124.62,165.53
2.4428,0.1618,25.062,8.11,41.75,292.69
2.4428,0.0769,6.072,292.05,235.71,103.23
2.4429,0.1071,17.752,196.00,256.74,257.32
2.4429,0.1451,13.274,61.85,33.39,151.00
2.4431,0.2599,5.618,248.91,301.13,224.27
2.4431,0.1121,16.529,182.60,118.47,102.98
2.4432,0.1090,10.878,227.75,314.30,272.26
2.4435,0.0479,15.325,345.70,271.51,356.73
2.4435,0.2468,8.364,100.93,27.79,190.43
2.4436,0.0286,14.972,142.86,183.17,197.72
2.4437,0.1452,19.473,49.67,214.23,131.98
2.4440,0.2810,11.157,217.78,153.31,97.95
2.4440,0.0837,4.248,23.69,248.99,191.41
2.4442,0.2219,8.620,198.54,47.97,301.26
2.4443,0.1800,24.055,322.90,223.62,70.16
2.4445,0.0703,7.448,181.12,170.27,21.13
2.4447,0.1950,3.933,35.97,3.59,93.70
2.4448,0.0520,6.269,284.14,276.49,155.22
2.4451,0.0890,16.176,92.07,293.54,5.93
2.4451,0.1407,20.808,257.41,199.33,233.86
2.4451,0.2196,6.484,95.90,131.52,192.51
2.4453,0.2225,17.911,191.47,101.17,82.36
2.4454,0.0391,11.444,22.79,20.82,174.19
2.4454,0.2253,6.417,215.27,115.13,94.37
2.4454,0.0133,13.771,47.98,346.56,240.55
2.4454,0.1993,10.128,4.80,243.36,7.23
2.4454,0.1014,9.918,177.18,4.68,79.13
2.4457,0.0908,13.926,171.87,219.30,228.04
2.4460,0.2272,7.572,311.60,51.60,89.36
2.4461,0.0725,4.732,296.94,73.64,186.73
2.4461,0.2169,6.480,210.83,349.39,39.93
2.4463,0.2524,3.430,101.20,122.18,125.80
2.4464,0.0251,3.717,9.08,356.77,227.34
2.4465,0.1130,4.547,311.01,209.86,18.75
2.4466,0.2238,1.729,94.27,101.23,2.93
2.4467,0.1033,15.824,235.54,272.89,16.15
2.4468,0.1732,3.864,195.57,152.98,82.25
2.4468,0.1022,10.262,193.97,176.99,79.86
2.4469,0.1396,6.788,151.65,227.83,351.25
2.4469,0.0497,6.509,180.30,285.99,239.35
2.4471,0.0889,8.839,0.91,169.20,324.91
2.4472,0.1031,9.504,83.79,237.17,224.16
2.4473,0.2060,4.642,322.69,7.50,220.43
2.4477,0.0594,7.304,52.99,124.78,72.52
2.4479,0.1092,13.221,9.14,356.25,266.11
2.4482,0.1122,19.580,46.08,54.05,56.19
2.4482,0.0039,22.425,358.36,299.73,195.11
2.4485,0.0273,17.749,240.39,289.97,156.29
2.4487,0.1450,11.426,202.14,34.22,187.36
2.4489,0.0626,18.523,186.24,193.07,354.50
2.4489,0.0290,22.933,77.28,236.56,270.92
2.4495,0.0944,5.140,296.51,161.13,205.42
2.4495,0.0813,16.560,147.48,212.10,355.32
2.4500,0.0171,11.418,320.29,277.26,192.99
2.4500,0.1630,8.290,152.67,328.53,232.23
2.4501,0.0819,9.408,32.93,168.66,13.57
2.4501,0.1313,6.455,87.36,135.21,162.06
2.4502,0.0592,24.897,332.04,358.45,74.84
2.4503,0.0473,9.566,120.93,94.15,299.82
2.4504,0.0942,27.966,357.03,203.02,45.82
2.4504,0.1835,8.902,275.28,193.48,305.54
2.4505,0.1302,9.748,104.62,309.40,241.30
2.4508,0.1034,9.589,267.32,151.16,308.81
2.4508,0.0393,19.367,186.73,202.71,204.97
2.4509,0.0898,16.478,151.42,35.63,121.46
2.4512,0.0143,17.744,231.15,212.91,94.21
2.4514,0.0538,0.973,208.22,5.75,357.29
2.4515,0.0688,11.282,149.01,37.24,322.34
2.4518,0.2191,13.056,329.73,22.08,247.35
2.4518,0.1245,6.873,230.07,182.81,268.59
2.4518,0.0487,5.880,208.67,77.94,284.92
2.4524,0.1875,25.602,265.99,247.13,98.63
2.4526,0.0778,10.695,321.71,334.77,111.36
2.4526,0.2283,6.646,124.46,16.58,190.66
2.4528,0.1529,5.694,175.95,162.86,232.06
2.4528,0.1442,19.634,196.48,251.56,149.42
2.4530,0.0170,11.518,266.35,269.61,194.56
2.4531,0.1267,17.211,57.06,350.79,206.84
2.4531,0.1209,6.468,316.77,197.52,239.66
2.4532,0.1057,20.131,334.88,257.85,232.98
2.4535,0.1686,20.609,54.36,306.49,352.42
2.4535,0.1919,7.508,51.36,46.26,188.60
2.4544,0.1552,20.477,137.12,353.24,89.85
2.4546,0.1768,12.229,350.35,332.26,124.55
2.4549,0.1138,16.976,2.55,92.72,347.41
2.4551,0.0930,6.537,215.53,42.28,286.05
2.4552,0.1232,4.095,3.37,167.03,79.42
2.4552,0.2000,2.891,238.47,24.53,163.93
2.4554,0.1415,8.924,346.74,142.03,179.50
2.4557,0.1039,3.630,59.68,65.79,123.20
2.4560,0.1529,8.049,145.59,99.34,266.97
2.4561,0.1351,12.716,76.40,75.06,228.87
2.4562,0.1727,6.960,68.45,278.37,101.26
2.4565,0.1027,7.892,7.35,265.71,198.38
2.4566,0.1364,10.367,226.99,53.69,39.49
2.4567,0.1031,7.952,220.52,81.03,257.99
2.4567,0.1001,12.855,339.68,294.42,275.68
2.4569,0.1351,11.698,11.42,129.96,109.50
2.4576,0.1168,8.196,72.01,17.43,50.59
2.4577,0.1739,7.636,167.34,150.65,118.53
2.4578,0.0207,2.329,182.33,243.43,211.09
2.4579,0.0769,9.605,281.79,356.88,295.74
2.4581,0.1669,9.948,156.03,226.31,10.77
2.4581,0.1971,5.573,233.89,48.18,217.76
2.4588,0.1223,3.145,72.45,184.83,175.75
2.4588,0.1505,10.343,299.43,102.94,217.49
2.4588,0.0859,11.730,156.93,164.18,145.16
2.4588,0.1041,13.891,289.14,165.36,35.38
2.4590,0.2311,13.118,193.57,131.60,113.51
2.4590,0.0440,8.620,254.85,317.46,222.35
2.4591,0.1054,10.745,203.03,128.08,307.64
2.4592,0.0335,1.400,274.01,238.44,39.22
2.4592,0.0476,25.150,86.80,44.09,154.38
2.4594,0.1588,21.682,36.54,31.93,151.74
2.4594,0.0929,13.579,323.70,251.87,345.13
2.4596,0.0512,6.398,46.60,340.43,163.33
2.4601,0.2350,10.501,172.45,318.33,192.42
2.4602,0.0580,16.308,233.34,138.03,30.85
2.4605,0.1831,9.410,288.73,310.07,113.02
2.4610,0.2473,9.916,298.02,161.85,259.97
2.4613,0.1362,17.998,102.41,55.83,90.98
2.4613,0.0924,3.069,60.21,53.78,215.03
2.4616,0.1811,7.370,330.38,201.92,142.70
2.4616,0.2015,9.562,296.61,119.58,96.86
2.4617,0.1455,9.784,199.25,254.84,82.33
2.4619,0.1787,8.370,308.76,227.74,120.40
2.4621,0.2104,5.805,247.70,226.26,100.78
2.4623,0.2577,7.901,299.04,35.92,300.33
2.4624,0.1575,6.417,216.98,350.08,123.77
2.4626,0.1152,9.471,1.15,59.10,176.72
2.4627,0.0580,7.235,173.69,259.45,185.97
2.4629,0.1055,9.850,258.93,272.91,356.78
2.4629,0.0821,13.772,53.32,291.71,17.99
2.4633,0.3296,17.495,184.81,3.75,247.98
2.4633,0.0730,9.914,148.38,129.69,238.86
2.4633,0.0275,15.776,180.91,294.27,244.73
2.4633,0.1215,13.428,108.23,288.45,243.80
2.4633,0.2142,14.638,13.92,158.83,185.15
2.4635,0.0260,4.596,260.08,148.13,66.85
2.4639,0.1129,1.731,274.47,325.89,269.45
2.4640,0.2729,11.356,109.74,348.60,178.83
2.4640,0.1223,8.288,61.36,237.85,0.29
2.4651,0.1693,13.116,298.72,29.47,168.28
2.4652,0.2208,8.487,173.41,342.92,136.89
2.4653,0.1885,17.778,43.64,190.79,343.72
2.4658,0.2152,10.508,37.67,173.62,60.36
2.4660,0.1408,15.508,356.86,126.32,18.81
2.4661,0.1495,13.505,206.96,329.58,334.97
2.4661,0.1919,7.353,82.96,94.40,205.64
2.4661,0.2591,16.899,148.21,346.35,314.13
2.4662,0.0694,12.676,329.30,168.11,308.70
2.4666,0.2238,9.964,128.29,35.41,256.69
2.4666,0.0941,0.681,253.37,353.24,154.86
2.4669,0.0138,15.629,161.92,172.67,193.31
2.4671,0.1441,3.126,181.68,316.39,78.62
2.4672,0.0308,7.870,350.58,49.64,164.81
2.4673,0.2079,5.013,322.14,143.47,307.65
2.4673,0.0563,10.285,353.96,268.38,245.19
2.4674,0.1321,15.695,166.58,318.71,339.00
2.4675,0.1260,12.381,212.21,52.70,263.72
2.4680,0.1868,13.073,320.74,102.67,79.19
2.4681,0.1030,23.891,241.75,172.04,81.46
2.4682,0.1795,11.957,302.32,43.48,198.18
2.4682,0.1429,7.308,252.05,208.06,337.14
2.4689,0.0628,13.132,107.15,228.42,295.85
2.4689,0.1222,11.970,219.03,294.28,296.98
2.4691,0.1812,17.740,353.29,277.04,179.58
2.4693,0.0993,23.161,359.09,35.59,321.52
2.4694,0.2475,6.236,225.16,274.43,169.37
2.4695,0.1015,16.846,121.78,161.48,282.75
2.4696,0.0645,8.074,128.85,154.40,278.37
2.4697,0.2399,10.926,42.62,6.44,52.44
2.4703,0.1942,12.964,246.79,307.47,312.32
2.4706,0.2603,9.605,339.26,13.10,47.41
2.4707,0.1133,9.529,348.41,257.82,114.67
2.4709,0.1477,11.602,131.06,291.01,338.43
2.4711,0.1102,7.721,133.54,104.34,181.74
2.4714,0.1252,9.048,280.59,56.22,208.31
2.4714,0.1230,16.742,312.85,55.37,141.28
2.4721,0.0449,4.837,119.25,311.66,18.51
2.4723,0.0746,7.240,82.38,117.68,259.85
2.4723,0.1317,18.851,9.12,240.67,89.90
2.4726,0.1377,7.177,282.99,263.60,358.04
2.4728,0.1680,20.355,69.03,280.71,266.22
2.4735,0.1754,17.956,17.17,240.83,53.88
2.4735,0.1348,12.456,29.87,167.93,250.88
2.4740,0.1829,21.493,64.28,193.90,304.01
2.4743,0.0350,8.913,292.77,38.14,357.60
2.4747,0.1766,7.773,302.32,72.72,129.74
2.4750,0.1738,9.249,72.81,270.49,222.80
2.4752,0.1272,3.140,308.41,287.51,265.48
2.4752,0.1064,14.881,276.21,106.29,162.01
2.4759,0.2248,15.223,178.92,68.67,274.76
2.4761,0.1359,7.355,96.32,278.45,237.85
2.4762,0.2293,17.906,245.11,176.88,186.68
2.4764,0.1619,19.396,250.77,156.43,28.18
2.4764,0.1280,10.568,278.69,291.51,276.13
2.4765,0.0729,4.875,14.79,278.53,315.30
2.4767,0.1443,13.143,251.54,147.42,235.85
2.4777,0.0335,5.112,295.77,37.04,17.56
2.4779,0.2674,12.662,226.60,223.41,314.88
2.4789,0.0882,14.834,32.49,222.94,276.68
2.4792,0.0623,20.140,176.25,19.42,282.23
2.4795,0.2143,9.630,71.46,46.02,127.94
2.4796,0.0622,9.774,149.15,266.54,195.63
2.4798,0.2766,8.031,58.55,146.97,55.03
2.4798,0.1559,10.749,237.83,144.39,72.98
2.4800,0.0887,11.993,92.99,107.74,278.50
2.4804,0.1902,7.192,101.96,90.43,167.21
2.4809,0.1274,17.799,91.80,320.85,54.78
2.4812,0.2335,6.127,238.02,266.00,70.30
2.4813,0.0663,7.129,112.53,237.59,195.71
2.4822,0.2704,14.680,235.76,52.62,164.39
2.4824,0.0743,3.934,53.50,247.41,46.22
2.4827,0.1131,4.530,357.75,334.57,103.75
2.4828,0.0748,9.036,301.81,285.07,16.14
2.4830,0.1644,17.362,250.39,269.99,230.17
2.4830,0.0270,5.837,346.63,13.25,124.29
2.4840,0.0962,8.036,42.22,340.91,241.69
2.4842,0.2992,10.373,120.33,36.32,326.01
2.4843,0.2216,2.426,248.27,95.95,62.79
2.4847,0.1115,9.212,174.71,286.44,148.97
2.4851,0.0437,11.996,49.24,220.42,81.19
2.4854,0.0631,14.612,71.28,262.84,187.81
2.4854,0.1402,9.408,90.44,233.35,265.21
2.4858,0.3207,4.879,82.51,47.68,154.73
2.4865,0.0833,15.189,306.80,282.34,199.67
2.4870,0.1772,15.256,266.47,110.69,352.04
2.4871,0.1542,3.116,69.60,240.62,279.99
2.4872,0.1141,7.764,129.47,32.13,295.99
2.4883,0.3144,13.939,96.79,228.23,141.74
2.4885,0.2308,15.802,178.82,327.72,331.43
2.4889,0.1067,10.228,288.36,244.56,58.03
2.4890,0.1711,10.935,216.88,163.86,56.85
2.4891,0.2231,17.159,66.43,295.33,342.76
2.4893,0.1539,12.266,15.08,309.44,280.51
2.4920,0.0746,16.468,285.00,194.40,110.86
2.4935,0.2298,14.030,28.64,51.09,279.75
2.4946,0.0718,6.232,107.75,330.52,277.92
2.4967,0.1158,3.325,353.26,43.38,264.51
2.4967,0.1655,5.448,78.14,61.92,111.11
2.4997,0.0776,8.079,29.09,142.30,231.97
2.5014,0.0648,5.835,168.92,262.41,327.52
2.5041,0.1356,7.464,26.79,102.54,14.77
2.5078,0.1621,16.999,100.44,146.16,229.24
2.5110,0.2899,5.735,245.41,124.69,207.86
2.5127,0.0236,25.526,116.73,215.54,62.79
2.5131,0.3105,26.947,223.22,260.22,149.18
2.5131,0.1939,6.674,195.93,137.36,189.39
2.5138,0.1358,6.484,92.68,99.21,97.89
2.5146,0.1105,8.033,234.11,349.71,26.14
2.5157,0.1132,15.580,44.63,162.78,286.73
2.5162,0.0717,25.604,82.72,32.68,135.11
2.5165,0.1916,12.563,303.45,268.14,61.99
2.5170,0.0299,26.580,35.95,249.61,46.25
2.5170,0.1360,3.136,133.43,199.08,251.05
2.5170,0.0314,13.855,50.25,57.64,21.02
2.5180,0.0592,16.060,125.49,227.08,357.69
2.5180,0.1651,8.694,31.50,24.61,189.56
2.5184,0.1396,11.180,54.81,54.13,202.36
2.5189,0.1871,6.750,104.40,217.60,45.94
2.5193,0.1682,15.006,14.31,88.86,338.17
2.5194,0.1444,14.324,58.46,348.27,126.43
2.5194,0.0561,13.558,226.10,20.37,187.19
2.5196,0.1214,10.785,311.18,21.01,86.98
2.5199,0.1725,9.315,5.83,280.24,86.40
2.5199,0.2295,6.100,349.93,29.65,74.10
2.5199,0.0965,6.835,267.91,253.69,346.93
2.5204,0.1115,7.550,327.20,254.39,327.93
2.5209,0.2646,6.711,249.58,212.45,234.17
2.5222,0.2672,12.870,70.23,135.36,238.60
2.5227,0.1088,15.647,278.71,266.10,343.16
2.5235,0.0600,9.202,300.04,327.84,215.00
2.5238,0.1371,6.642,334.52,337.78,42.55
2.5240,0.0692,8.707,355.55,314.48,20.19
2.5241,0.0259,10.996,339.87,215.28,309.70
2.5242,0.1045,4.177,315.48,243.70,323.68
2.5245,0.0989,3.023,352.40,2.53,242.32
2.5253,0.1160,16.857,236.47,66.83,48.89
2.5255,0.0972,13.160,78.26,16.58,33.15
2.5259,0.0322,1.270,152.82,31.59,107.72
2.5266,0.3148,3.300,263.60,155.43,358.79
2.5269,0.0380,19.667,341.06,146.75,279.39
2.5270,0.1482,5.430,43.76,222.34,68.44
2.5270,0.1400,7.882,318.22,312.41,354.31
2.5271,0.1374,9.596,171.75,70.77,114.85
2.5271,0.1430,9.727,291.97,1.73,250.27
2.5272,0.2094,1.332,52.59,26.32,135.87
2.5276,0.0345,9.517,92.57,130.22,313.32
2.5277,0.1229,13.367,329.73,279.03,275.40
2.5280,0.0367,10.685,6.13,14.46,318.82
2.5283,0.1706,2.803,276.97,236.34,146.15
2.5283,0.3110,23.238,118.63,248.22,224.91
2.5285,0.1310,5.682,147.01,84.13,160.71
2.5286,0.1447,3.157,271.07,190.28,176.23
2.5286,0.1723,7.118,82.49,250.63,132.22
2.5298,0.0506,10.852,226.71,330.58,275.65
2.5298,0.1683,9.948,132.50,111.68,306.15
2.5299,0.1360,3.830,261.80,41.94,284.45
2.5300,0.0581,6.926,206.44,2.69,70.21
2.5301,0.0959,7.945,64.90,55.00,252.87
2.5301,0.0513,15.752,288.64,258.60,30.61
2.5305,0.1349,11.397,126.54,348.03,144.30
2.5305,0.0344,10.019,188.77,221.30,292.51
2.5305,0.0690,9.789,348.78,235.16,153.26
2.5308,0.1367,12.517,280.12,357.39,54.21
2.5310,0.1583,12.034,245.46,7.16,77.24
2.5313,0.1389,12.883,6.74,290.75,329.98
2.5315,0.1658,6.762,120.06,38.53,109.05
2.5324,0.1273,16.052,302.89,94.31,203.45
2.5330,0.0858,4.215,312.98,193.53,148.44
2.5331,0.1906,11.610,278.01,269.83,309.43
2.5335,0.1075,9.589,271.02,161.95,15.58
2.5343,0.0368,14.489,282.37,112.27,41.04
2.5344,0.1743,7.225,160.68,182.49,180.63
2.5344,0.0266,16.502,126.06,201.70,335.91
2.5346,0.1683,5.765,357.72,2.44,256.33
2.5348,0.2050,11.664,7.78,284.47,88.53
2.5352,0.1701,8.010,52.15,336.40,78.19
2.5366,0.0504,18.453,118.57,2.69,335.78
2.5366,0.1121,7.648,91.07,135.65,42.78
2.5368,0.1603,8.683,138.21,52.70,295.22
2.5371,0.1434,5.985,255.83,288.10,331.37
2.5372,0.0373,1.905,254.01,195.43,312.95
2.5372,0.1140,6.884,130.95,86.56,72.57
2.5377,0.1564,12.478,316.78,317.09,139.95
2.5377,0.1942,15.577,23.35,287.61,250.03
2.5378,0.2859,5.606,119.26,327.01,157.73
2.5379,0.0261,7.313,74.19,24.83,60.79
2.5384,0.0627,15.878,73.99,29.67,151.68
2.5386,0.0269,15.238,47.11,150.61,305.71
2.5394,0.1974,10.072,308.48,180.23,246.46
2.5396,0.0410,17.741,252.78,346.38,69.44
2.5402,0.0794,17.885,206.18,204.06,286.44
2.5403,0.0831,0.939,232.35,272.02,73.66
2.5403,0.0660,21.135,76.34,266.16,58.94
2.5417,0.1465,5.983,51.46,5.88,275.42
2.5418,0.1425,8.541,176.42,28.24,271.83
2.5419,0.0370,21.240,87.43,289.88,106.02
2.5422,0.1042,4.151,257.68,111.09,25.92
2.5423,0.0732,15.882,136.55,211.13,72.46
2.5424,0.0983,15.250,50.11,38.65,72.56
2.5424,0.2644,2.184,310.26,243.99,63.42
2.5426,0.0372,5.731,230.19,86.07,180.11
2.5427,0.2145,10.635,292.86,101.43,281.39
2.5429,0.1216,10.035,155.17,321.65,116.29
2.5429,0.2038,10.328,157.69,218.43,310.00
2.5430,0.0056,7.781,231.13,181.66,301.52
2.5433,0.1433,19.764,116.15,314.48,71.19
2.5433,0.1498,26.039,164.65,238.75,301.09
2.5434,0.1346,12.088,278.52,319.07,240.96
2.5436,0.0715,7.752,224.52,229.64,267.29
2.5439,0.1147,8.025,76.85,324.92,359.88
2.5439,0.1899,5.586,27.03,142.82,141.23
2.5440,0.0806,17.318,229.67,333.39,191.63
2.5447,0.2544,7.986,262.39,265.76,11.90
2.5447,0.0356,23.330,348.47,113.40,334.06
2.5449,0.3073,4.879,171.04,156.25,156.86
2.5449,0.2148,11.443,349.47,287.16,260.21
2.5450,0.0447,16.586,183.87,333.65,264.50
2.5455,0.1965,19.418,58.56,39.73,254.52
2.5456,0.1384,13.446,158.12,319.02,194.60
2.5457,0.2717,10.090,238.90,92.50,131.10
2.5459,0.2503,7.437,111.50,220.27,88.27
2.5461,0.2342,8.655,136.30,104.45,259.02
2.5466,0.2661,14.695,123.02,205.64,151.00
2.5472,0.1714,10.411,214.54,236.25,250.54
2.5474,0.0519,21.820,268.15,78.82,126.96
2.5475,0.1709,13.913,340.27,107.58,14.09
2.5476,0.0856,7.057,33.51,226.36,350.75
2.5480,0.1689,10.320,330.18,158.01,29.95
2.5485,0.1775,2.992,119.83,165.67,306.35
2.5488,0.0357,2.558,42.51,210.20,323.41
2.5490,0.0294,24.625,318.40,293.52,227.14
2.5493,0.1093,4.827,107.14,181.85,314.70
2.5497,0.1703,7.224,280.97,220.81,276.83
2.5502,0.2105,17.809,84.05,223.87,269.47
2.5503,0.0313,13.262,175.73,271.46,82.03
2.5504,0.1328,8.411,354.30,130.12,15.21
2.5506,0.2122,13.335,25.91,235.71,229.70
2.5506,0.1863,19.319,322.50,153.51,73.44
2.5509,0.0675,9.607,234.13,173.37,37.46
2.5510,0.0347,6.944,65.86,204.91,191.35
2.5511,0.1728,11.633,123.51,230.29,193.58
2.5511,0.1467,6.881,295.00,74.85,331.19
2.5513,0.0666,8.602,335.98,214.20,155.04
2.5518,0.2080,7.015,229.90,301.05,198.72
2.5519,0.1317,8.147,10.97,149.31,144.65
2.5520,0.1113,5.065,269.24,200.59,255.28
2.5521,0.0778,12.162,118.41,326.08,82.86
2.5524,0.1867,2.328,46.16,304.25,155.07
2.5524,0.1173,7.072,324.85,221.26,186.36
2.5525,0.2207,23.273,90.29,199.00,80.73
2.5529,0.0574,11.232,331.16,295.19,165.46
2.5531,0.0644,14.806,15.29,181.86,147.08
2.5532,0.2641,11.580,110.30,121.99,303.95
2.5534,0.1552,6.524,271.39,287.19,118.76
2.5534,0.1422,14.966,23.68,232.23,179.04
2.5538,0.0846,14.366,284.50,300.50,85.03
2.5539,0.0555,16.112,115.84,311.81,202.01
2.5539,0.1089,9.047,248.71,139.70,209.23
2.5539,0.0967,8.231,48.55,224.59,192.47
2.5542,0.0955,12.188,305.00,11.70,290.73
2.5543,0.1131,9.807,258.29,318.12,299.23
2.5545,0.1531,10.478,296.72,123.91,168.46
2.5545,0.0219,12.199,49.30,344.85,263.86
2.5552,0.0068,18.527,263.77,37.19,91.86
2.5552,0.0785,11.015,40.31,320.76,75.02
2.5553,0.1133,12.485,253.53,21.90,137.47
2.5553,0.1206,10.455,357.47,78.15,315.59
2.5553,0.0991,8.819,352.39,246.18,99.28
2.5554,0.0583,13.646,74.75,233.25,62.19
2.5554,0.1651,15.958,22.90,18.36,146.42
2.5556,0.1801,3.745,44.46,204.98,262.61
2.5560,0.1491,9.743,268.65,94.50,86.31
2.5565,0.2050,10.641,151.64,210.51,145.80
2.5566,0.1539,15.444,320.38,136.02,103.80
2.5567,0.1801,13.887,215.05,105.50,53.10
2.5569,0.1688,7.888,262.95,343.29,280.83
2.5570,0.2177,18.545,65.56,88.46,128.35
2.5573,0.0636,4.303,85.76,256.29,264.04
2.5573,0.0417,7.900,142.98,190.01,53.42
2.5575,0.1297,7.491,332.84,195.30,144.75
2.5575,0.1981,6.441,93.07,107.03,159.14
2.5578,0.3031,15.019,325.28,334.14,228.56
2.5579,0.1878,11.113,58.96,300.16,281.66
2.5580,0.1024,13.314,126.79,178.90,258.61
2.5580,0.0292,12.925,238.15,163.05,24.87
2.5581,0.1680,11.560,337.40,267.77,72.17
2.5583,0.0460,20.004,258.06,345.87,147.43
2.5589,0.3297,7.200,245.85,328.17,153.85
2.5593,0.0342,10.077,193.36,339.89,266.42
2.5593,0.1377,10.373,321.56,59.57,42.62
2.5595,0.1318,11.265,299.23,337.66,58.80
2.5596,0.1103,1.959,11.39,267.15,54.90
2.5597,0.1545,9.978,317.94,113.61,308.01
2.5598,0.2013,12.487,121.09,11.57,314.61
2.5599,0.0570,5.262,81.34,254.17,274.60
2.5600,0.1727,6.298,56.15,277.12,36.79
2.5601,0.2519,14.265,324.39,76.72,258.81
2.5601,0.1544,18.398,233.46,89.13,49.49
2.5603,0.1700,2.794,118.73,305.07,323.91
2.5608,0.0591,9.805,25.71,28.77,326.96
2.5611,0.2119,19.510,300.56,287.32,270.20
2.5614,0.2827,15.634,250.27,6.55,354.81
2.5615,0.0623,4.617,86.67,61.41,141.68
2.5617,0.0366,9.579,13.88,117.79,33.81
2.5617,0.0852,5.498,250.94,34.34,174.02
2.5617,0.2309,10.434,295.10,286.93,92.42
2.5619,0.1197,16.340,220.67,260.92,354.77
2.5620,0.1259,8.519,47.74,325.62,70.61
2.5620,0.0669,6.188,185.98,36.26,273.45
2.5621,0.2185,5.284,237.49,145.12,248.09
2.5622,0.0122,8.115,15.11,201.84,347.58
2.5624,0.0863,4.198,140.05,353.85,286.90
2.5626,0.0627,7.227,291.65,214.10,167.36
2.5627,0.1586,8.305,305.35,136.58,132.02
2.5627,0.2391,17.609,98.10,340.33,85.33
2.5630,0.0640,4.506,275.82,173.73,128.80
2.5631,0.0988,9.889,88.46,315.95,159.53
2.5631,0.1877,7.750,167.61,321.78,40.41
2.5635,0.0880,5.390,314.73,323.39,163.83
2.5638,0.0860,5.961,205.51,216.54,243.91
2.5640,0.1030,12.262,206.29,258.85,158.39
2.5641,0.0077,6.224,77.61,60.48,236.41
2.5642,0.0534,6.273,69.30,118.47,236.19
2.5643,0.0789,18.049,355.30,314.97,272.25
2.5645,0.0544,5.497,312.98,172.83,244.11
2.5646,0.1981,15.449,166.96,94.92,35.82
2.5650,0.1465,4.333,210.94,245.33,105.66
2.5653,0.1090,5.052,277.26,5.22,176.57
2.5654,0.1412,13.539,124.05,216.95,35.15
2.5657,0.0223,7.599,74.99,112.92,151.66
2.5658,0.0556,12.780,266.75,246.85,214.27
2.5658,0.1069,8.675,151.94,326.65,303.98
2.5659,0.2251,19.212,163.99,77.36,355.95
2.5663,0.0418,9.527,122.79,345.12,321.51
2.5663,0.1106,8.683,265.51,102.02,319.90
2.5665,0.1127,7.992,122.78,93.71,153.12
2.5668,0.0396,20.118,295.49,246.18,131.69
2.5668,0.2888,19.388,85.11,112.63,95.26
2.5671,0.0789,11.462,246.52,26.17,187.61
2.5671,0.0426,6.841,355.17,49.90,187.02
2.5671,0.1190,9.982,28.13,287.90,206.02
2.5673,0.1113,1.435,247.34,105.93,26.81
2.5674,0.1781,20.910,192.18,235.60,112.54
2.5675,0.2639,12.980,206.40,112.99,338.93
2.5675,0.1979,9.238,145.06,68.87,338.81
2.5678,0.0770,0.526,257.75,169.55,297.36
2.5678,0.1838,10.487,40.01,46.61,100.75
2.5679,0.1238,6.400,243.41,68.26,212.85
2.5679,0.2081,9.970,83.97,169.60,356.57
2.5681,0.0779,14.555,300.93,196.92,139.57
2.5684,0.2705,10.946,96.76,76.81,122.81
2.5685,0.1088,12.261,299.68,297.14,167.49
2.5691,0.1102,12.985,178.33,98.92,304.48
2.5691,0.0154,10.036,54.85,39.20,110.54
2.5692,0.1996,18.670,76.09,239.26,257.64
2.5698,0.1301,6.996,103.38,164.74,111.46
2.5698,0.1394,1.152,316.99,305.02,29.92
2.5700,0.0998,8.255,227.30,321.19,306.15
2.5701,0.1639,15.479,33.25,213.24,36.86
2.5701,0.2856,6.437,10.37,352.54,74.56
2.5704,0.1625,8.333,99.78,200.16,55.14
2.5704,0.1235,4.377,181.19,219.96,62.37
2.5707,0.1150,21.103,331.72,1.01,129.05
2.5708,0.1188,18.025,324.52,127.03,243.00
2.5709,0.0731,24.119,73.96,229.95,285.31
2.5709,0.1269,6.093,153.55,102.45,350.09
2.5715,0.0713,5.046,165.58,67.11,83.99
2.5717,0.2437,3.151,282.22,327.12,208.11
2.5718,0.0634,12.293,236.57,307.26,200.51
2.5718,0.0802,12.391,253.17,109.56,330.13
2.5720,0.1147,18.007,76.51,230.75,13.82
2.5722,0.0938,9.724,70.33,224.16,48.41
2.5724,0.0812,14.355,270.77,322.05,109.08
2.5724,0.2067,4.901,314.29,9.18,305.26
2.5725,0.0275,13.082,60.11,104.51,277.50
2.5725,0.0232,10.893,193.63,252.75,69.89
2.5730,0.1977,14.995,196.83,188.73,289.57
2.5730,0.0764,10.451,50.89,59.49,19.46
2.5731,0.1383,4.472,83.34,326.31,40.66
2.5732,0.1178,9.230,200.38,293.69,106.20
2.5732,0.0816,12.707,219.37,212.21,275.04
2.5732,0.1035,6.056,13.37,253.56,258.01
2.5733,0.2042,9.264,221.52,64.92,332.06
2.5735,0.1467,5.643,160.61,337.89,192.69
2.5736,0.0855,23.730,185.80,335.73,293.42
2.5736,0.0908,11.558,217.12,233.94,335.05
2.5736,0.2540,5.007,10.76,27.44,139.98
2.5738,0.1632,18.871,24.02,230.83,335.78
2.5739,0.0964,13.525,119.36,1.74,186.12
2.5744,0.0543,7.412,142.21,126.38,222.01
2.5744,0.2521,12.788,350.53,111.95,311.24
2.5745,0.0858,10.711,57.19,6.94,96.42
2.5747,0.1834,11.090,192.80,291.41,333.72
2.5749,0.0826,6.234,184.18,96.93,129.07
2.5750,0.2374,20.013,159.06,7.78,302.85
2.5755,0.1159,6.604,2.96,55.30,179.83
2.5755,0.2025,10.058,265.93,28.89,297.71
2.5757,0.0948,14.536,160.80,117.63,187.27
2.5758,0.0545,3.227,89.46,234.96,151.75
2.5759,0.0711,10.683,104.53,93.17,332.20
2.5761,0.1285,11.495,5.41,71.29,44.19
2.5762,0.2018,10.913,129.70,97.48,187.23
2.5763,0.0172,4.913,259.10,310.36,271.47
2.5768,0.0654,7.135,192.99,278.28,185.56
2.5769,0.0782,7.066,135.34,140.02,206.13
2.5770,0.1577,16.901,134.04,17.25,240.68
2.5770,0.0652,10.236,326.23,52.46,210.47
2.5771,0.1348,3.099,118.88,297.33,44.79
2.5774,0.0770,11.052,92.91,330.02,330.46
2.5776,0.2260,18.127,5.84,201.33,263.73
2.5777,0.1690,8.557,99.98,65.54,194.86
2.5781,0.0349,10.529,126.95,199.20,187.93
2.5782,0.0344,18.962,117.04,239.73,347.67
2.5782,0.1107,10.392,146.41,18.52,294.89
2.5783,0.1642,6.304,211.53,164.25,58.35
2.5785,0.0602,9.387,19.36,348.58,303.91
2.5786,0.0669,3.039,217.55,193.76,311.06
2.5787,0.1201,10.484,71.40,48.62,57.69
2.5788,0.0881,3.978,351.08,12.59,245.17
2.5788,0.1304,5.100,295.47,102.60,104.40
2.5789,0.1747,8.763,168.50,0.44,279.25
2.5789,0.1305,9.415,347.56,49.86,222.76
2.5790,0.0716,15.714,62.40,6.76,96.52
2.5792,0.0477,6.780,70.46,359.82,140.45
2.5794,0.3475,16.154,109.80,81.56,20.26
2.5795,0.1338,3.713,75.46,26.64,346.06
2.5795,0.0755,10.692,160.31,65.88,64.71
2.5799,0.1292,4.611,238.33,125.92,85.45
2.5799,0.3044,2.829,156.02,315.76,291.45
2.5799,0.0595,5.828,224.79,126.97,12.24
2.5801,0.0367,11.047,9.82,172.91,170.39
2.5801,0.1419,10.758,196.11,288.60,291.85
2.5802,0.0604,11.652,330.56,254.97,225.32
2.5803,0.1328,14.680,325.42,222.16,33.56
2.5803,0.1150,15.491,291.52,54.30,229.85
2.5803,0.1198,7.310,266.18,197.59,53.32
2.5806,0.1134,14.300,10.50,34.51,201.03
2.5809,0.2208,0.146,245.26,6.14,34.66
2.5812,0.1565,4.506,143.64,165.22,295.26
2.5812,0.1731,12.511,117.26,79.86,169.80
2.5814,0.0985,4.081,343.90,102.25,128.05
2.5815,0.0894,6.218,30.71,331.47,103.97
2.5817,0.0414,4.475,174.58,302.20,31.18
2.5818,0.0519,13.632,151.27,225.02,94.96
2.5820,0.1803,5.551,169.84,47.33,331.81
2.5821,0.0924,7.444,345.81,69.53,335.00
2.5821,0.2306,8.703,12.89,237.25,314.54
2.5823,0.1084,13.436,209.55,213.32,12.09
2.5823,0.1057,6.832,120.01,254.79,41.33
2.5823,0.0289,4.061,159.71,131.36,230.73
2.5824,0.0630,10.193,41.19,142.32,160.60
2.5825,0.0764,19.736,89.53,164.36,119.98
2.5825,0.2687,8.054,91.92,199.61,192.56
2.5827,0.0454,5.159,334.88,123.31,205.82
2.5829,0.0719,8.069,335.81,203.98,36.25
2.5829,0.1386,8.064,203.52,97.77,139.43
2.5832,0.0491,7.466,288.57,290.35,353.82
2.5832,0.0773,6.486,192.11,193.48,57.60
2.5834,0.0398,2.216,223.36,323.11,124.13
2.5839,0.1530,6.588,217.08,120.82,213.91
2.5839,0.1835,9.837,207.75,276.60,119.40
2.5840,0.2017,3.276,310.35,129.25,242.33
2.5843,0.0475,5.458,226.54,217.47,29.22
2.5846,0.1262,12.693,275.85,290.00,204.50
2.5847,0.0650,7.477,74.73,80.18,355.61
2.5849,0.2149,6.682,206.50,42.00,334.26
2.5850,0.2115,11.833,350.28,345.74,305.71
2.5850,0.2902,14.157,229.90,248.33,13.22
2.5852,0.0368,8.222,354.10,58.63,255.85
2.5852,0.0505,16.580,271.07,93.50,117.67
2.5856,0.0812,12.623,307.86,246.86,224.37
2.5860,0.2309,6.041,262.68,86.69,162.07
2.5861,0.1981,11.055,70.77,154.56,280.21
2.5862,0.1039,14.951,317.79,129.35,84.83
2.5867,0.1585,10.330,119.10,85.38,18.40
2.5869,0.0524,13.034,127.08,47.02,168.54
2.5879,0.1769,22.204,255.36,99.63,31.25
2.5880,0.3433,8.346,13.28,313.74,75.69
2.5880,0.2552,10.383,85.90,299.07,47.53
2.5884,0.2785,14.455,55.24,209.58,188.06
2.5886,0.2719,5.901,200.81,320.74,118.80
2.5886,0.1199,11.479,255.73,69.71,353.86
2.5889,0.2140,9.328,21.34,263.94,340.58
2.5889,0.1225,3.631,30.26,342.45,335.31
2.5892,0.0783,9.817,66.56,150.55,105.66
2.5893,0.2202,29.420,137.99,144.53,79.63
2.5893,0.0159,8.392,237.66,75.50,205.76
2.5894,0.0640,2.807,222.93,123.41,270.83
2.5895,0.1839,11.117,129.23,291.09,200.66
2.5896,0.0397,15.478,49.51,309.58,218.78
2.5899,0.0274,10.862,194.80,139.28,44.25
2.5902,0.2232,9.513,13.36,123.59,344.94
2.5903,0.1500,16.534,143.72,240.30,300.93
2.5905,0.1961,11.416,284.27,101.08,147.57
2.5906,0.0670,13.095,188.50,251.64,93.17
2.5906,0.1161,11.618,65.99,301.01,313.31
2.5908,0.0641,15.060,201.89,224.48,298.61
2.5913,0.1742,18.682,258.71,346.56,137.06
2.5914,0.1227,6.705,182.08,76.94,181.89
2.5914,0.0323,3.240,166.82,98.17,290.55
2.5914,0.0603,8.189,342.31,206.67,123.70
2.5915,0.1178,1.911,349.34,68.95,137.36
2.5917,0.0358,13.220,302.65,74.31,105.69
2.5918,0.1421,22.221,124.99,193.31,93.55
2.5919,0.2081,4.448,81.99,54.33,176.41
2.5919,0.1237,17.158,298.39,269.34,67.80
2.5922,0.1843,9.702,241.99,304.44,297.17
2.5923,0.1043,19.489,144.29,279.96,110.83
2.5924,0.1037,9.652,200.67,309.34,231.29
2.5924,0.0530,5.047,200.44,29.29,265.13
2.5924,0.1605,9.209,231.08,342.40,79.06
2.5926,0.1979,11.826,126.24,315.86,184.48
2.5926,0.0912,5.152,100.38,358.22,147.81
2.5931,0.0976,11.187,137.27,258.81,43.36
2.5934,0.1036,20.398,124.92,93.14,325.82
2.5934,0.2302,4.933,273.34,302.00,134.95
2.5934,0.2707,9.159,234.55,243.43,308.71
2.5935,0.0459,4.796,167.30,185.43,332.83
2.5936,0.0999,15.925,185.73,231.74,314.04
2.5945,0.1411,21.062,191.49,218.46,37.44
2.5945,0.0930,17.429,128.80,262.83,10.90
2.5945,0.1008,12.127,238.48,305.05,90.92
2.5946,0.1984,13.781,55.85,10.23,81.46
2.5947,0.0652,7.702,201.42,62.56,18.31
2.5953,0.1066,13.273,306.85,210.62,300.92
2.5955,0.1460,16.745,17.04,189.84,221.37
2.5956,0.2028,0.767,212.74,224.35,315.94
2.5959,0.0795,6.214,237.33,129.69,261.58
2.5963,0.1261,13.324,84.24,359.03,270.65
2.5966,0.0941,6.074,357.53,337.76,180.41
2.5967,0.2096,8.529,193.58,219.80,200.21
2.5967,0.1108,14.632,270.24,70.73,256.18
2.5968,0.0894,5.015,186.79,238.51,300.44
2.5970,0.0799,11.555,233.68,197.11,191.32
2.5976,0.1170,24.409,199.08,161.12,288.32
2.5976,0.1314,3.296,341.21,11.35,350.69
2.5983,0.1728,16.117,283.57,130.54,2.16
2.5984,0.2063,13.521,101.21,139.29,3.61
2.5985,0.1305,5.838,332.76,270.74,321.07
2.5987,0.1071,4.444,104.59,284.27,287.49
2.5988,0.2178,2.377,333.81,205.20,217.81
2.5988,0.1586,12.786,57.40,281.23,137.87
2.5989,0.0711,8.849,335.90,102.52,300.04
2.5991,0.0236,11.319,163.24,33.98,292.34
2.5991,0.2113,3.072,239.10,16.51,98.46
2.5992,0.0734,3.376,72.68,259.25,262.62
2.5996,0.1671,14.269,20.16,32.04,337.97
2.6001,0.1511,10.081,5.28,187.26,293.22
2.6003,0.0685,5.232,23.93,322.72,341.65
2.6006,0.1690,11.235,262.09,222.82,307.26
2.6008,0.1937,8.468,121.09,283.46,156.13
2.6011,0.1187,17.504,17.71,271.57,209.62
2.6016,0.0598,7.172,157.27,173.42,149.99
2.6021,0.1496,8.753,356.73,243.13,89.07
2.6023,0.2994,4.698,265.57,202.27,115.71
2.6024,0.0162,11.193,14.52,55.33,257.07
2.6029,0.0937,7.036,82.08,19.32,219.93
2.6030,0.1298,11.466,295.36,240.99,194.79
2.6039,0.1068,0.927,260.85,79.60,264.48
2.6039,0.1357,27.131,91.77,290.22,162.70
2.6040,0.2220,5.364,350.67,222.01,109.80
2.6041,0.2058,7.818,85.79,275.10,213.83
2.6043,0.1159,25.669,258.23,323.45,350.88
2.6043,0.1143,5.725,12.32,153.90,216.70
2.6045,0.2528,4.110,42.38,341.44,91.90
2.6046,0.1510,11.098,206.69,109.00,26.98
2.6048,0.1724,21.910,212.99,77.05,19.52
2.6048,0.1305,9.190,314.31,298.53,334.63
2.6052,0.0829,4.891,45.49,159.50,287.49
2.6053,0.2315,28.501,176.17,207.63,96.48
2.6053,0.1293,23.143,78.67,205.45,64.30
2.6053,0.2037,2.951,79.27,153.66,133.04
2.6059,0.0801,20.466,174.74,127.58,232.95
2.6060,0.1132,8.236,277.84,254.39,155.17
2.6061,0.0924,13.906,191.59,208.11,51.46
2.6061,0.0740,20.848,23.10,312.79,183.52
2.6061,0.1270,0.741,106.50,32.30,57.19
2.6063,0.0604,7.894,9.44,179.61,144.05
2.6064,0.1730,14.485,237.76,206.84,141.91
2.6066,0.1397,13.449,69.34,123.88,47.14
2.6067,0.0814,15.532,116.02,127.56,82.07
2.6070,0.0456,8.059,128.67,192.89,236.94
2.6071,0.0309,4.773,190.36,223.47,71.10
2.6072,0.1110,7.399,50.62,134.09,120.87
2.6073,0.1888,2.997,129.47,204.09,45.56
2.6077,0.1723,1.374,204.04,173.44,48.73
2.6078,0.1877,15.324,299.50,165.21,327.10
2.6078,0.0813,22.040,359.58,198.07,244.42
2.6079,0.0819,5.425,343.28,237.65,81.48
2.6079,0.0565,1.540,87.68,292.10,253.21
2.6080,0.1214,12.824,223.47,91.51,305.59
2.6081,0.1176,5.216,156.39,80.10,243.51
2.6082,0.1223,11.632,96.97,195.61,254.20
2.6086,0.0465,15.950,119.69,113.11,196.61
2.6086,0.1910,8.522,242.66,233.23,308.57
2.6088,0.0925,17.025,267.10,348.51,261.43
2.6089,0.1535,20.618,322.14,189.69,280.05
2.6090,0.1201,3.766,103.22,341.44,187.14
2.6091,0.2122,15.377,13.46,41.14,291.34
2.6092,0.1111,11.725,261.93,149.64,46.43
2.6095,0.1499,4.593,212.24,112.31,130.77
2.6095,0.1190,1.564,60.81,286.86,233.18
2.6095,0.1672,18.122,338.94,159.09,49.15
2.6097,0.1923,8.571,116.20,9.28,54.01
2.6103,0.0253,6.673,264.40,303.39,39.36
2.6103,0.0323,9.347,198.63,305.36,176.61
2.6105,0.1574,12.606,32.97,38.82,287.63
2.6105,0.1138,11.250,108.40,237.99,180.96
2.6106,0.1481,4.734,170.44,82.77,83.28
2.6111,0.2110,2.901,58.27,342.81,15.86
2.6114,0.2443,13.350,70.08,298.94,312.55
2.6116,0.1857,12.472,263.23,21.01,261.28
2.6116,0.1452,13.953,50.19,354.24,148.95
2.6118,0.0697,8.817,199.95,75.06,89.87
2.6118,0.1096,2.739,91.01,126.92,352.81
2.6125,0.0311,3.366,236.69,89.01,59.57
2.6125,0.1548,20.541,286.91,310.87,284.96
2.6127,0.2131,10.662,76.64,146.52,204.80
2.6129,0.1260,12.340,207.53,289.19,192.56
2.6131,0.0452,13.964,351.59,23.43,319.52
2.6133,0.0974,13.361,113.89,144.90,24.77
2.6138,0.1777,1.188,224.97,232.19,118.18
2.6139,0.0716,22.923,297.89,213.05,2.79
2.6139,0.1239,17.817,277.21,28.22,99.13
2.6141,0.0674,11.921,311.29,45.80,35.92
2.6141,0.1498,5.001,23.11,77.08,116.11
2.6141,0.1393,3.636,99.02,45.78,162.06
2.6142,0.1388,4.653,330.81,178.02,9.41
2.6144,0.0810,13.911,216.32,310.01,24.33
2.6146,0.1113,7.567,16.14,208.36,248.95
2.6153,0.2678,8.353,157.01,247.01,333.62
2.6161,0.0856,1.747,346.50,240.70,112.21
2.6163,0.1579,14.302,186.87,157.01,56.49
2.6164,0.1574,6.072,173.00,320.72,269.28
2.6166,0.1022,7.605,218.78,300.71,287.08
2.6169,0.0718,5.601,164.56,281.35,318.94
2.6170,0.2048,9.456,340.55,166.02,309.85
2.6175,0.1111,12.541,151.18,15.49,253.17
2.6179,0.1109,9.685,63.54,135.59,117.66
2.6181,0.1356,17.042,217.25,128.14,251.27
2.6181,0.1381,0.796,44.61,344.42,105.89
2.6187,0.0780,20.915,195.48,265.72,126.54
2.6188,0.1779,14.016,321.14,59.56,164.12
2.6190,0.1231,4.031,113.47,234.91,307.24
2.6191,0.0925,17.258,254.13,236.40,203.76
2.6193,0.1084,16.845,280.87,289.05,8.42
2.6195,0.1154,10.183,278.52,109.77,233.33
2.6197,0.1548,8.439,28.68,240.94,172.12
2.6198,0.1349,13.159,78.30,293.22,75.26
2.6200,0.0428,19.253,241.70,3.90,193.85
2.6201,0.1001,10.479,284.63,243.64,290.71
2.6202,0.0364,3.116,135.95,44.78,230.61
2.6202,0.1137,7.776,77.08,224.68,131.94
2.6208,0.1166,2.553,209.18,338.61,274.41
2.6210,0.1276,9.174,217.97,15.35,116.14
2.6211,0.1799,4.427,61.42,344.37,145.61
2.6214,0.0499,17.728,178.01,141.71,157.24
2.6218,0.0781,1.538,76.44,8.37,158.15
2.6219,0.2891,8.705,36.90,270.08,117.35
2.6219,0.1261,19.287,336.86,138.04,203.98
2.6220,0.0772,5.237,319.55,335.37,119.70
2.6223,0.0904,6.948,170.01,82.98,36.18
2.6226,0.1058,7.162,26.45,68.56,357.52
2.6228,0.2321,17.507,243.68,164.05,128.50
2.6228,0.1921,6.124,354.82,39.17,219.88
2.6230,0.1268,4.955,348.54,208.25,47.38
2.6234,0.1701,3.020,302.88,87.38,223.13
2.6234,0.1140,7.447,222.40,277.09,189.66
2.6235,0.1355,13.158,72.19,188.53,178.07
2.6236,0.1908,18.489,120.91,87.28,41.80
2.6237,0.0908,10.931,181.62,255.80,93.59
2.6238,0.0361,7.255,277.60,228.30,221.09
2.6238,0.2087,6.609,336.14,96.79,268.24
2.6242,0.0792,3.417,45.51,131.62,316.01
2.6243,0.1362,8.117,281.47,207.63,45.25
2.6246,0.2057,0.937,123.20,168.41,263.30
2.6249,0.1920,9.936,265.36,102.09,324.14
2.6249,0.1599,8.169,116.27,309.63,235.98
2.6250,0.1177,0.335,80.43,115.63,155.47
2.6251,0.1331,11.640,216.65,303.05,141.83
2.6252,0.0241,14.190,295.57,66.75,259.79
2.6252,0.0982,9.017,350.96,266.01,204.26
2.6255,0.1060,1.960,296.47,18.04,260.81
2.6257,0.2195,4.403,239.55,286.95,253.92
2.6259,0.2748,2.508,68.90,143.26,264.24
2.6260,0.1249,12.185,236.05,309.34,229.05
2.6261,0.1901,7.122,135.75,272.73,63.36
2.6262,0.0324,4.150,275.24,305.72,334.16
2.6266,0.1562,8.209,226.56,66.67,22.84
2.6266,0.2533,3.405,79.22,303.67,255.94
2.6270,0.1807,9.304,15.21,359.23,303.51
2.6272,0.1803,15.762,154.38,309.65,85.02
2.6275,0.0220,18.918,138.23,79.33,171.40
2.6276,0.2291,15.360,3.26,31.13,314.10
2.6276,0.2541,6.607,100.67,138.44,152.63
2.6282,0.1077,9.942,188.03,171.98,334.52
2.6285,0.1228,16.321,237.32,158.58,166.98
2.6287,0.1626,8.519,23.28,350.66,358.09
2.6289,0.2391,2.769,112.35,182.63,210.58
2.6290,0.1600,13.631,158.42,155.52,220.92
2.6290,0.0678,10.678,75.74,193.67,72.93
2.6291,0.1415,14.922,87.15,286.40,248.00
2.6292,0.1873,18.149,315.79,245.31,181.32
2.6292,0.0354,2.625,169.33,202.64,287.60
2.6292,0.1035,1.889,32.58,41.71,24.74
2.6306,0.1371,18.641,11.59,338.79,58.91
2.6307,0.1532,5.807,200.63,274.02,62.59
2.6308,0.0436,7.923,306.22,94.62,50.01
2.6313,0.1574,4.548,226.17,332.75,19.38
2.6313,0.1374,11.349,25.00,331.84,132.54
2.6314,0.0108,16.489,99.23,85.63,274.56
2.6315,0.0149,7.097,334.05,143.88,245.77
2.6316,0.1625,3.985,64.46,146.08,224.66
2.6317,0.1288,4.194,251.11,15.46,262.38
2.6317,0.0491,14.180,87.49,310.56,101.95
2.6318,0.2342,13.537,179.65,124.23,50.69
2.6319,0.2664,18.794,160.03,318.21,126.91
2.6321,0.0616,3.062,9.69,275.25,357.09
2.6322,0.1184,14.299,289.04,47.30,347.10
2.6323,0.1023,11.065,190.10,97.95,230.92
2.6323,0.1451,12.454,90.06,125.48,114.49
2.6328,0.1379,7.801,169.97,76.44,11.25
2.6329,0.0412,7.082,239.95,145.47,345.52
2.6335,0.0421,12.340,245.90,298.77,212.10
2.6335,0.0915,3.934,231.72,141.10,228.34
2.6336,0.1625,12.799,313.47,284.49,21.31
2.6337,0.1391,9.741,15.59,72.90,165.00
2.6338,0.1968,13.337,260.51,157.47,349.80
2.6341,0.0159,13.746,27.53,94.34,82.81
2.6342,0.1495,18.800,133.08,310.29,125.15
2.6343,0.1034,14.601,234.50,45.64,136.35
2.6347,0.1129,5.769,196.05,129.45,208.76
2.6348,0.0683,12.357,128.10,191.55,175.71
2.6348,0.1828,20.797,292.50,343.19,174.97
2.6349,0.0618,10.708,314.30,306.25,118.49
2.6352,0.1730,11.215,284.26,63.16,115.45
2.6356,0.0202,7.577,19.24,164.55,254.69
2.6357,0.1075,9.368,312.57,295.29,82.05
2.6358,0.2565,7.663,104.79,21.14,255.23
2.6360,0.1046,5.067,329.40,11.75,297.03
2.6364,0.1458,5.196,268.22,175.89,138.43
2.6365,0.0681,12.078,113.59,311.21,51.95
2.6370,0.1767,1.932,113.48,300.52,182.60
2.6370,0.2533,5.093,259.26,82.49,294.69
2.6372,0.0267,12.095,245.16,106.98,348.99
2.6375,0.1059,12.870,18.21,51.64,120.75
2.6376,0.0801,8.380,325.62,64.99,315.77
2.6386,0.0385,1.417,42.12,307.82,323.44
2.6387,0.1388,16.312,88.92,48.94,218.44
2.6388,0.0449,17.044,97.73,230.10,174.40
2.6388,0.0437,4.825,320.34,334.26,221.71
2.6392,0.0486,10.228,348.46,5.29,128.06
2.6394,0.0626,9.619,282.61,43.97,14.48
2.6394,0.2873,9.842,91.05,232.92,193.90
2.6397,0.0328,9.939,347.68,113.08,67.24
2.6397,0.1314,9.172,1.16,110.33,97.18
2.6399,0.0671,14.653,146.37,200.77,148.59
2.6400,0.0256,7.019,26.51,100.47,90.49
2.6401,0.0805,9.304,210.40,267.71,252.49
2.6403,0.1345,11.175,163.40,326.27,269.50
2.6405,0.0772,16.855,267.77,62.24,182.16
2.6405,0.1997,24.692,285.53,74.39,199.29
2.6405,0.2692,10.910,92.93,40.46,319.11
2.6407,0.2075,5.159,89.86,9.99,199.63
2.6407,0.1369,13.166,9.71,275.11,350.42
2.6410,0.1200,10.036,351.30,348.85,106.02
2.6411,0.2609,9.427,350.82,214.31,136.12
2.6411,0.1276,12.155,332.64,227.60,214.71
2.6413,0.1196,18.791,283.63,264.97,267.31
2.6413,0.0611,10.502,105.07,308.02,128.96
2.6414,0.1736,16.128,91.58,220.12,91.70
2.6416,0.1219,16.239,90.95,100.42,191.93
2.6416,0.1918,4.038,154.87,78.51,221.75
2.6417,0.0677,11.683,300.05,145.19,352.32
2.6421,0.2674,15.701,145.60,233.71,180.32
2.6422,0.0528,8.838,353.44,60.59,184.32
2.6427,0.1506,4.801,163.73,277.11,146.89
2.6430,0.0332,8.449,151.35,7.72,122.61
2.6434,0.1911,5.901,90.82,216.05,130.41
2.6435,0.0539,4.510,298.52,121.98,176.17
2.6437,0.0719,16.749,316.45,113.60,310.18
2.6441,0.0324,15.735,163.88,128.92,230.11
2.6444,0.1078,9.128,47.42,193.41,357.12
2.6446,0.1443,7.206,78.03,72.83,39.85
2.6446,0.1213,9.684,169.59,264.12,73.00
2.6449,0.0118,8.629,148.04,28.26,246.08
2.6454,0.1453,9.378,272.47,335.01,158.43
2.6455,0.1431,5.833,317.93,350.12,7.89
2.6455,0.0727,5.945,21.72,66.72,262.55
2.6460,0.0402,12.670,351.18,53.18,257.12
2.6464,0.1375,11.069,303.06,353.31,116.23
2.6467,0.0884,8.879,152.63,50.63,278.56
2.6468,0.1129,7.715,92.28,11.53,151.64
2.6473,0.1128,11.718,306.68,123.09,247.68
2.6476,0.1526,8.869,58.17,259.80,66.70
2.6477,0.2622,3.131,351.76,259.28,270.12
2.6490,0.0820,11.234,121.82,281.30,327.61
2.6490,0.1080,11.593,300.72,28.07,159.96
2.6492,0.1162,20.388,58.20,355.99,192.53
2.6494,0.0805,9.594,173.65,346.10,285.15
2.6495,0.1461,20.971,245.38,188.03,141.57
2.6497,0.0839,9.436,93.42,41.46,174.97
2.6497,0.1272,7.996,193.37,188.11,73.42
2.6499,0.1654,7.893,79.31,136.67,173.11
2.6500,0.1610,9.845,31.72,90.55,271.04
2.6503,0.0336,10.147,303.40,168.95,157.67
2.6505,0.0865,16.129,277.39,273.32,186.75
2.6506,0.1630,11.547,26.62,61.11,67.33
2.6508,0.0972,7.220,131.52,342.12,78.50
2.6509,0.0792,5.535,149.03,12.26,172.80
2.6510,0.1118,11.454,23.72,32.91,68.45
2.6514,0.0689,12.057,12.48,223.54,109.61
2.6519,0.1351,12.694,282.37,72.05,167.35
2.6519,0.0743,6.061,130.75,141.91,88.69
2.6520,0.0711,6.558,157.68,283.95,217.24
2.6524,0.0407,20.435,177.46,167.72,301.44
2.6524,0.1476,11.685,169.24,108.92,229.72
2.6526,0.1861,7.772,171.86,205.80,80.35
2.6531,0.2169,11.260,44.24,21.22,166.15
2.6534,0.0553,11.558,188.15,155.66,26.71
2.6536,0.1447,22.299,231.22,354.92,126.89
2.6538,0.1995,10.076,339.22,337.19,36.89
2.6538,0.2776,12.510,145.52,167.74,302.56
2.6539,0.1360,15.432,295.60,256.15,147.44
2.6542,0.1641,7.134,310.81,337.92,83.15
2.6543,0.3406,19.148,302.42,99.62,101.99
2.6546,0.2825,17.952,223.19,278.30,231.18
2.6549,0.1358,16.325,205.43,89.07,318.18
2.6551,0.2153,8.812,128.77,239.68,229.73
2.6552,0.1215,13.505,59.58,174.67,285.92
2.6552,0.0187,16.591,11.96,331.93,154.98
2.6556,0.1304,1.787,30.84,25.21,290.79
2.6562,0.0796,6.130,337.73,122.85,1.31
2.6563,0.0760,23.072,79.56,32.75,267.03
2.6566,0.0523,14.567,357.77,61.82,20.34
2.6566,0.1483,7.130,273.30,242.78,12.05
2.6567,0.0475,6.228,197.88,119.86,76.67
2.6570,0.1346,1.842,27.85,317.67,121.89
2.6574,0.0271,7.278,23.85,52.13,276.84
2.6574,0.1246,2.220,118.52,291.87,275.14
2.6574,0.0881,15.265,29.08,142.70,263.46
2.6578,0.1640,2.904,316.25,5.81,176.16
2.6580,0.2885,6.162,68.58,224.53,126.06
2.6582,0.1445,2.853,191.17,26.02,322.49
2.6585,0.1935,7.425,160.70,30.36,36.75
2.6586,0.2414,4.124,273.74,253.83,89.80
2.6587,0.1559,5.512,216.94,68.46,159.00
2.6589,0.0999,9.099,55.28,82.50,355.01
2.6590,0.1593,3.785,122.81,5.43,150.75
2.6594,0.3308,12.985,279.18,141.55,121.29
2.6594,0.1446,9.218,324.45,61.99,283.98
2.6603,0.1249,6.574,36.97,119.67,344.84
2.6607,0.0452,10.208,237.58,40.92,95.52
2.6608,0.1236,19.919,262.79,46.82,133.25
2.6608,0.1676,11.415,78.80,104.01,258.03
2.6610,0.1685,9.962,141.92,113.14,183.91
2.6610,0.0196,8.250,289.43,64.86,282.83
2.6613,0.1102,20.403,148.58,338.53,150.38
2.6616,0.1497,13.657,291.03,271.32,132.83
2.6626,0.1951,13.210,349.79,97.23,63.88
2.6626,0.2572,7.345,110.01,151.29,290.75
2.6630,0.1040,10.575,354.44,265.03,125.17
2.6632,0.1715,18.861,124.37,123.35,336.18
2.6633,0.0804,6.944,237.28,17.46,114.21
2.6636,0.0237,4.582,88.46,97.63,69.91
2.6643,0.0515,14.738,298.69,284.53,159.04
2.6653,0.1024,5.611,198.92,104.26,315.28
2.6658,0.1350,5.195,52.04,279.38,223.94
2.6659,0.2586,4.695,133.85,243.84,319.39
2.6661,0.1307,9.605,247.50,291.62,178.60
2.6662,0.0502,19.852,355.08,91.27,9.14
2.6663,0.1324,9.841,123.79,146.79,293.63
2.6663,0.1521,16.474,149.50,111.50,72.61
2.6663,0.0558,7.434,163.04,229.85,136.55
2.6665,0.2292,10.951,342.12,5.35,207.23
2.6666,0.0361,2.066,152.43,159.37,255.21
2.6679,0.1775,19.737,53.16,20.03,72.12
2.6679,0.2143,3.617,184.54,217.12,344.10
2.6682,0.0514,10.340,304.18,96.13,103.08
2.6685,0.1232,5.038,248.97,65.46,308.85
2.6695,0.0696,9.848,105.88,108.09,171.06
2.6696,0.0678,12.114,160.83,86.15,271.95
2.6702,0.2361,6.377,194.73,274.60,303.08
2.6704,0.1892,11.677,223.79,268.65,83.13
2.6704,0.1008,17.410,111.83,187.98,21.89
2.6704,0.0876,6.774,263.59,324.98,244.52
2.6705,0.0905,16.852,54.24,61.88,146.06
2.6706,0.1310,10.372,245.81,295.17,152.17
2.6708,0.0633,21.694,257.96,356.94,140.76
2.6709,0.0220,32.402,146.38,21.93,89.33
2.6710,0.0952,10.905,11.69,61.52,3.78
2.6714,0.1052,13.225,270.14,166.07,238.58
2.6715,0.0554,16.763,224.15,73.02,222.80
2.6716,0.1394,4.481,224.31,86.38,251.09
2.6721,0.0993,10.753,92.24,160.10,199.30
2.6729,0.3075,21.882,309.54,272.53,172.69
2.6733,0.0833,5.521,54.89,207.41,226.27
2.6737,0.2739,11.872,25.32,288.27,168.71
2.6737,0.1539,11.523,282.19,92.12,92.81
2.6745,0.1765,12.158,303.98,49.84,110.48
2.6746,0.2427,20.972,69.36,145.82,82.12
2.6749,0.1486,15.162,75.72,266.19,11.58
2.6750,0.0781,8.364,150.25,238.97,68.14
2.6751,0.2563,1.473,186.35,294.40,83.68
2.6753,0.0507,12.723,92.40,358.36,81.71
2.6753,0.0159,4.720,212.61,155.08,146.10
2.6755,0.1575,27.961,254.10,8.74,83.77
2.6758,0.0424,12.414,105.42,303.57,329.25
2.6760,0.0708,6.172,282.87,317.31,172.60
2.6762,0.1381,13.191,247.84,304.50,135.78
2.6768,0.1675,8.934,326.99,321.66,241.66
2.6769,0.0131,7.298,258.71,249.83,16.38
2.6771,0.1704,17.756,199.95,320.33,132.86
2.6778,0.1484,4.123,270.39,146.23,321.74
2.6779,0.0837,10.701,52.27,158.85,7.79
2.6779,0.0537,10.864,334.90,205.61,191.13
2.6780,0.1031,14.942,78.46,260.92,330.65
2.6782,0.1416,5.683,95.25,83.53,250.28
2.6782,0.1101,12.921,74.09,197.14,24.69
2.6784,0.2230,9.088,112.76,118.99,255.77
2.6784,0.1294,14.050,106.34,339.48,165.98
2.6784,0.0450,3.343,207.38,114.31,137.42
2.6784,0.2626,10.404,58.66,334.03,133.92
2.6786,0.0554,3.727,51.81,133.77,226.94
2.6787,0.1161,10.322,196.05,51.97,355.54
2.6788,0.1565,6.634,188.13,4.07,57.58
2.6794,0.1292,6.606,59.83,67.99,86.08
2.6795,0.1226,2.477,201.75,182.24,23.08
2.6795,0.1120,12.931,168.75,167.27,199.19
2.6797,0.2302,7.264,268.80,305.80,227.54
2.6801,0.0971,2.499,190.23,175.14,78.74
2.6804,0.1688,2.949,52.53,228.27,279.30
2.6809,0.2467,12.973,282.53,344.20,224.61
2.6813,0.1034,8.841,359.79,171.96,193.27
2.6814,0.1386,8.458,10.46,317.84,29.32
2.6815,0.1957,18.203,324.38,250.19,338.58
2.6817,0.0455,8.126,219.36,59.46,174.74
2.6820,0.1174,1.550,317.89,288.40,343.49
2.6827,0.1005,8.728,16.53,180.17,30.57
2.6828,0.1345,15.651,135.00,195.72,310.30
2.6832,0.1996,4.591,60.96,91.33,346.70
2.6835,0.1935,13.380,324.71,290.63,181.42
2.6835,0.1004,10.722,304.57,82.18,294.27
2.6836,0.1566,10.142,130.55,185.68,310.98
2.6839,0.1015,21.874,326.02,113.27,172.32
2.6842,0.0688,21.732,74.52,307.64,1.89
2.6843,0.0825,4.323,80.59,118.63,250.68
2.6846,0.0508,11.049,43.61,240.63,293.21
2.6846,0.1096,22.516,144.67,171.93,231.21
2.6848,0.0766,2.870,35.10,177.20,24.41
2.6851,0.1361,10.089,56.29,298.84,115.03
2.6854,0.1406,11.252,77.76,182.06,226.51
2.6855,0.1051,3.720,90.84,270.94,203.84
2.6856,0.0735,25.671,92.37,97.98,170.03
2.6858,0.1246,18.724,64.08,38.89,79.89
2.6858,0.0847,16.267,207.48,117.94,109.52
2.6860,0.0311,5.867,65.42,153.33,309.97
2.6860,0.0292,10.336,55.05,34.19,34.83
2.6861,0.0140,13.607,291.06,130.34,192.68
2.6865,0.1772,13.862,290.38,257.44,23.70
2.6868,0.1160,4.899,284.53,143.67,106.64
2.6868,0.1128,7.618,70.09,74.48,249.19
2.6870,0.0692,9.144,326.50,95.06,102.11
2.6875,0.1093,8.509,3.39,343.10,231.68
2.6877,0.1427,12.196,62.13,2.64,85.61
2.6881,0.1143,21.928,347.72,205.37,199.59
2.6881,0.2547,5.603,172.03,142.85,344.94
2.6885,0.0463,11.813,211.40,108.91,72.73
2.6885,0.1158,5.778,296.82,57.88,143.30
2.6886,0.1614,1.857,306.51,274.31,246.58
2.6887,0.0909,5.023,82.90,307.64,110.03
2.6887,0.1839,7.355,83.68,103.13,326.76
2.6898,0.1310,15.402,306.70,333.51,95.74
2.6901,0.1236,8.363,177.95,93.65,78.97
2.6911,0.0667,7.531,221.37,323.08,149.59
2.6911,0.0801,8.047,255.72,269.93,256.23
2.6914,0.0568,2.591,219.82,49.00,23.03
2.6915,0.1241,10.411,350.88,247.57,34.25
2.6915,0.3066,13.503,182.27,260.24,232.02
2.6916,0.0151,6.067,323.13,41.57,140.78
2.6920,0.1575,20.226,69.71,347.56,60.86
2.6921,0.0744,6.911,320.74,347.88,238.82
2.6923,0.2144,6.470,177.84,348.32,236.11
2.6923,0.0439,2.852,239.65,29.32,31.98
2.6924,0.0517,20.427,247.37,166.43,287.07
2.6924,0.2275,18.930,172.62,172.79,342.17
2.6925,0.2485,9.174,73.14,337.14,126.05
2.6926,0.1531,8.203,74.40,218.65,44.92
2.6929,0.2038,10.005,218.66,16.08,189.70
2.6932,0.1701,15.305,21.34,121.01,278.81
2.6935,0.2526,6.539,223.75,174.49,19.28
2.6935,0.2410,5.052,332.36,161.89,245.56
2.6936,0.2576,20.392,284.90,208.73,66.34
2.6937,0.2483,16.976,353.73,215.52,29.19
2.6941,0.1210,25.127,153.54,87.30,117.86
2.6944,0.1578,7.125,184.67,3.04,317.75
2.6948,0.1406,17.438,138.62,275.86,338.01
2.6950,0.1133,3.338,29.92,224.50,272.98
2.6952,0.1803,13.900,214.27,54.35,201.84
2.6956,0.1278,9.404,294.17,202.33,47.14
2.6957,0.1361,7.248,141.90,253.28,189.30
2.6957,0.1666,25.369,355.36,45.64,266.87
2.6966,0.0628,11.274,117.94,236.99,79.92
2.6966,0.0934,11.333,158.03,180.70,38.98
2.6968,0.1466,17.385,77.07,62.91,70.74
2.6969,0.0964,18.798,49.57,153.85,342.53
2.6969,0.0877,16.066,133.01,126.92,85.67
2.6975,0.2563,8.276,259.77,327.97,215.58
2.6983,0.1884,12.468,151.38,81.54,312.12
2.6988,0.0832,3.322,52.71,314.59,32.31
2.6991,0.0871,2.854,138.21,63.55,152.29
2.6992,0.0239,4.445,87.13,47.79,16.49
2.6994,0.0560,9.599,344.73,234.41,121.11
2.6995,0.2517,5.232,83.21,106.72,91.69
2.6995,0.0295,10.832,239.28,290.10,321.76
2.6997,0.0767,6.484,75.10,240.09,349.19
2.6999,0.0207,20.433,122.12,27.32,193.41
2.7000,0.0475,1.429,67.16,312.56,28.89
2.7000,0.1745,5.674,104.59,191.36,44.32
2.7002,0.0800,7.120,115.55,162.28,185.62
2.7005,0.0619,11.081,1.69,282.64,54.06
2.7008,0.0531,10.496,157.02,75.64,292.91
2.7012,0.2076,31.580,21.69,59.97,253.63
2.7013,0.0671,19.230,22.83,263.58,78.15
2.7019,0.2024,14.065,95.77,311.20,77.29
2.7020,0.0370,17.103,2.43,245.92,196.94
2.7025,0.1585,3.301,257.82,117.29,106.66
2.7026,0.0581,7.312,82.57,246.38,287.36
2.7028,0.1894,2.530,50.93,149.45,259.23
2.7030,0.1047,2.767,235.90,110.20,15.28
2.7030,0.0292,16.488,339.94,230.26,164.19
2.7031,0.2438,17.413,68.69,222.71,342.88
2.7032,0.0487,14.390,100.56,229.54,313.96
2.7032,0.1452,12.557,269.13,22.47,249.85
2.7034,0.0621,5.053,144.90,107.18,4.86
2.7035,0.0721,12.645,239.65,12.53,289.76
2.7035,0.0923,9.446,16.95,301.83,242.43
2.7037,0.1071,15.588,305.15,321.97,293.55
2.7046,0.1791,9.791,170.15,49.05,348.99
2.7047,0.1015,16.788,322.10,98.67,286.82
2.7052,0.1531,8.978,222.29,247.51,122.50
2.7056,0.1803,11.218,223.33,262.61,19.22
2.7057,0.1853,5.152,121.55,66.85,277.92
2.7057,0.1459,13.657,168.36,239.74,63.85
2.7058,0.0372,14.615,284.72,93.62,216.04
2.7058,0.2021,6.974,261.44,1.73,209.89
2.7062,0.1010,9.435,331.81,204.45,157.96
2.7062,0.1324,4.633,345.71,237.93,90.59
2.7064,0.2576,8.054,19.46,35.06,353.02
2.7064,0.0599,30.347,169.52,204.22,249.10
2.7067,0.1616,4.937,14.38,149.57,124.34
2.7067,0.2907,7.347,105.68,255.57,186.32
2.7068,0.1342,15.036,54.88,296.17,213.76
2.7068,0.1882,2.389,187.91,159.34,226.12
2.7072,0.0237,13.123,176.80,355.88,174.20
2.7072,0.1501,5.188,197.95,141.83,176.51
2.7073,0.0677,8.890,85.64,317.26,307.61
2.7075,0.1354,3.060,44.65,216.24,253.28
2.7075,0.1200,18.210,246.28,120.98,319.07
2.7075,0.0259,5.307,11.74,27.28,199.38
2.7076,0.0792,6.761,47.28,205.54,135.28
2.7078,0.1825,3.562,0.44,88.06,82.61
2.7081,0.1020,9.861,90.56,356.56,140.06
2.7086,0.2528,13.780,10.48,225.57,188.76
2.7086,0.0452,10.661,119.83,216.35,250.91
2.7086,0.3255,5.192,170.97,15.18,85.35
2.7088,0.1746,11.465,37.35,315.34,319.56
2.7089,0.2295,9.620,113.63,153.06,88.94
2.7099,0.1873,10.979,178.70,186.73,136.26
2.7102,0.0395,9.261,55.43,338.84,113.79
2.7108,0.1247,10.320,93.68,105.14,58.09
2.7109,0.1606,25.365,182.00,269.55,201.67
2.7111,0.0343,6.243,123.28,87.55,201.65
2.7112,0.1628,7.195,97.60,333.33,27.94
2.7112,0.1054,5.182,134.79,98.98,310.18
2.7113,0.1582,20.064,176.48,27.90,276.67
2.7118,0.0721,5.497,191.70,284.68,39.87
2.7118,0.0762,17.450,359.02,187.98,49.19
2.7119,0.1065,21.493,9.43,353.65,24.43
2.7121,0.1814,19.789,141.23,39.41,190.05
2.7121,0.0484,10.311,40.72,27.68,174.02
2.7123,0.1713,22.947,26.00,318.23,107.66
2.7126,0.2950,9.530,77.63,217.78,153.87
2.7127,0.2093,1.779,22.20,161.53,44.64
2.7130,0.0929,14.865,259.47,93.81,143.29
2.7132,0.0316,1.510,19.72,83.25,7.67
2.7132,0.1411,11.476,215.91,259.52,261.03
2.7135,0.1420,10.211,84.32,94.70,164.73
2.7143,0.1413,12.436,344.76,355.84,278.18
2.7147,0.2488,7.604,5.99,11.03,184.87
2.7148,0.0676,6.728,208.60,123.67,2.49
2.7148,0.2203,1.983,242.50,158.26,215.76
2.7148,0.0219,6.922,194.61,161.38,280.53
2.7150,0.0798,14.320,355.22,1.95,37.31
2.7150,0.0922,4.833,244.73,89.66,215.74
2.7150,0.0714,12.310,207.65,50.86,344.96
2.7150,0.1122,2.652,149.38,270.20,342.67
2.7151,0.1904,13.863,173.62,118.16,264.55
2.7153,0.1215,3.697,351.11,186.18,116.87
2.7154,0.1930,8.736,297.10,3.81,193.38
2.7154,0.2779,8.350,352.48,290.18,151.24
2.7165,0.1510,10.820,77.36,175.98,177.06
2.7170,0.2677,2.154,259.49,30.97,169.73
2.7170,0.1729,16.933,270.53,316.06,23.05
2.7174,0.2012,18.100,263.48,309.28,97.15
2.7174,0.0721,9.503,140.15,74.10,190.32
2.7176,0.2842,7.978,132.35,152.13,288.99
2.7179,0.3292,21.572,285.20,260.87,278.51
2.7184,0.2021,21.963,104.26,295.47,258.37
2.7185,0.1524,3.566,319.08,17.63,228.73
2.7186,0.0866,8.829,129.37,155.65,233.04
2.7189,0.1085,5.826,134.46,332.47,321.63
2.7190,0.0717,13.700,53.79,265.35,136.54
2.7190,0.0831,22.115,127.03,118.72,94.29
2.7192,0.0248,4.716,263.64,339.74,250.75
2.7194,0.1824,9.053,273.83,232.46,50.10
2.7196,0.0515,8.553,156.13,86.21,124.01
2.7196,0.1921,5.722,73.80,259.44,160.41
2.7196,0.1350,12.587,116.54,111.55,268.26
2.7197,0.2047,6.469,305.31,0.57,298.05
2.7200,0.2547,12.040,247.05,209.94,273.05
2.7209,0.0870,7.009,11.90,83.87,5.26
2.7214,0.0919,5.761,109.26,212.77,74.55
2.7215,0.0864,22.813,64.24,298.71,352.38
2.7222,0.0930,9.591,72.97,86.46,74.15
2.7223,0.0874,12.922,8.22,244.80,199.92
2.7227,0.1351,15.835,129.11,270.95,169.68
2.7228,0.2786,10.852,27.44,346.24,310.59
2.7231,0.1196,13.692,324.53,178.84,312.16
2.7232,0.0676,7.859,227.66,294.05,91.60
2.7236,0.1141,12.485,84.99,148.25,84.00
2.7237,0.0653,2.924,217.44,197.45,228.57
2.7239,0.0253,6.372,357.86,118.34,174.96
2.7239,0.0803,8.491,238.59,305.42,179.93
2.7240,0.2009,7.124,321.02,317.61,160.65
2.7240,0.0181,4.866,353.22,31.15,235.34
2.7245,0.1067,4.311,133.78,190.14,178.17
2.7250,0.1015,8.663,340.42,25.80,142.50
2.7251,0.0697,4.719,139.24,356.56,349.07
2.7251,0.1628,6.981,268.06,206.22,350.96
2.7253,0.1922,23.429,317.60,68.42,24.74
2.7256,0.1698,6.938,163.58,282.72,339.44
2.7259,0.2059,4.395,252.63,301.69,42.19
2.7260,0.1867,9.413,333.36,55.69,93.56
2.7261,0.2298,10.354,266.33,347.84,145.59
2.7265,0.1005,8.662,108.83,200.95,95.61
2.7266,0.1095,4.013,203.76,74.04,76.74
2.7267,0.1366,15.198,202.41,122.33,170.38
2.7268,0.0841,8.411,91.13,207.09,168.50
2.7271,0.1369,7.821,162.41,287.84,310.91
2.7271,0.0280,17.855,106.58,142.11,33.25
2.7271,0.0408,1.940,247.37,165.19,112.67
2.7272,0.3378,17.887,23.31,125.09,180.18
2.7274,0.0185,5.508,202.63,324.56,178.31
2.7278,0.1693,10.385,347.45,123.64,231.70
2.7279,0.2429,17.500,71.83,127.27,30.74
2.7280,0.1241,4.310,298.14,156.65,200.87
2.7280,0.0788,8.074,258.68,112.47,80.21
2.7283,0.1141,16.898,108.39,351.25,236.80
2.7283,0.0955,5.484,183.17,324.23,349.23
2.7289,0.1147,14.804,34.82,123.29,208.23
2.7291,0.0998,6.905,102.19,114.73,313.07
2.7295,0.0357,11.719,13.85,147.54,15.65
2.7298,0.1937,3.761,292.62,39.75,223.18
2.7302,0.1546,1.323,200.06,274.90,109.83
2.7304,0.1907,9.424,72.13,3.01,237.97
2.7304,0.1429,12.641,197.89,38.39,333.06
2.7313,0.2645,6.395,302.78,155.71,262.96
2.7314,0.1963,13.583,221.30,124.13,27.37
2.7315,0.1920,7.888,86.18,341.51,48.57
2.7318,0.0547,6.969,232.72,105.41,72.81
2.7326,0.0669,3.653,72.89,321.70,276.25
2.7327,0.2478,6.136,118.91,89.05,175.78
2.7327,0.0456,11.819,41.42,184.00,92.17
2.7334,0.0626,5.175,51.85,313.18,112.98
2.7334,0.2143,8.802,203.06,62.34,21.28
2.7335,0.1081,7.065,357.89,137.61,233.15
2.7335,0.0650,7.947,30.45,160.00,278.89
2.7348,0.2196,24.162,257.48,36.43,291.05
2.7352,0.1087,6.197,287.69,279.90,256.21
2.7354,0.0938,20.594,18.19,112.70,175.81
2.7359,0.1938,14.844,137.49,24.20,91.92
2.7362,0.0695,7.315,132.91,57.46,197.63
2.7363,0.0822,9.511,39.94,307.63,218.80
2.7363,0.1101,12.021,72.55,248.55,329.24
2.7364,0.1635,17.955,85.39,139.66,354.90
2.7368,0.1208,11.125,355.80,10.82,336.04
2.7371,0.0732,18.437,171.80,251.55,103.21
2.7371,0.0599,16.228,245.71,234.58,166.93
2.7371,0.1000,7.468,239.19,312.75,34.22
2.7375,0.1400,7.109,125.68,154.88,186.09
2.7378,0.0553,13.316,351.12,133.82,283.23
2.7378,0.0696,21.586,100.77,89.28,205.25
2.7379,0.0552,11.121,288.50,270.19,225.15
2.7382,0.1244,7.243,118.50,80.54,79.30
2.7384,0.0347,2.314,343.30,283.89,339.34
2.7394,0.1484,21.268,206.16,302.10,289.96
2.7396,0.1010,8.976,331.19,290.74,212.02
2.7401,0.0675,7.005,114.66,172.41,179.99
2.7401,0.2325,4.411,296.50,144.85,25.40
2.7403,0.1668,9.246,311.62,33.35,244.59
2.7406,0.1807,3.889,138.78,120.90,231.71
2.7406,0.2124,14.861,272.44,217.33,8.35
2.7410,0.1511,6.686,145.44,228.06,277.51
2.7410,0.1041,12.239,318.79,346.91,212.71
2.7412,0.0284,21.124,315.15,11.70,184.19
2.7413,0.0492,4.697,24.55,106.92,150.19
2.7413,0.1590,4.736,168.57,125.86,129.80
2.7415,0.1930,6.727,297.14,168.86,44.99
2.7416,0.1502,6.808,281.11,325.38,330.17
2.7420,0.1204,14.408,92.77,29.18,78.42
2.7423,0.1498,15.674,326.80,219.72,154.74
2.7426,0.1235,13.837,186.40,337.78,189.94
2.7428,0.1637,8.463,20.23,149.61,141.44
2.7430,0.1401,2.683,35.97,160.89,86.91
2.7431,0.0970,7.599,66.25,112.68,58.65
2.7432,0.1219,22.757,340.63,278.25,7.57
2.7434,0.1661,4.250,72.26,116.38,23.82
2.7435,0.1206,5.208,139.62,186.07,262.37
2.7442,0.1676,7.384,248.69,141.31,143.48
2.7444,0.1150,15.417,260.95,74.81,49.95
2.7452,0.1931,16.072,13.62,234.53,170.28
2.7452,0.0918,4.490,268.10,235.13,21.21
2.7453,0.0306,7.044,5.81,114.20,344.72
2.7453,0.1939,11.179,313.65,79.66,28.33
2.7454,0.2535,5.690,138.42,180.75,160.87
2.7456,0.0663,11.211,242.27,13.11,162.78
2.7456,0.1040,5.341,89.11,217.11,321.34
2.7458,0.0806,5.347,223.52,76.27,0.04
2.7460,0.0321,11.173,257.74,84.31,51.56
2.7461,0.2901,7.957,219.79,8.78,344.56
2.7469,0.1598,7.544,354.77,61.81,215.59
2.7470,0.1853,13.099,214.72,77.69,15.26
2.7481,0.0560,2.015,172.65,141.95,30.95
2.7481,0.2892,9.616,303.95,349.31,30.93
2.7482,0.0700,7.949,319.17,220.04,31.39
2.7487,0.0730,1.243,164.62,49.33,319.09
2.7489,0.0903,4.830,228.32,23.94,173.57
2.7489,0.2807,8.300,276.93,182.35,267.01
2.7490,0.2070,12.080,29.63,248.62,302.76
2.7491,0.0781,8.157,0.68,240.43,136.67
2.7492,0.1986,27.748,293.48,176.69,96.65
2.7499,0.0787,8.590,170.37,197.80,291.39
2.7501,0.0831,12.553,355.72,128.21,225.04
2.7503,0.0381,19.962,138.29,311.68,21.77
2.7505,0.0494,6.839,70.06,242.78,225.07
2.7507,0.1121,13.596,215.64,263.19,4.17
2.7507,0.1375,20.048,89.61,128.01,149.83
2.7508,0.2586,13.967,150.90,87.37,237.54
2.7509,0.1387,9.561,205.36,275.63,281.30
2.7513,0.1279,8.358,250.49,319.16,251.10
2.7522,0.1855,11.855,337.41,14.73,47.41
2.7524,0.0955,8.092,174.42,76.52,237.42
2.7524,0.1251,11.638,255.91,59.42,92.90
2.7525,0.0359,2.867,270.91,287.55,283.86
2.7528,0.0735,17.340,38.21,343.10,105.23
2.7530,0.1114,17.728,147.63,22.48,128.37
2.7531,0.2455,11.352,70.98,21.79,355.15
2.7535,0.0882,8.112,320.72,310.51,20.49
2.7536,0.1271,17.585,127.80,318.91,78.07
2.7537,0.0285,3.835,206.76,82.84,156.22
2.7539,0.2489,4.482,137.48,71.14,233.15
2.7539,0.1338,10.755,238.85,55.02,217.80
2.7539,0.0524,5.088,304.66,141.09,127.05
2.7541,0.2379,13.337,330.27,234.61,358.10
2.7545,0.2275,9.624,0.75,112.69,143.94
2.7551,0.1545,8.022,38.69,198.08,87.42
2.7552,0.2226,20.323,94.43,34.01,223.27
2.7552,0.1414,10.300,301.00,277.09,32.55
2.7552,0.1586,3.781,198.98,248.64,99.58
2.7552,0.1718,15.968,151.17,144.67,300.90
2.7553,0.0849,2.591,347.79,322.60,326.67
2.7557,0.1410,16.885,271.68,166.85,259.12
2.7560,0.0966,11.907,265.27,355.58,38.36
2.7561,0.1691,4.300,160.68,135.68,7.27
2.7564,0.0994,5.247,357.90,101.34,109.50
2.7566,0.1906,22.413,173.66,347.32,172.90
2.7571,0.0883,16.927,183.99,299.00,158.95
2.7576,0.0650,12.380,196.94,187.84,200.05
2.7578,0.2127,4.347,79.00,334.68,228.25
2.7580,0.1388,13.639,109.49,194.78,236.79
2.7580,0.2741,16.569,218.66,307.23,305.46
2.7582,0.1543,19.477,168.75,36.22,299.77
2.7583,0.1897,10.940,254.65,16.16,67.27
2.7583,0.1037,8.116,159.36,269.90,147.67
2.7587,0.2019,11.507,275.25,258.12,252.14
2.7591,0.1098,7.847,129.61,133.45,88.94
2.7592,0.3348,4.824,315.00,195.36,283.85
2.7592,0.1073,6.861,277.38,328.24,327.12
2.7593,0.2687,13.791,26.33,159.80,70.33
2.7593,0.1776,1.135,186.06,171.51,281.70
2.7594,0.1321,11.799,195.05,192.65,240.38
2.7595,0.1669,13.380,332.18,273.01,155.77
2.7602,0.2351,20.657,210.57,267.15,119.52
2.7605,0.0477,13.273,51.61,55.49,117.48
2.7607,0.0747,3.304,174.42,21.34,94.22
2.7607,0.2082,13.994,167.83,233.40,352.19
2.7609,0.1091,11.423,4.52,138.80,338.88
2.7611,0.1441,10.479,326.69,129.91,199.98
2.7613,0.0400,5.696,304.89,327.90,62.56
2.7613,0.0920,0.888,125.96,121.84,159.96
2.7618,0.1532,7.782,137.46,52.98,152.93
2.7618,0.1252,9.216,156.74,104.69,55.09
2.7621,0.1419,4.616,191.20,170.66,289.57
2.7622,0.0478,14.031,253.92,187.90,228.72
2.7622,0.1350,7.251,251.16,196.90,279.95
2.7624,0.1950,16.694,127.50,156.13,55.80
2.7626,0.0640,7.830,24.28,134.26,5.49
2.7630,0.3010,14.262,291.83,354.86,124.69
2.7634,0.0878,14.182,58.24,165.63,254.66
2.7638,0.0573,20.473,237.65,99.93,136.04
2.7641,0.0807,18.657,356.68,277.46,22.15
2.7642,0.1762,7.776,156.79,65.46,112.97
2.7642,0.1286,13.578,345.39,247.26,18.96
2.7643,0.0593,3.686,100.92,139.97,37.96
2.7649,0.0919,12.403,269.22,286.37,347.50
2.7650,0.3397,14.703,160.73,168.38,264.35
2.7653,0.0982,2.953,293.58,287.56,52.99
2.7660,0.2187,2.198,207.80,355.56,359.46
2.7661,0.0298,8.819,355.14,13.10,106.45
2.7661,0.1448,11.863,19.47,126.99,67.96
2.7671,0.0333,7.452,257.50,334.47,98.04
2.7673,0.1439,14.443,62.57,262.22,206.75
2.7677,0.1752,18.129,240.64,307.98,336.90
2.7677,0.1395,17.176,262.12,157.73,81.95
2.7685,0.0795,7.344,236.32,279.83,301.61
2.7691,0.1238,8.000,276.94,68.75,293.91
2.7694,0.1247,15.455,12.68,316.78,197.35
2.7695,0.2228,4.882,116.56,112.55,206.32
2.7697,0.0319,14.804,335.64,45.14,36.42
2.7700,0.1298,2.927,148.82,303.66,120.84
2.7701,0.0912,24.704,225.21,84.30,59.78
2.7703,0.1116,20.828,205.50,331.08,177.03
2.7704,0.1182,4.085,308.06,296.25,29.66
2.7714,0.1208,14.677,4.67,128.22,249.99
2.7720,0.0200,7.328,100.93,344.48,244.92
2.7721,0.1402,13.843,105.08,59.05,168.10
2.7721,0.1164,7.155,155.99,238.48,325.48
2.7722,0.0960,13.984,350.97,191.17,300.42
2.7722,0.1155,8.133,180.14,139.63,225.65
2.7725,0.0794,15.504,140.82,321.03,217.14
2.7728,0.1140,25.394,189.90,72.37,332.85
2.7732,0.1344,6.930,77.82,87.28,276.93
2.7732,0.0745,1.940,156.86,198.08,294.11
2.7734,0.1797,6.831,272.15,64.17,235.20
2.7735,0.0734,15.646,92.11,233.68,83.26
2.7736,0.2215,18.777,57.13,163.40,241.16
2.7740,0.1475,9.881,250.56,281.42,43.65
2.7741,0.1284,10.636,97.95,239.01,262.31
2.7745,0.1486,3.118,317.97,141.33,159.30
2.7746,0.1702,9.966,115.00,140.12,326.17
2.7746,0.0123,6.795,7.13,74.61,146.03
2.7747,0.1448,2.206,197.05,251.77,54.22
2.7755,0.1211,6.907,46.89,301.55,167.74
2.7757,0.1724,8.782,183.16,101.65,243.95
2.7761,0.2257,6.389,35.85,73.15,183.74
2.7764,0.1893,8.474,299.05,299.97,143.76
2.7766,0.2102,7.910,211.96,160.35,35.01
2.7766,0.1639,7.070,61.79,75.81,237.46
2.7769,0.0735,11.388,279.08,190.85,27.53
2.7770,0.0945,15.869,58.82,192.03,80.59
2.7772,0.1110,16.749,348.93,328.08,39.38
2.7774,0.1218,10.104,241.48,109.35,109.72
2.7778,0.0512,15.084,355.14,227.73,350.66
2.7780,0.1413,14.568,2.88,254.93,258.83
2.7781,0.1496,12.012,236.38,8.68,164.78
2.7782,0.1318,9.150,177.81,1.58,348.07
2.7790,0.1151,13.004,204.06,146.21,190.17
2.7795,0.0998,7.810,129.54,3.47,92.02
2.7797,0.1266,12.612,131.72,272.55,204.53
2.7798,0.0809,24.862,80.75,70.43,249.87
2.7798,0.0598,12.343,278.72,355.13,309.29
2.7799,0.1000,11.809,246.64,79.17,109.49
2.7799,0.0615,2.933,184.93,308.01,54.34
2.7800,0.0684,10.391,113.76,69.84,188.45
2.7800,0.1144,8.752,125.06,353.95,353.43
2.7801,0.2725,12.191,332.37,51.27,192.89
2.7804,0.1336,5.667,82.76,131.78,201.19
2.7805,0.1942,3.801,119.85,134.39,89.10
2.7806,0.1502,17.202,92.73,181.02,297.11
2.7807,0.1950,10.990,292.20,196.10,245.64
2.7807,0.0863,14.822,316.58,177.44,49.31
2.7816,0.1388,5.964,23.49,111.36,262.07
2.7818,0.2049,4.559,222.04,238.49,299.99
2.7818,0.1190,12.441,9.36,213.48,208.73
2.7819,0.1244,13.846,190.20,77.50,133.44
2.7822,0.1791,13.673,161.26,1.17,142.63
2.7825,0.1541,8.785,31.88,84.43,357.25
2.7832,0.0918,10.984,209.69,317.59,267.91
2.7837,0.0189,19.829,339.05,242.06,53.72
2.7839,0.1263,8.302,112.45,355.71,146.54
2.7840,0.1350,5.967,145.71,100.52,267.58
2.7842,0.0891,14.850,138.20,321.41,139.15
2.7843,0.1316,13.808,238.72,255.98,93.15
2.7844,0.0198,14.386,117.35,296.18,125.26
2.7845,0.1483,7.840,208.31,32.13,263.34
2.7846,0.2300,10.849,143.67,309.57,179.13
2.7848,0.2488,8.124,334.50,66.16,102.55
2.7850,0.1593,13.109,252.45,50.46,279.27
2.7852,0.1960,17.724,337.75,331.64,289.89
2.7854,0.1333,2.969,96.98,273.11,286.47
2.7859,0.1538,12.567,225.58,31.55,143.88
2.7861,0.2182,21.125,108.76,86.58,89.75
2.7869,0.0549,1.289,104.03,100.19,217.31
2.7876,0.0542,6.186,92.67,17.28,119.47
2.7880,0.0960,25.091,97.92,351.89,76.45
2.7882,0.1068,8.495,47.51,193.33,246.95
2.7883,0.2933,16.502,187.21,8.64,268.59
2.7889,0.0555,11.025,251.82,168.55,280.01
2.7891,0.0527,13.022,257.85,81.74,287.57
2.7897,0.1386,20.468,21.07,7.80,277.32
2.7900,0.1648,7.878,352.75,344.02,130.59
2.7903,0.0581,18.148,11.22,260.84,301.45
2.7906,0.0716,6.659,142.36,245.38,88.04
2.7907,0.1242,12.462,43.62,311.08,205.13
2.7911,0.0952,11.947,90.82,331.11,102.76
2.7913,0.0480,21.832,46.82,289.53,170.56
2.7913,0.0701,18.393,356.13,79.58,62.38
2.7913,0.1492,12.946,195.94,27.24,112.29
2.7918,0.0572,8.161,8.22,99.09,281.04
2.7920,0.0359,18.517,275.38,69.48,355.03
2.7923,0.2232,14.754,17.06,297.40,242.76
2.7924,0.1276,9.601,258.12,323.89,238.99
2.7926,0.1560,6.627,286.58,23.93,159.06
2.7926,0.1784,13.933,330.36,65.11,306.97
2.7926,0.0375,11.560,102.62,218.76,54.47
2.7926,0.1675,13.832,118.40,256.39,56.37
2.7930,0.1298,8.344,108.22,93.11,279.79
2.7931,0.1092,3.784,88.68,109.74,251.55
2.7935,0.1203,15.186,231.88,7.54,63.67
2.7936,0.1682,10.494,168.31,217.90,199.33
2.7940,0.2404,5.628,93.24,42.45,134.94
2.7945,0.1285,14.722,89.82,244.76,303.90
2.7950,0.1406,2.476,136.88,356.27,247.18
2.7953,0.1473,4.581,213.31,76.58,262.25
2.7954,0.1875,7.439,287.33,301.98,97.14
2.7955,0.0995,24.959,130.51,119.23,1.24
2.7957,0.1337,20.374,118.93,106.37,282.65
2.7961,0.1191,15.238,272.89,288.48,342.51
2.7964,0.1133,19.130,250.23,95.81,162.18
2.7965,0.0800,10.284,304.39,119.92,216.89
2.7968,0.0542,5.407,192.27,346.77,111.94
2.7970,0.1762,22.165,264.72,348.07,330.44
2.7971,0.1862,7.227,319.81,316.06,136.20
2.7971,0.0581,2.747,3.49,116.85,76.99
2.7983,0.1056,10.088,90.70,131.26,164.37
2.7983,0.0714,3.153,325.86,208.06,106.54
2.7983,0.1158,3.921,241.02,232.16,73.44
2.7984,0.1186,9.477,19.10,134.59,76.79
2.7991,0.1886,2.391,80.58,290.38,208.00
2.7997,0.0883,3.939,115.22,149.20,349.23
2.8001,0.1055,8.637,101.97,34.33,50.03
2.8003,0.2261,12.660,243.65,243.32,106.67
2.8005,0.1070,11.989,118.61,256.68,178.57
2.8010,0.0715,13.047,348.86,268.90,96.18
2.8010,0.0297,2.767,144.52,116.58,205.36
2.8010,0.0028,5.911,179.72,92.01,227.79
2.8015,0.1766,12.193,165.39,290.46,49.39
2.8016,0.2709,18.261,222.37,115.32,354.13
2.8016,0.1080,8.623,135.00,64.02,138.42
2.8023,0.0125,10.593,266.04,0.84,332.89
2.8028,0.2880,7.443,241.58,104.22,322.07
2.8029,0.2092,14.253,68.51,40.12,199.03
2.8038,0.1072,8.478,259.31,26.92,210.70
2.8039,0.1243,4.251,229.32,284.41,342.18
2.8042,0.0468,4.785,131.74,22.13,191.28
2.8043,0.0977,1.733,292.32,112.71,19.28
2.8049,0.0732,5.244,320.30,62.45,224.54
2.8055,0.1483,17.914,51.73,123.95,172.13
2.8060,0.1846,9.727,353.74,243.56,166.38
2.8060,0.0797,13.330,207.47,45.76,77.40
2.8063,0.1561,12.288,294.84,130.42,326.01
2.8065,0.0391,1.169,32.14,152.89,75.62
2.8067,0.0778,18.170,145.30,35.14,83.68
2.8071,0.0952,5.045,21.08,8.88,132.36
2.8073,0.0878,7.463,217.93,338.70,119.09
2.8076,0.1251,11.716,192.96,220.26,27.09
2.8078,0.1945,10.243,61.39,167.63,297.89
2.8078,0.0894,12.289,290.85,166.29,322.74
2.8081,0.0578,6.400,221.85,114.00,257.64
2.8082,0.1288,10.404,314.70,102.46,136.12
2.8089,0.2750,6.205,30.69,301.36,135.95
2.8097,0.1016,8.744,212.02,287.10,336.33
2.8104,0.1016,2.312,131.19,219.91,27.97
2.8104,0.0824,11.475,29.50,241.06,89.67
2.8112,0.2525,8.462,49.88,268.90,162.75
2.8113,0.0691,4.495,32.77,329.91,63.22
2.8124,0.2050,16.738,56.35,155.72,310.36
2.8132,0.1850,16.901,102.48,242.36,121.36
2.8132,0.2230,15.330,35.26,114.44,239.59
2.8153,0.2178,13.775,282.98,162.34,287.56
2.8153,0.0826,14.292,328.48,99.49,225.98
2.8154,0.1080,5.993,10.29,89.60,68.33
2.8167,0.2347,28.193,264.93,311.15,295.04
2.8182,0.0656,12.438,217.35,127.33,274.38
2.8185,0.1648,7.165,326.76,135.09,186.71
2.8196,0.1358,15.473,178.67,135.04,120.86
2.8203,0.0388,12.847,355.43,119.30,160.49
2.8204,0.1602,13.110,181.51,2.02,345.38
2.8250,0.2355,15.399,181.16,107.65,42.38
2.8305,0.0612,14.649,96.36,86.00,182.09
2.8308,0.1332,10.048,318.47,7.65,259.80
2.8337,0.1334,5.133,333.62,229.26,129.05
2.8341,0.0750,10.515,241.71,266.67,279.15
2.8359,0.1219,5.656,106.76,90.59,203.65
2.8359,0.1817,6.334,234.27,32.72,163.12
2.8360,0.1791,9.752,323.92,86.45,21.72
2.8367,0.0601,8.793,238.53,19.04,43.51
2.8372,0.0464,10.433,4.18,181.35,61.79
2.8373,0.0351,18.813,138.51,297.12,348.58
2.8375,0.1819,5.506,121.33,190.91,303.54
2.8376,0.0631,18.845,118.85,94.54,322.73
2.8381,0.0814,3.637,345.39,301.87,118.43
2.8394,0.2171,20.898,153.81,74.49,255.26
2.8403,0.1097,22.703,9.64,53.38,332.09
2.8405,0.1891,11.061,253.03,141.25,18.18
2.8417,0.1025,16.885,62.51,313.25,8.11
2.8418,0.1162,11.778,78.20,269.57,273.31
2.8424,0.0698,9.666,44.41,310.92,244.33
2.8430,0.2737,14.089,130.91,232.80,137.80
2.8431,0.1268,9.735,158.00,231.47,145.56
2.8431,0.1511,13.471,104.30,77.16,189.32
2.8438,0.0745,22.637,324.65,281.69,170.54
2.8441,0.1123,18.680,318.05,194.56,24.52
2.8445,0.0975,8.690,291.47,68.47,336.05
2.8446,0.0981,10.226,305.85,149.54,149.27
2.8447,0.1990,15.898,250.39,213.38,166.20
2.8448,0.0572,10.230,312.43,150.37,169.69
2.8453,0.1534,5.925,120.82,100.12,309.41
2.8457,0.0414,12.138,73.95,334.86,87.70
2.8462,0.1453,11.226,138.92,10.17,16.73
2.8464,0.0824,7.917,60.13,26.17,229.94
2.8465,0.0874,10.216,85.46,137.67,115.78
2.8466,0.0725,7.135,175.79,122.19,132.91
2.8467,0.0475,19.480,180.92,292.06,358.26
2.8470,0.1776,2.078,90.42,63.52,113.56
2.8471,0.1004,8.156,68.24,211.84,64.26
2.8472,0.0714,11.652,17.24,90.68,3.04
2.8476,0.0915,12.461,353.91,268.99,42.60
2.8477,0.0851,14.117,323.36,294.61,247.02
2.8478,0.1509,11.559,224.35,25.75,318.65
2.8478,0.1504,3.280,296.66,183.89,41.76
2.8478,0.2430,7.612,275.52,287.04,213.83
2.8481,0.1447,10.306,19.57,190.03,355.63
2.8482,0.0623,3.504,26.56,248.02,117.51
2.8485,0.1114,9.080,273.49,321.42,266.23
2.8488,0.2298,12.760,299.24,330.52,238.55
2.8495,0.0479,11.211,346.26,244.31,86.41
2.8499,0.0558,3.872,65.14,201.37,42.95
2.8501,0.1829,6.577,210.75,224.51,63.58
2.8501,0.0609,2.115,242.43,165.04,143.41
2.8502,0.0110,3.735,136.65,181.03,49.40
2.8503,0.2129,5.171,210.59,153.39,86.73
2.8503,0.1096,12.052,305.90,189.39,300.80
2.8504,0.0606,8.877,156.54,296.02,51.61
2.8506,0.0870,13.872,49.90,136.21,109.19
2.8507,0.0408,20.377,165.88,179.37,7.92
2.8507,0.1580,3.718,196.97,145.11,22.62
2.8507,0.0441,16.253,117.82,128.41,288.60
2.8511,0.0495,3.704,201.55,214.87,285.31
2.8512,0.0958,8.527,64.76,255.45,133.66
2.8515,0.0599,6.744,192.49,269.55,331.29
2.8515,0.0407,6.387,18.20,136.95,220.61
2.8516,0.2312,7.391,136.97,224.33,53.88
2.8518,0.0767,7.513,104.10,209.58,7.56
2.8521,0.0744,7.472,125.63,77.97,161.94
2.8524,0.1026,18.481,212.42,104.46,192.41
2.8524,0.1819,20.064,262.63,283.65,158.14
2.8526,0.1377,6.362,111.52,109.30,346.42
2.8526,0.1124,16.715,204.29,82.33,257.45
2.8528,0.0694,2.608,241.68,330.66,144.17
2.8533,0.0893,19.752,10.31,324.09,193.32
2.8535,0.0333,24.286,94.54,68.66,298.68
2.8536,0.2390,11.505,223.26,342.79,261.76
2.8538,0.2170,16.118,291.39,213.03,3.20
2.8539,0.0568,7.830,287.46,110.92,260.02
2.8539,0.2034,16.347,311.29,62.56,83.98
2.8540,0.1000,13.071,349.77,148.40,160.48
2.8541,0.1150,5.148,256.66,77.83,291.72
2.8548,0.2023,17.800,61.34,257.34,232.09
2.8550,0.3269,7.388,246.49,319.82,141.00
2.8551,0.0707,4.318,76.17,222.76,181.13
2.8552,0.0681,18.765,251.63,74.76,19.53
2.8553,0.0749,13.374,331.66,38.75,219.82
2.8554,0.0117,12.104,163.10,289.47,220.58
2.8556,0.1065,9.952,8.64,183.61,77.20
2.8556,0.1628,3.952,185.95,165.25,326.86
2.8557,0.1530,4.897,10.22,245.53,67.65
2.8560,0.0853,6.390,143.76,356.85,320.02
2.8560,0.0264,8.068,348.39,50.28,151.34
2.8561,0.1510,21.803,288.70,170.57,298.70
2.8561,0.0654,15.747,316.17,61.53,258.97
2.8561,0.0711,19.953,235.19,354.14,341.28
2.8562,0.1078,7.910,178.18,234.74,291.82
2.8563,0.0203,4.908,326.61,173.03,190.10
2.8568,0.2357,8.967,203.29,262.94,258.73
2.8572,0.1781,8.292,178.60,231.22,2.62
2.8574,0.1214,18.369,198.78,74.08,117.68
2.8576,0.3175,6.181,209.73,90.87,167.36
2.8578,0.0082,13.596,317.46,287.60,309.84
2.8578,0.1194,7.595,46.83,89.10,281.35
2.8579,0.1423,17.239,115.94,13.62,87.33
2.8579,0.2508,17.055,141.58,201.13,19.56
2.8579,0.0778,11.057,301.00,162.06,342.08
2.8581,0.0674,13.085,98.56,80.95,201.64
2.8583,0.1052,21.080,89.66,59.30,81.57
2.8585,0.0414,5.695,77.91,90.66,126.82
2.8586,0.0726,2.781,30.70,326.88,153.35
2.8596,0.1801,10.682,77.71,339.63,3.77
2.8597,0.2771,7.476,206.36,256.19,288.27
2.8600,0.2126,10.413,249.62,341.61,125.73
2.8600,0.0632,13.412,54.05,95.88,298.77
2.8602,0.1626,17.969,109.81,87.34,14.85
2.8602,0.0617,0.310,111.81,174.80,188.58
2.8602,0.2231,3.352,113.49,229.54,198.56
2.8603,0.2644,19.281,239.45,81.52,86.76
2.8603,0.0616,10.196,12.58,340.46,94.43
2.8607,0.0833,10.005,251.78,100.82,93.53
2.8608,0.2621,8.522,339.00,175.39,302.47
2.8609,0.0634,6.133,42.27,174.19,241.00
2.8611,0.0396,9.390,252.85,22.39,209.95
2.8611,0.0717,7.515,70.37,2.88,30.76
2.8611,0.0977,6.463,111.77,205.48,345.03
2.8614,0.0979,5.039,50.31,286.01,273.97
2.8615,0.0777,7.677,294.13,29.98,307.43
2.8622,0.0335,3.237,91.49,105.88,219.03
2.8624,0.1215,5.522,332.09,130.36,225.83
2.8625,0.1858,5.774,272.99,39.96,37.24
2.8628,0.1289,11.046,82.53,154.22,27.29
2.8633,0.1609,8.398,269.19,337.28,168.99
2.8633,0.1463,24.211,309.79,288.65,169.88
2.8634,0.1919,4.779,107.51,165.68,244.88
2.8634,0.0966,5.658,55.49,99.56,288.52
2.8636,0.1131,11.719,220.40,69.37,265.14
2.8637,0.1369,13.204,138.21,331.78,33.83
2.8637,0.1433,3.315,267.53,87.77,1.04
2.8639,0.0547,10.225,111.90,299.97,108.30
2.8641,0.2096,6.711,66.57,7.84,141.08
2.8641,0.1917,8.538,251.71,40.82,278.44
2.8642,0.0655,2.906,113.02,260.15,98.75
2.8644,0.0965,13.437,24.17,97.04,343.01
2.8646,0.0971,8.997,38.36,207.79,7.79
2.8647,0.2413,4.974,35.82,198.74,76.48
2.8648,0.0770,23.851,215.76,359.81,347.73
2.8652,0.1415,10.982,208.16,295.30,6.41
2.8655,0.1544,4.915,29.71,238.90,255.60
2.8656,0.0466,6.491,82.27,228.38,302.46
2.8656,0.0264,17.539,128.42,274.57,113.43
2.8657,0.0352,3.702,171.04,9.56,108.52
2.8659,0.0342,4.495,54.35,141.71,354.57
2.8660,0.1782,4.874,194.25,254.53,5.42
2.8663,0.0975,7.211,134.38,333.12,203.61
2.8666,0.2900,32.799,26.44,139.79,55.73
2.8666,0.1749,11.826,207.19,169.19,325.23
2.8666,0.1198,7.273,67.40,188.61,7.18
2.8667,0.0597,4.681,83.13,2.72,288.43
2.8667,0.1368,24.469,159.98,153.35,196.06
2.8670,0.0191,9.953,163.05,6.12,191.73
2.8670,0.0544,4.173,182.25,96.76,138.77
2.8672,0.0995,9.577,69.61,145.98,310.91
2.8672,0.1975,15.131,146.74,176.67,331.16
2.8673,0.1752,12.333,73.28,298.58,5.47
2.8675,0.0286,11.325,333.84,215.54,268.93
2.8678,0.0240,9.334,134.91,260.86,9.09
2.8678,0.0442,10.405,1.83,71.80,19.95
2.8685,0.0670,5.450,199.53,253.10,252.97
2.8686,0.2439,4.794,212.19,73.96,158.68
2.8690,0.1488,3.098,85.18,335.29,329.21
2.8691,0.2157,4.774,149.38,346.10,25.65
2.8691,0.0344,15.641,34.50,89.29,191.36
2.8691,0.1234,15.360,203.69,98.13,11.79
2.8691,0.1389,6.356,337.31,326.56,227.68
2.8691,0.1795,3.321,178.29,3.71,143.36
2.8694,0.0123,19.608,208.32,171.12,118.18
2.8695,0.2368,6.244,261.36,314.61,225.25
2.8697,0.1534,10.290,310.16,172.11,286.11
2.8697,0.1397,13.102,217.43,83.11,103.85
2.8699,0.2190,12.023,302.64,351.96,251.92
2.8701,0.1180,19.021,195.50,187.77,120.26
2.8702,0.1461,13.610,176.11,168.13,280.19
2.8705,0.1297,4.846,323.90,28.19,201.80
2.8705,0.1764,10.385,259.04,146.41,90.72
2.8706,0.1702,8.442,15.88,116.54,91.41
2.8711,0.1294,4.974,307.97,347.87,152.03
2.8712,0.0893,5.500,58.45,234.48,31.77
2.8715,0.2086,5.642,113.87,1.99,275.57
2.8717,0.0670,6.808,74.44,188.91,288.42
2.8721,0.0893,6.723,51.93,346.25,301.16
2.8725,0.1245,5.541,286.80,11.25,262.83
2.8727,0.0892,7.378,17.70,14.84,306.44
2.8729,0.1784,17.883,160.87,190.99,173.96
2.8736,0.0709,17.263,252.71,23.45,274.19
2.8738,0.0286,16.280,189.98,275.99,198.30
2.8740,0.1324,18.109,220.12,17.03,317.06
2.8744,0.0213,17.335,169.97,191.05,336.51
2.8747,0.1020,10.049,220.86,120.94,24.35
2.8747,0.0072,9.909,293.61,226.47,248.57
2.8747,0.1151,17.317,69.92,130.79,135.67
2.8748,0.0015,13.748,13.14,349.11,127.62
2.8748,0.1261,13.890,77.40,181.19,280.27
2.8748,0.1597,7.335,144.50,249.63,351.91
2.8749,0.1869,11.120,190.58,41.70,161.19
2.8750,0.0804,19.121,254.97,174.41,242.14
2.8758,0.1184,3.615,74.08,317.03,293.20
2.8759,0.2329,9.169,99.34,248.64,115.11
2.8759,0.1408,10.515,308.65,210.45,2.42
2.8760,0.0689,10.676,65.94,286.75,98.62
2.8760,0.0997,8.743,52.41,325.53,98.12
2.8761,0.0804,11.863,8.41,268.56,72.48
2.8762,0.1955,14.739,273.86,185.56,206.90
2.8763,0.0329,14.902,88.45,96.72,302.53
2.8765,0.1657,7.771,140.90,226.22,89.70
2.8765,0.2590,10.633,57.67,334.57,196.82
2.8768,0.1571,8.262,354.78,289.52,69.58
2.8768,0.1172,8.673,287.63,146.79,278.11
2.8771,0.1180,12.294,151.73,209.54,298.77
2.8771,0.1192,28.111,258.43,172.92,41.47
2.8775,0.0744,19.696,66.83,104.39,70.57
2.8778,0.2660,13.697,315.18,269.16,97.93
2.8780,0.0847,18.715,305.28,48.22,297.30
2.8780,0.1475,5.042,81.85,203.30,91.06
2.8781,0.1119,17.166,234.95,268.90,240.94
2.8782,0.1580,3.868,150.07,212.11,125.16
2.8785,0.0740,14.207,333.26,88.48,160.09
2.8786,0.1963,11.307,177.06,242.76,259.15
2.8786,0.0087,15.360,239.12,79.98,46.26
2.8788,0.1078,3.443,132.27,113.07,355.88
2.8790,0.2509,7.168,69.23,80.57,13.50
2.8794,0.1030,11.887,25.03,236.80,258.97
2.8794,0.2123,12.944,229.95,63.14,272.05
2.8795,0.3016,14.144,36.78,210.66,312.56
2.8798,0.1671,10.638,306.81,174.67,251.47
2.8799,0.0393,13.392,47.16,241.50,206.53
2.8800,0.2287,1.762,270.97,97.98,143.50
2.8801,0.0404,14.924,240.80,280.73,336.57
2.8802,0.0387,8.074,202.53,140.39,325.14
2.8803,0.0609,23.032,129.52,171.88,233.31
2.8803,0.2512,15.271,83.25,301.39,120.19
2.8803,0.1587,7.661,228.51,248.80,44.32
2.8805,0.1127,6.822,327.78,298.90,118.86
2.8806,0.0668,14.012,345.84,323.58,112.87
2.8806,0.0547,6.841,5.33,193.99,257.36
2.8807,0.0508,5.876,220.05,151.62,95.67
2.8809,0.0686,10.732,336.20,35.20,10.20
2.8810,0.2148,8.960,183.09,344.43,68.08
2.8812,0.1596,12.689,18.82,140.52,310.94
2.8812,0.2057,6.495,114.29,67.05,274.97
2.8813,0.2600,6.074,302.28,266.53,70.57
2.8813,0.1226,20.570,349.01,73.04,259.50
2.8815,0.1319,18.926,340.66,80.98,108.53
2.8816,0.0625,15.897,20.45,63.43,348.72
2.8816,0.1731,7.478,105.47,329.14,276.58
2.8816,0.0495,2.998,190.50,299.82,186.53
2.8817,0.1064,10.583,218.79,252.96,274.53
2.8817,0.0693,9.021,184.36,248.19,48.96
2.8819,0.2390,12.583,303.69,259.08,197.89
2.8820,0.0943,11.924,258.46,135.12,218.54
2.8820,0.0915,10.668,148.76,344.09,162.92
2.8822,0.1501,8.943,270.07,159.83,200.32
2.8822,0.0430,8.680,177.84,200.16,278.14
2.8824,0.0880,11.149,356.56,203.66,196.02
2.8825,0.0307,6.691,41.98,31.97,73.34
2.8826,0.1409,27.753,359.94,101.85,311.21
2.8832,0.0805,12.030,193.71,294.51,183.50
2.8833,0.0521,8.604,15.85,137.89,84.12
2.8834,0.0670,14.353,251.63,259.19,232.35
2.8836,0.1289,10.406,330.95,198.68,173.14
2.8836,0.1479,10.873,29.24,288.79,63.26
2.8836,0.0987,4.645,121.46,242.31,75.08
2.8837,0.0190,6.756,29.51,300.67,272.22
2.8838,0.1350,5.179,19.95,36.24,280.96
2.8838,0.0929,12.992,194.50,30.79,201.97
2.8840,0.1151,25.266,31.02,81.52,357.59
2.8846,0.3137,16.207,158.70,278.11,139.84
2.8847,0.0797,19.301,67.49,145.16,5.73
2.8849,0.1439,5.608,65.52,321.50,245.61
2.8849,0.1460,9.048,329.51,249.93,265.10
2.8852,0.2478,5.655,353.78,77.69,318.83
2.8854,0.0404,9.382,230.78,282.81,159.51
2.8855,0.0439,9.729,17.02,57.89,117.90
2.8855,0.0970,21.123,345.34,142.55,175.14
2.8857,0.0351,4.033,148.71,170.53,355.03
2.8857,0.1258,11.295,203.36,236.74,84.17
2.8859,0.1934,22.189,223.28,3.17,99.78
2.8859,0.1259,13.813,240.86,197.88,274.99
2.8861,0.0778,6.732,203.49,259.86,13.29
2.8862,0.0960,13.511,348.38,103.09,165.97
2.8862,0.0625,8.291,10.64,180.51,146.65
2.8863,0.1993,24.828,78.44,196.16,192.36
2.8864,0.1442,17.494,149.29,332.09,232.17
2.8864,0.0238,4.142,77.54,41.25,316.72
2.8866,0.0621,2.411,86.06,176.73,293.56
2.8866,0.0612,13.276,176.75,8.22,212.64
2.8868,0.2755,3.152,132.64,65.11,340.32
2.8869,0.2161,8.915,170.28,95.77,113.59
2.8873,0.0403,2.383,123.46,218.00,252.48
2.8874,0.1402,4.850,291.61,53.81,165.79
2.8875,0.1312,3.141,266.06,303.24,137.55
2.8877,0.1071,11.595,76.75,257.36,215.45
2.8877,0.1629,14.398,126.70,183.29,172.68
2.8878,0.2421,13.946,171.84,359.58,87.35
2.8881,0.1374,16.622,156.76,339.40,313.18
2.8886,0.0873,16.202,98.99,39.80,40.22
2.8887,0.1401,10.327,19.02,144.88,335.27
2.8887,0.1236,3.811,327.24,299.91,251.29
2.8894,0.1482,6.766,264.30,38.68,60.88
2.8901,0.1658,14.039,181.28,42.12,263.17
2.8905,0.1511,16.820,91.60,155.34,71.19
2.8911,0.1746,12.572,144.45,232.44,106.44
2.8912,0.3027,19.149,29.26,71.15,73.91
2.8913,0.1416,5.610,54.92,213.16,152.04
2.8916,0.1007,7.616,98.41,257.17,321.08
2.8916,0.0113,12.488,103.48,261.95,152.86
2.8917,0.0606,7.093,340.34,143.39,318.42
2.8917,0.1612,8.394,63.97,59.03,197.63
2.8917,0.2344,11.373,301.98,217.47,290.02
2.8919,0.0595,10.915,124.89,131.94,133.62
2.8921,0.0516,10.509,130.94,224.98,115.70
2.8922,0.1764,23.014,4.28,120.45,42.73
2.8929,0.0937,9.642,294.22,292.86,218.50
2.8929,0.1553,11.785,168.59,61.68,330.90
2.8931,0.0174,13.319,107.16,352.88,334.38
2.8935,0.1446,4.447,277.01,238.55,58.32
2.8939,0.1299,4.380,34.81,58.64,43.86
2.8939,0.0057,8.386,199.65,66.06,305.37
2.8940,0.1489,13.895,80.97,164.03,49.82
2.8940,0.0541,8.741,123.49,176.63,184.52
2.8942,0.1694,7.331,262.81,319.55,247.96
2.8944,0.1302,10.599,170.60,77.41,330.10
2.8945,0.2621,6.697,124.32,173.52,167.98
2.8946,0.0543,6.502,98.69,28.58,128.02
2.8947,0.0810,6.623,192.92,165.76,253.21
2.8947,0.1777,15.437,176.14,3.10,124.85
2.8947,0.0373,10.456,110.37,36.17,103.14
2.8949,0.1285,4.009,84.20,235.14,176.38
2.8952,0.0595,3.288,172.57,312.71,75.95
2.8953,0.1154,10.918,152.90,329.00,136.64
2.8960,0.1775,8.888,96.80,154.78,240.90
2.8960,0.1081,19.755,241.31,124.76,294.13
2.8966,0.1805,2.988,185.09,339.64,286.86
2.8966,0.1089,17.685,211.85,322.13,165.50
2.8967,0.1694,13.088,123.20,213.28,353.19
2.8967,0.1147,3.583,205.64,71.40,338.14
2.8967,0.0995,7.320,319.52,278.63,28.56
2.8970,0.1602,17.984,237.96,163.85,63.52
2.8970,0.0099,5.559,97.02,2.58,74.28
2.8971,0.1959,4.545,157.73,147.25,212.31
2.8973,0.3130,3.478,257.52,38.16,187.44
2.8975,0.0675,8.450,245.08,268.12,280.19
2.8976,0.1062,13.809,205.44,45.54,303.09
2.8980,0.0532,6.570,322.36,146.67,143.19
2.8980,0.1220,9.210,121.15,112.75,33.90
2.8984,0.1978,5.626,103.91,333.92,175.97
2.8984,0.0928,10.811,317.02,297.35,13.85
2.8985,0.1276,5.520,14.81,146.80,307.24
2.8985,0.2761,14.824,135.72,98.59,322.14
2.8985,0.2891,9.988,60.94,9.21,166.48
2.8990,0.0847,11.810,155.13,121.73,240.70
2.8991,0.1055,5.352,120.30,207.11,198.89
2.8991,0.1582,18.766,70.16,276.24,84.24
2.8992,0.1114,8.650,312.66,1.86,331.86
2.8992,0.0726,10.817,147.70,209.21,334.52
2.8994,0.1506,5.122,18.70,319.68,232.72
2.8996,0.2410,0.782,264.93,323.72,227.25
2.8997,0.0586,3.032,290.63,239.31,339.37
2.8997,0.2960,7.622,267.32,130.16,336.61
2.8997,0.1367,9.936,75.85,190.82,286.11
2.8997,0.0567,8.459,125.38,171.62,274.35
2.9002,0.1881,11.358,164.74,342.87,116.22
2.9003,0.1510,8.094,230.21,94.76,258.60
2.9008,0.0814,14.678,306.33,150.06,98.15
2.9011,0.0953,5.963,230.84,159.97,67.24
2.9012,0.1122,12.856,214.17,208.53,278.28
2.9012,0.1011,14.984,305.16,338.44,331.17
2.9013,0.1428,8.485,312.45,190.47,87.31
2.9013,0.3197,11.890,331.03,149.59,191.67
2.9015,0.0706,8.332,177.17,251.50,84.88
2.9016,0.0052,2.748,23.57,175.34,280.93
2.9016,0.1994,10.093,242.93,358.30,81.01
2.9017,0.1753,7.843,72.29,37.61,200.98
2.9018,0.0808,10.735,151.11,297.56,275.51
2.9020,0.0877,4.769,355.38,182.75,358.96
2.9024,0.0529,14.543,135.45,129.99,236.64
2.9027,0.1368,16.430,82.99,66.09,146.51
2.9027,0.1412,16.237,68.58,242.71,2.78
2.9028,0.0849,24.810,276.87,40.99,349.60
2.9030,0.1165,11.311,56.56,94.88,243.96
2.9035,0.0365,10.147,224.15,289.55,104.33
2.9037,0.1200,11.823,357.41,40.70,278.02
2.9038,0.0422,8.551,49.35,224.77,77.65
2.9040,0.3034,9.344,338.35,327.02,20.85
2.9041,0.0772,9.294,153.52,129.63,22.50
2.9042,0.1975,15.095,230.10,68.51,140.34
2.9048,0.0967,16.944,71.43,298.36,191.21
2.9049,0.1247,10.661,38.82,134.74,22.89
2.9052,0.2206,6.603,1.11,44.47,187.71
2.9054,0.2698,4.501,313.66,118.85,2.64
2.9054,0.2713,16.734,148.05,224.39,111.57
2.9055,0.2062,8.412,347.62,13.35,328.32
2.9056,0.1003,4.624,193.16,35.22,315.02
2.9059,0.0938,4.456,18.91,315.15,208.94
2.9059,0.2397,9.525,5.62,206.49,202.17
2.9064,0.1119,10.106,263.42,213.35,140.34
2.9065,0.0658,7.614,26.18,75.36,268.88
2.9067,0.2465,15.014,344.24,174.39,344.81
2.9068,0.1341,5.319,128.12,305.51,160.55
2.9068,0.2023,3.224,334.30,157.94,293.97
2.9069,0.1510,15.203,204.68,190.40,298.30
2.9069,0.1152,13.014,145.35,46.54,107.90
2.9070,0.1266,2.248,337.33,37.59,122.70
2.9072,0.0515,7.613,78.70,112.84,203.14
2.9072,0.2811,9.286,81.41,91.30,121.77
2.9077,0.1095,8.416,159.39,18.16,30.52
2.9077,0.2116,9.665,204.53,316.24,259.14
2.9078,0.1768,7.436,123.00,30.31,243.77
2.9079,0.0552,8.982,320.26,343.29,88.48
2.9080,0.2491,20.341,27.62,207.91,200.21
2.9081,0.0730,14.406,160.40,289.71,113.52
2.9085,0.0820,13.249,58.53,106.28,277.59
2.9085,0.1515,10.784,143.48,34.58,324.38
2.9088,0.0520,15.058,264.83,294.74,278.08
2.9089,0.1119,12.065,203.66,225.94,187.46
2.9093,0.0487,11.183,20.28,140.71,213.53
2.9094,0.1471,20.361,224.78,180.29,352.51
2.9096,0.2940,30.986,350.96,109.71,343.16
2.9100,0.2083,12.348,274.05,287.24,167.86
2.9101,0.1899,4.732,251.31,194.28,193.10
2.9103,0.2404,12.155,202.75,215.09,283.72
2.9104,0.0281,15.281,99.89,320.94,4.88
2.9108,0.1204,5.954,94.38,64.53,287.51
2.9109,0.1841,15.970,139.42,302.02,221.03
2.9109,0.0158,5.206,9.27,229.96,5.64
2.9110,0.0948,10.622,157.30,338.70,100.79
2.9110,0.0957,9.147,281.15,342.28,70.92
2.9110,0.2637,3.916,130.64,161.59,82.01
2.9116,0.1703,11.076,175.09,153.13,60.36
2.9117,0.0670,3.124,290.89,321.69,312.91
2.9119,0.2544,0.335,317.44,128.11,107.21
2.9120,0.0433,5.089,45.86,258.88,21.93
2.9121,0.0899,16.157,32.55,210.72,331.95
2.9122,0.1207,2.123,269.59,103.28,280.07
2.9123,0.1067,8.903,118.40,301.15,344.58
2.9123,0.1126,11.826,288.32,39.36,27.33
2.9128,0.0588,8.467,228.81,324.80,151.59
2.9128,0.0903,15.817,275.78,339.17,326.06
2.9129,0.0891,10.414,175.54,359.75,170.86
2.9130,0.1178,4.926,302.42,291.15,248.70
2.9131,0.0578,3.400,96.11,101.48,56.30
2.9133,0.1405,1.687,77.04,321.99,346.27
2.9134,0.0256,16.570,107.65,346.77,278.99
2.9135,0.1537,10.387,181.45,323.01,215.64
2.9136,0.0421,6.392,68.37,101.40,307.25
2.9137,0.2354,8.932,83.73,38.70,71.44
2.9138,0.1280,12.230,179.85,75.21,344.75
2.9141,0.0591,12.780,260.43,162.98,342.13
2.9142,0.1558,14.915,133.95,321.80,234.69
2.9143,0.2651,8.666,255.90,169.76,249.46
2.9144,0.1016,11.519,279.50,321.21,310.74
2.9145,0.2091,12.910,145.21,238.54,220.24
2.9146,0.1372,13.034,51.84,265.28,251.47
2.9149,0.0714,15.762,230.96,4.43,217.98
2.9150,0.0967,4.990,209.81,327.40,120.80
2.9152,0.0642,18.010,126.45,83.17,180.00
2.9152,0.0469,17.246,44.82,345.24,353.08
2.9154,0.0172,12.609,243.16,20.49,198.90
2.9159,0.1243,15.180,209.92,24.54,329.99
2.9160,0.0110,4.967,66.90,178.44,76.33
2.9160,0.1509,23.620,72.01,240.40,85.01
2.9161,0.2634,11.913,1.91,91.70,277.87
2.9164,0.0308,7.667,253.36,85.46,350.90
2.9164,0.0852,16.609,266.62,128.78,230.57
2.9166,0.1613,15.818,136.75,196.92,137.12
2.9167,0.2403,11.494,63.77,180.47,65.46
2.9169,0.3232,8.415,290.84,253.14,196.51
2.9170,0.1889,8.675,348.92,89.36,6.96
2.9170,0.1341,14.894,286.36,236.62,76.01
2.9171,0.1354,24.026,125.24,307.84,11.61
2.9173,0.0763,15.724,262.65,332.75,141.97
2.9174,0.0347,3.399,348.91,138.36,160.90
2.9177,0.1507,12.261,126.58,344.76,24.60
2.9179,0.0928,16.933,38.11,294.23,125.92
2.9180,0.2820,4.835,358.06,311.23,177.06
2.9180,0.1677,13.000,160.16,161.47,57.20
2.9181,0.0881,11.750,337.11,14.43,223.70
2.9183,0.1263,9.963,36.62,235.51,130.74
2.9184,0.2033,3.214,115.38,310.67,206.19
2.9184,0.2551,17.996,81.65,10.58,183.29
2.9185,0.0787,24.099,102.55,2.91,65.46
2.9186,0.1518,8.565,197.93,223.26,59.51
2.9187,0.0629,3.519,233.38,184.15,354.40
2.9188,0.0553,14.587,265.77,61.33,189.12
2.9189,0.1204,26.794,220.68,311.90,242.02
2.9191,0.1701,13.276,17.89,117.60,231.12
2.9191,0.0658,20.751,257.16,214.41,118.47
2.9192,0.2512,9.906,28.49,224.86,248.27
2.9196,0.0767,14.715,32.55,318.59,20.00
2.9196,0.1962,7.712,81.58,306.69,87.51
2.9198,0.0208,7.411,323.68,40.69,265.65
2.9198,0.2121,24.425,188.79,84.50,195.02
2.9200,0.0622,7.434,310.87,215.11,166.51
2.9201,0.1998,7.762,193.64,79.50,99.85
2.9202,0.0375,5.807,311.75,331.08,176.99
2.9203,0.1185,9.280,49.44,122.50,286.60
2.9204,0.1901,11.285,58.70,101.15,112.97
2.9206,0.1241,2.999,129.15,185.70,278.31
2.9207,0.1125,12.640,208.33,191.67,165.69
2.9209,0.1368,21.548,298.45,264.49,81.85
2.9211,0.0806,15.674,38.98,115.54,46.78
2.9211,0.0324,17.112,12.54,173.47,110.15
2.9213,0.1458,8.798,302.91,94.72,63.50
2.9218,0.0374,18.198,147.17,229.72,0.00
2.9220,0.2270,14.276,263.14,191.10,233.51
2.9221,0.0641,5.118,25.54,128.67,185.92
2.9221,0.0456,11.761,324.45,27.02,263.26
2.9223,0.0891,16.766,305.43,57.16,51.43
2.9225,0.0829,7.162,254.76,16.14,113.38
2.9225,0.2567,7.805,231.81,224.44,52.29
2.9228,0.1356,3.797,259.15,134.36,16.38
2.9232,0.2327,9.660,149.09,143.43,257.84
2.9233,0.1689,22.822,47.43,135.39,44.73
2.9236,0.0656,10.650,65.75,326.16,123.52
2.9241,0.0527,11.747,11.19,0.52,18.22
2.9242,0.0637,2.213,161.38,104.12,133.27
2.9243,0.0996,4.519,27.57,155.06,167.35
2.9243,0.2340,11.238,244.39,304.84,286.72
2.9245,0.0657,5.319,275.82,41.15,91.61
2.9246,0.1210,9.055,39.65,165.07,49.56
2.9250,0.0665,4.490,219.84,330.20,333.87
2.9250,0.0809,1.972,6.50,98.49,231.66
2.9254,0.0633,7.676,338.00,13.29,172.32
2.9255,0.1230,5.243,320.74,54.39,181.94
2.9258,0.2090,11.979,11.95,253.70,251.32
2.9259,0.2459,11.003,229.49,253.04,214.57
2.9260,0.1282,5.123,184.85,63.06,203.67
2.9261,0.1228,13.294,139.69,250.67,288.00
2.9261,0.1055,8.897,299.55,266.22,319.65
2.9265,0.1080,9.512,124.58,296.10,194.52
2.9266,0.0897,12.456,68.40,46.65,346.46
2.9267,0.1337,5.990,258.75,235.40,300.11
2.9269,0.2734,18.007,258.51,344.49,257.84
2.9269,0.0733,20.847,71.37,280.81,73.63
2.9271,0.0191,21.032,207.21,38.05,195.91
2.9272,0.0916,10.209,223.13,314.66,149.18
2.9272,0.1308,25.703,238.37,30.97,322.98
2.9272,0.1983,8.010,296.19,92.89,255.91
2.9276,0.1421,10.207,101.42,33.38,311.21
2.9277,0.0326,4.670,353.53,32.82,193.14
2.9278,0.0430,5.723,167.69,97.74,46.44
2.9279,0.2923,14.025,125.52,276.78,5.70
2.9280,0.2085,13.814,303.53,47.58,86.56
2.9280,0.0893,8.180,184.57,352.93,215.40
2.9283,0.1068,10.643,325.86,166.13,114.33
2.9284,0.1465,5.824,90.77,168.32,318.41
2.9290,0.0766,8.936,127.72,91.49,203.39
2.9294,0.1295,9.540,287.40,4.98,332.91
2.9294,0.1419,14.673,323.84,283.86,199.80
2.9299,0.0901,5.721,356.33,31.98,162.64
2.9299,0.0901,7.387,129.32,153.32,352.73
2.9300,0.0241,2.207,37.79,356.73,33.04
2.9300,0.0826,8.157,243.19,43.91,257.13
2.9304,0.0846,1.555,311.70,206.95,257.97
2.9305,0.0617,7.400,359.34,251.13,170.73
2.9306,0.0392,10.111,342.75,161.23,33.79
2.9308,0.0609,17.736,31.47,278.86,244.72
2.9308,0.2814,7.279,67.77,26.24,165.48
2.9309,0.2223,13.648,278.71,83.59,309.43
2.9312,0.0621,7.889,286.48,218.38,211.42
2.9312,0.0944,11.418,164.09,186.37,59.03
2.9314,0.2138,1.601,50.74,99.95,86.43
2.9318,0.1837,12.930,63.25,130.32,146.69
2.9318,0.1109,10.571,3.74,140.73,133.37
2.9319,0.0599,6.494,358.34,37.60,296.69
2.9320,0.1446,10.787,85.53,220.02,85.18
2.9321,0.0695,32.233,224.13,350.74,79.25
2.9321,0.1435,0.971,8.29,204.41,320.00
2.9322,0.2576,10.665,212.66,101.23,198.87
2.9324,0.0956,16.208,202.45,231.13,154.10
2.9324,0.3358,5.980,70.07,209.14,20.90
2.9324,0.0955,8.419,146.53,9.99,187.52
2.9325,0.0969,1.316,79.87,269.74,116.20
2.9325,0.0689,13.297,220.41,32.18,84.69
2.9329,0.1494,8.501,315.56,221.70,351.74
2.9330,0.0988,14.873,41.51,60.66,231.54
2.9330,0.1833,18.511,9.01,336.32,195.99
2.9331,0.1527,14.002,29.74,126.99,112.31
2.9331,0.1552,3.685,19.99,97.87,255.15
2.9333,0.2160,10.268,297.72,274.36,23.25
2.9335,0.1484,7.944,168.07,105.05,308.45
2.9336,0.1448,12.773,91.90,94.71,354.94
2.9337,0.0827,13.715,104.87,174.02,312.44
2.9337,0.1227,12.246,314.81,198.29,262.06
2.9341,0.0967,9.863,122.87,153.91,184.52
2.9341,0.1704,10.517,269.24,75.07,31.38
2.9341,0.0124,26.306,58.19,327.61,234.06
2.9346,0.0807,3.601,124.50,255.00,37.52
2.9347,0.0990,19.695,182.41,69.52,355.01
2.9347,0.1101,19.738,223.30,46.60,256.87
2.9348,0.1523,5.948,353.89,161.89,194.62
2.9349,0.0164,9.284,250.88,91.51,223.67
2.9350,0.0923,7.712,47.71,187.04,125.35
2.9350,0.2612,14.193,77.46,140.78,111.02
2.9351,0.1829,19.227,100.92,227.60,352.29
2.9351,0.0696,6.114,76.38,266.03,182.67
2.9354,0.0930,12.654,244.21,210.12,222.32
2.9357,0.0934,22.746,140.27,178.41,273.30
2.9357,0.0780,24.277,248.15,105.98,311.08
2.9357,0.1214,6.513,68.00,256.43,232.71
2.9359,0.1413,5.297,275.37,81.46,279.70
2.9360,0.1761,7.162,78.84,158.12,28.80
2.9361,0.1033,5.149,244.33,176.71,108.49
2.9361,0.0923,22.622,265.14,181.55,217.06
2.9362,0.1208,18.693,176.69,19.83,149.74
2.9362,0.0520,8.917,32.45,198.79,180.74
2.9363,0.1078,15.874,278.83,38.62,318.81
2.9363,0.0779,10.387,271.54,74.64,162.94
2.9363,0.2606,12.911,265.42,48.56,330.73
2.9364,0.1166,7.226,333.17,305.90,187.36
2.9376,0.1760,8.230,83.19,119.05,83.60
2.9377,0.0670,11.222,334.58,248.56,102.37
2.9378,0.1109,6.303,199.04,326.97,278.81
2.9381,0.2070,15.143,211.70,350.98,238.11
2.9381,0.1422,7.341,273.55,27.08,17.98
2.9382,0.1919,2.812,90.33,344.59,52.19
2.9384,0.1099,7.137,158.55,31.23,92.85
2.9385,0.0485,6.070,307.41,131.53,210.38
2.9390,0.1535,16.568,280.55,159.06,163.32
2.9393,0.1638,9.752,8.95,203.47,162.87
2.9393,0.0631,15.899,57.90,186.22,211.82
2.9394,0.0465,6.855,195.54,292.44,105.18
2.9395,0.0399,12.432,18.78,42.45,328.20
2.9397,0.0881,12.819,82.21,70.64,336.26
2.9399,0.0573,3.486,67.50,238.00,317.52
2.9399,0.1057,6.864,339.19,306.17,255.07
2.9399,0.1906,6.194,106.57,135.36,188.13
2.9400,0.2322,17.033,18.89,351.24,244.13
2.9401,0.0580,11.286,251.26,337.63,215.96
2.9407,0.1311,19.466,313.16,25.36,98.32
2.9409,0.1458,4.629,95.90,138.05,70.69
2.9410,0.0944,17.214,201.40,348.66,255.59
2.9410,0.1412,8.604,224.86,279.92,105.24
2.9411,0.1202,5.742,244.98,262.28,217.92
2.9412,0.0927,7.594,59.67,61.10,134.30
2.9416,0.0982,8.270,86.35,171.35,56.07
2.9417,0.0595,3.810,135.72,306.56,13.05
2.9420,0.1293,7.884,288.04,236.23,19.28
2.9423,0.0649,15.084,20.26,221.29,62.42
2.9428,0.1863,6.268,180.39,329.58,264.50
2.9430,0.1869,13.861,135.78,310.97,302.35
2.9431,0.1724,7.013,233.00,268.04,92.70
2.9433,0.0745,18.487,174.03,39.05,88.11
2.9436,0.3292,14.816,249.49,199.45,242.23
2.9437,0.1855,7.942,205.99,17.23,309.37
2.9438,0.1204,6.729,339.85,214.62,101.28
2.9439,0.0595,13.650,310.59,176.23,301.01
2.9443,0.1544,5.302,183.58,325.34,208.56
2.9449,0.2195,5.071,11.41,190.96,303.22
2.9449,0.1382,9.182,297.57,60.99,96.99
2.9450,0.0956,6.196,86.05,35.57,295.66
2.9451,0.0446,15.493,186.55,15.83,228.83
2.9453,0.0119,20.874,129.32,20.72,194.07
2.9459,0.2052,10.288,325.76,140.09,354.31
2.9459,0.0629,17.763,94.39,250.83,216.57
2.9462,0.0478,13.347,259.21,336.69,84.83
2.9462,0.1503,14.764,48.41,330.30,258.31
2.9463,0.2303,14.980,68.63,165.33,64.56
2.9463,0.0071,3.316,318.73,172.46,325.25
2.9464,0.0697,8.436,72.04,353.09,350.80
2.9465,0.0321,9.924,247.35,256.70,15.81
2.9467,0.1247,12.780,263.63,18.01,251.17
2.9470,0.1537,14.038,33.92,240.58,332.08
2.9484,0.2958,14.212,116.09,136.04,111.15
2.9489,0.2120,7.845,339.19,317.25,214.52
2.9494,0.1343,17.119,347.03,260.99,326.07
2.9498,0.0467,18.881,300.78,280.44,107.62
2.9498,0.0670,8.332,36.42,223.65,180.01
2.9502,0.0479,16.371,52.31,108.70,285.87
2.9511,0.1410,5.384,186.85,134.60,150.35
2.9511,0.0289,5.179,78.95,277.54,209.58
2.9524,0.1830,7.896,37.88,312.58,88.88
2.9596,0.1469,5.958,204.68,165.99,173.52
2.9609,0.0596,16.288,14.90,357.64,301.69
2.9619,0.2140,10.049,333.51,165.59,36.89
2.9630,0.0784,15.217,281.34,279.05,79.88
2.9644,0.1560,14.512,33.42,356.94,144.95
2.9652,0.1688,8.346,310.86,27.79,351.33
2.9652,0.1663,13.196,95.25,213.31,176.05
2.9652,0.0210,2.373,24.21,357.78,124.34
2.9655,0.1539,15.215,69.43,181.41,353.06
2.9658,0.0580,6.819,79.80,157.35,284.21
2.9662,0.1268,10.575,75.52,185.48,204.51
2.9665,0.2625,2.320,182.79,26.15,159.35
2.9667,0.0362,7.303,60.70,340.98,205.96
2.9673,0.2340,24.597,83.07,65.32,7.65
2.9674,0.0114,11.874,312.51,14.35,131.98
2.9681,0.1073,25.086,54.53,320.90,261.73
2.9686,0.1808,9.732,317.57,39.89,205.49
2.9687,0.0480,6.864,35.40,272.53,97.79
2.9688,0.1822,12.578,125.61,221.71,68.83
2.9691,0.1432,9.621,292.10,268.44,136.88
2.9691,0.1216,10.240,24.85,129.40,11.80
2.9691,0.1594,14.953,229.48,139.96,267.25
2.9692,0.0881,11.225,67.59,139.54,35.56
2.9694,0.1613,2.201,230.20,50.88,285.51
2.9700,0.0695,21.274,351.00,359.51,6.64
2.9707,0.0880,7.178,283.69,273.68,51.31
2.9708,0.2288,25.256,186.20,334.37,58.87
2.9708,0.1280,13.081,229.48,359.07,68.97
2.9710,0.1934,8.143,38.55,281.79,205.40
2.9712,0.1874,10.408,357.32,22.28,164.64
2.9712,0.1670,27.228,137.81,335.85,354.22
2.9713,0.2313,19.427,17.05,54.21,107.17
2.9718,0.0289,19.270,228.18,304.42,202.37
2.9718,0.2003,3.429,108.68,157.88,243.73
2.9719,0.1449,7.858,304.30,120.29,98.03
2.9720,0.0576,11.279,44.64,169.10,304.97
2.9721,0.1114,7.360,257.14,207.15,83.94
2.9723,0.0860,4.933,43.27,219.11,206.39
2.9724,0.2459,9.363,251.00,86.47,344.11
2.9724,0.2318,14.674,343.31,315.10,134.84
2.9724,0.1134,12.439,50.31,87.34,80.04
2.9724,0.1606,4.776,20.47,356.73,97.11
2.9725,0.1047,12.355,34.64,17.61,163.38
2.9725,0.2197,4.517,132.92,309.03,208.19
2.9726,0.1375,3.529,225.50,304.78,295.73
2.9728,0.1704,7.703,157.54,174.34,203.77
2.9728,0.1177,7.800,228.94,9.56,323.75
2.9729,0.0531,12.463,98.42,337.42,125.30
2.9733,0.1548,6.848,120.50,340.91,230.23
2.9736,0.0765,7.681,140.44,86.94,334.78
2.9737,0.1071,5.251,124.75,314.25,205.93
2.9738,0.0954,8.794,153.76,98.32,219.53
2.9742,0.1279,15.080,155.23,247.99,300.26
2.9744,0.1525,21.828,354.86,186.51,183.22
2.9745,0.1489,9.011,209.46,83.44,224.75
2.9749,0.3467,2.580,153.90,246.91,278.35
2.9750,0.0256,1.738,174.52,344.61,141.38
2.9755,0.0183,8.826,248.05,337.46,335.36
2.9755,0.1432,14.692,196.19,326.50,93.47
2.9756,0.1730,16.278,8.03,271.99,292.88
2.9757,0.1226,13.622,289.65,1.29,187.05
2.9758,0.0412,11.923,328.15,184.61,86.56
2.9759,0.1205,8.714,153.00,270.69,280.18
2.9759,0.1177,8.947,126.76,33.56,241.67
2.9763,0.1906,4.497,193.46,176.03,306.58
2.9765,0.0645,9.321,170.81,251.93,334.58
2.9766,0.1853,13.701,307.40,52.46,279.63
2.9767,0.2286,7.466,175.40,132.15,6.36
2.9767,0.2952,11.347,328.86,276.53,204.15
2.9768,0.1519,3.600,116.56,217.85,190.75
2.9769,0.1231,21.461,165.28,47.34,160.53
2.9769,0.0355,12.340,287.83,256.09,304.96
2.9770,0.1546,5.721,353.20,301.65,10.22
2.9771,0.0400,7.532,189.00,167.75,57.09
2.9772,0.1437,13.988,291.94,15.62,110.42
2.9772,0.0549,16.366,116.30,338.62,193.22
2.9776,0.1723,17.439,144.29,217.18,50.06
2.9776,0.0613,14.931,71.48,320.25,276.64
2.9777,0.1799,5.272,81.79,349.36,171.18
2.9779,0.2448,5.370,253.66,149.71,102.20
2.9782,0.1759,26.391,10.57,42.23,83.32
2.9782,0.2600,20.115,292.72,15.06,70.74
2.9786,0.0674,17.777,294.26,37.68,21.68
2.9789,0.1420,15.464,247.11,10.86,321.75
2.9792,0.1135,20.116,234.69,339.73,350.57
2.9793,0.1133,6.576,9.97,261.73,340.17
2.9797,0.0877,9.757,221.52,168.06,161.28
2.9800,0.0899,1.350,22.30,181.76,52.36
2.9801,0.0613,4.248,84.90,330.59,66.81
2.9801,0.0916,17.673,180.53,304.63,50.83
2.9802,0.1546,13.350,269.47,305.72,343.87
2.9803,0.0615,20.845,108.49,306.90,55.50
2.9805,0.0577,5.221,244.44,285.44,300.17
2.9809,0.1484,8.708,4.72,128.89,302.78
2.9811,0.1080,8.435,313.29,6.25,8.18
2.9811,0.0379,13.842,80.51,141.02,288.76
2.9812,0.1072,8.316,339.32,40.77,181.60
2.9819,0.0345,17.775,6.89,107.63,155.40
2.9822,0.2206,27.723,190.36,207.75,192.33
2.9822,0.1581,4.854,336.84,282.15,288.49
2.9822,0.1341,9.561,333.44,214.59,206.69
2.9823,0.0593,12.026,117.69,88.77,232.97
2.9824,0.1603,2.480,256.11,13.32,231.00
2.9824,0.0872,2.991,6.22,262.20,40.14
2.9825,0.0307,9.466,171.59,266.33,219.66
2.9826,0.0827,9.682,234.89,57.12,282.61
2.9826,0.0149,10.043,329.36,356.32,255.29
2.9829,0.1263,20.348,15.07,263.62,201.91
2.9829,0.1643,8.672,188.83,149.45,137.43
2.9830,0.1575,2.507,68.55,306.19,285.05
2.9831,0.1563,9.718,324.70,100.07,262.80
2.9832,0.1544,23.718,246.51,232.12,221.56
2.9833,0.2124,5.504,243.56,327.18,167.52
2.9833,0.1881,21.292,17.99,61.86,293.76
2.9834,0.0505,7.387,88.46,221.64,137.53
2.9836,0.2836,5.359,238.88,228.79,314.22
2.9836,0.0349,1.815,295.80,324.05,208.52
2.9839,0.2615,8.939,324.17,296.38,281.50
2.9840,0.0790,7.270,200.95,81.88,237.13
2.9840,0.0949,16.624,125.83,295.54,107.31
2.9841,0.1575,8.684,76.08,44.10,154.64
2.9841,0.1059,8.970,71.92,126.13,241.73
2.9842,0.2096,8.448,310.27,171.21,77.50
2.9843,0.0364,4.622,13.50,44.00,346.41
2.9844,0.1404,12.537,253.35,335.82,295.15
2.9845,0.2590,5.529,288.84,346.78,177.37
2.9846,0.1034,17.956,5.91,336.49,87.08
2.9848,0.1594,21.640,129.29,301.21,318.09
2.9848,0.1387,11.397,87.03,286.44,224.84
2.9848,0.0905,20.819,83.24,355.48,92.45
2.9850,0.1294,6.337,286.23,110.80,288.79
2.9851,0.1209,15.110,192.19,342.95,310.57
2.9855,0.1461,20.165,103.44,170.74,259.44
2.9857,0.2464,19.365,123.33,146.71,148.42
2.9860,0.0614,17.798,61.68,181.71,51.91
2.9861,0.0212,6.019,156.67,41.27,98.25
2.9863,0.0578,11.887,205.13,282.73,118.06
2.9863,0.1754,10.423,203.62,255.49,240.05
2.9864,0.2208,4.916,69.08,49.42,236.11
2.9864,0.1370,11.125,293.29,17.68,262.46
2.9865,0.1529,4.798,224.99,146.61,303.70
2.9867,0.0293,6.972,103.35,304.36,160.62
2.9869,0.0944,23.556,104.45,119.95,239.43
2.9870,0.0497,13.524,109.94,32.29,311.22
2.9871,0.2377,16.276,108.37,107.23,93.86
2.9871,0.2121,20.356,97.21,196.61,13.15
2.9871,0.1084,10.942,110.29,185.43,208.51
2.9872,0.0797,4.276,315.71,305.21,68.43
2.9873,0.1080,8.359,64.20,37.39,142.35
2.9874,0.0901,21.268,144.67,234.10,265.36
2.9874,0.1486,10.624,189.78,113.61,156.54
2.9875,0.1085,7.566,41.24,126.77,102.65
2.9875,0.2260,14.008,242.10,170.76,300.93
2.9880,0.1030,20.991,85.27,187.69,355.63
2.9880,0.0549,2.839,87.13,11.81,171.89
2.9880,0.0456,10.202,246.24,323.57,111.95
2.9882,0.0225,10.110,200.21,179.17,27.39
2.9885,0.0616,1.883,46.05,167.99,35.74
2.9885,0.0863,13.980,322.31,45.36,134.07
2.9886,0.1519,16.473,210.72,337.35,62.08
2.9890,0.2240,14.111,6.17,216.09,49.83
2.9890,0.1799,6.053,327.71,14.95,177.57
2.9891,0.1830,14.757,37.49,3.16,268.81
2.9891,0.1196,5.282,6.87,128.52,140.35
2.9892,0.0374,10.913,113.91,294.93,96.20
2.9892,0.1169,19.533,350.97,348.95,182.96
2.9895,0.1592,11.682,303.12,313.04,40.36
2.9895,0.0996,21.737,76.20,307.99,305.03
2.9895,0.1479,3.273,338.31,155.71,117.91
2.9897,0.1171,12.293,50.06,178.95,349.57
2.9899,0.1168,16.282,95.50,49.31,174.57
2.9902,0.1127,17.169,176.38,175.60,71.16
2.9902,0.1542,7.244,288.59,253.35,225.16
2.9905,0.2734,5.365,254.93,109.37,293.90
2.9905,0.0261,11.176,302.37,229.84,200.41
2.9908,0.1246,20.084,287.18,1.46,135.35
2.9908,0.2677,8.248,124.19,0.58,332.39
2.9910,0.1589,7.593,338.79,289.02,40.87
2.9911,0.1128,10.158,256.85,86.27,311.22
2.9911,0.0707,7.405,122.85,64.04,124.68
2.9912,0.1722,7.166,98.42,220.74,286.18
2.9912,0.1307,9.167,312.31,148.50,140.86
2.9913,0.2062,5.485,331.73,125.19,227.13
2.9913,0.1779,12.704,15.11,145.94,192.48
2.9914,0.1545,8.548,60.11,117.61,143.52
2.9914,0.1698,19.682,206.49,79.50,143.91
2.9915,0.0857,8.465,356.60,41.46,306.91
2.9916,0.2410,10.562,32.79,194.93,191.72
2.9916,0.0746,7.557,283.52,185.89,335.49
2.9917,0.2015,12.745,90.67,242.24,112.01
2.9917,0.0708,7.789,230.18,204.19,41.14
2.9920,0.1402,16.111,317.20,64.40,240.26
2.9921,0.0620,9.233,6.04,222.61,186.97
2.9922,0.1763,11.538,130.21,270.13,216.98
2.9922,0.2185,13.968,16.70,38.04,203.11
2.9922,0.2024,6.752,25.23,305.52,227.50
2.9922,0.1474,9.822,278.67,18.49,285.50
2.9922,0.0803,9.542,253.16,24.54,183.49
2.9924,0.1205,6.382,105.35,149.99,285.31
2.9927,0.0812,13.763,0.25,34.79,351.40
2.9929,0.1063,13.495,233.71,171.95,92.26
2.9930,0.2579,8.187,230.01,207.28,294.04
2.9933,0.1165,14.699,292.35,20.14,90.88
2.9937,0.1903,10.907,135.58,147.61,22.67
2.9939,0.1408,11.080,239.44,177.40,178.96
2.9940,0.3444,11.654,262.67,158.87,27.01
2.9941,0.1059,24.473,330.52,277.87,17.89
2.9941,0.0515,3.244,37.35,333.00,251.62
2.9941,0.1000,8.297,304.13,270.73,358.38
2.9943,0.2636,10.004,40.57,242.40,299.79
2.9943,0.1520,1.376,323.40,36.12,303.19
2.9945,0.1723,6.791,109.62,103.30,322.21
2.9947,0.1238,1.747,249.53,285.51,93.80
2.9947,0.0649,16.388,39.45,105.99,7.53
2.9949,0.1268,13.340,49.67,225.75,120.66
2.9949,0.1553,18.660,87.47,102.99,55.83
2.9951,0.1460,14.777,196.23,35.48,49.21
2.9952,0.2677,21.005,261.15,199.57,73.11
2.9955,0.1809,7.218,321.66,236.81,343.50
2.9955,0.1773,4.757,239.34,195.85,104.87
2.9955,0.1232,5.774,126.84,48.37,260.06
2.9956,0.2169,14.219,230.07,130.82,47.47
2.9958,0.2275,7.197,264.11,200.41,182.93
2.9959,0.1159,19.258,330.02,232.15,160.11
2.9961,0.1759,9.485,55.57,308.00,15.65
2.9963,0.0708,12.275,107.22,311.81,225.79
2.9964,0.0836,13.321,208.75,244.16,256.41
2.9964,0.1643,5.794,237.82,313.52,313.79
2.9966,0.0912,5.259,269.04,226.36,273.72
2.9967,0.0449,10.300,6.22,156.70,201.65
2.9968,0.1682,10.618,328.63,159.05,309.61
2.9971,0.1045,12.845,74.29,103.20,98.37
2.9972,0.1470,5.728,331.57,312.58,350.89
2.9973,0.1550,11.699,165.91,48.81,44.63
2.9974,0.0821,4.692,137.52,218.93,213.92
2.9974,0.0552,0.841,174.37,318.12,77.75
2.9977,0.1932,13.204,325.74,41.38,154.24
2.9978,0.0764,11.756,307.07,164.46,289.18
2.9981,0.0459,9.058,190.61,64.87,263.49
2.9982,0.2025,12.404,68.17,112.40,42.37
2.9983,0.1678,15.947,302.87,30.58,129.64
2.9983,0.0399,7.644,345.16,8.63,225.16
2.9984,0.0911,10.673,303.71,46.59,278.27
2.9985,0.0671,19.332,298.97,58.60,96.18
2.9989,0.0091,10.127,133.79,121.83,131.49
2.9990,0.1059,6.858,355.00,247.22,351.01
2.9991,0.1569,7.622,340.05,340.64,52.19
2.9992,0.0719,13.541,73.60,78.20,318.69
2.9993,0.2471,5.178,318.61,207.67,170.54
2.9997,0.1931,12.132,162.99,163.63,68.34
2.9998,0.0668,16.475,330.79,238.13,308.40
2.9999,0.0646,14.470,121.40,357.49,0.48
3.0000,0.2088,3.304,10.22,241.83,124.32
3.0001,0.1152,9.875,256.64,183.98,254.02
3.0002,0.0353,9.172,359.60,236.81,219.71
3.0002,0.1042,7.967,25.78,355.71,107.25
3.0003,0.1652,5.905,19.49,124.50,61.42
3.0004,0.1813,10.191,74.54,137.57,279.07
3.0008,0.1314,11.432,55.83,271.02,3.29
3.0008,0.0215,7.121,94.98,115.88,289.11
3.0010,0.1737,16.172,345.83,22.25,123.89
3.0010,0.1846,15.642,6.11,290.59,358.93
3.0011,0.2455,15.847,321.36,20.39,340.86
3.0012,0.1347,22.041,325.61,140.56,97.38
3.0013,0.1914,14.556,244.76,85.00,249.84
3.0013,0.1704,14.463,16.84,225.42,181.38
3.0013,0.1599,7.654,155.74,241.50,9.66
3.0015,0.1106,5.761,264.89,311.31,140.83
3.0015,0.1151,26.148,40.89,102.56,50.53
3.0016,0.2508,3.587,217.02,217.74,236.46
3.0016,0.1360,9.139,158.65,206.16,86.44
3.0018,0.1647,8.603,127.13,346.60,355.53
3.0018,0.1362,6.339,166.53,212.68,24.58
3.0021,0.1258,7.591,291.21,22.07,200.59
3.0022,0.1240,8.937,69.42,178.38,61.37
3.0022,0.2380,8.133,282.00,329.80,140.69
3.0022,0.1737,9.010,317.76,170.24,150.05
3.0023,0.0736,5.853,130.18,51.75,246.61
3.0024,0.0353,17.653,137.13,332.32,123.17
3.0028,0.2257,9.626,82.34,333.81,191.07
3.0031,0.0913,10.120,260.92,269.81,135.75
3.0031,0.1588,6.640,289.38,47.20,278.58
3.0031,0.2278,3.511,266.31,9.35,7.89
3.0032,0.1457,12.914,177.76,188.51,4.53
3.0038,0.3297,20.016,245.26,54.90,147.79
3.0039,0.2898,6.101,2.03,253.71,300.71
3.0040,0.0685,10.635,233.28,312.60,109.96
3.0043,0.1102,13.865,309.38,202.12,211.47
3.0043,0.0781,13.095,61.40,42.79,218.02
3.0043,0.0985,21.379,337.32,145.89,114.14
3.0043,0.0882,9.146,155.88,324.42,242.26
3.0043,0.1452,23.501,7.71,327.64,5.73
3.0044,0.1276,26.317,300.74,184.14,140.08
3.0046,0.1533,20.821,34.25,139.33,54.55
3.0047,0.1783,6.666,82.14,308.89,343.03
3.0047,0.1362,18.774,83.69,337.76,235.97
3.0049,0.1117,15.644,9.15,193.64,138.27
3.0049,0.2073,14.347,39.33,296.01,282.46
3.0050,0.1189,4.904,4.78,331.74,357.24
3.0050,0.0978,19.758,34.79,301.20,262.46
3.0051,0.0074,13.841,281.78,265.47,28.68
3.0051,0.1132,11.642,182.43,16.62,273.69
3.0052,0.0727,12.578,119.58,218.91,130.31
3.0054,0.2360,13.816,144.95,165.67,213.43
3.0054,0.0486,2.244,240.34,72.11,33.73
3.0056,0.0928,19.273,309.43,189.39,165.40
3.0056,0.1700,18.616,142.12,68.94,302.57
3.0057,0.2336,8.976,170.92,233.89,336.53
3.0059,0.1355,7.454,137.05,66.13,211.22
3.0060,0.0734,4.128,352.03,140.72,15.98
3.0061,0.0728,9.817,311.51,324.36,0.43
3.0063,0.1390,11.129,76.02,159.44,169.95
3.0064,0.0942,3.707,29.34,357.08,129.53
3.0064,0.1033,8.764,34.72,227.28,346.90
3.0069,0.1331,9.482,201.52,140.73,177.67
3.0069,0.0918,2.713,27.88,65.54,328.86
3.0070,0.0575,10.615,308.90,262.84,276.80
3.0071,0.0400,12.503,5.33,303.98,228.84
3.0071,0.3173,17.260,212.15,169.97,229.74
3.0074,0.0593,7.664,111.87,354.73,48.35
3.0076,0.2306,15.138,133.63,272.87,182.58
3.0078,0.0946,2.995,67.15,141.70,120.34
3.0079,0.1531,0.799,161.00,295.99,44.49
3.0086,0.1046,8.935,21.21,94.23,8.21
3.0087,0.2266,10.167,132.27,54.97,108.01
3.0087,0.0502,10.255,307.09,258.73,252.12
3.0088,0.0550,13.105,79.07,190.23,55.01
3.0094,0.0848,5.539,13.95,25.46,60.47
3.0097,0.1295,4.241,343.74,271.98,201.28
3.0098,0.1430,3.311,306.82,78.57,324.97
3.0099,0.1192,23.647,287.79,32.65,213.97
3.0102,0.1624,8.492,31.91,308.36,64.38
3.0103,0.1355,11.169,308.85,58.21,257.13
3.0104,0.0587,12.918,35.40,353.54,157.64
3.0106,0.1599,3.443,230.25,68.32,71.13
3.0107,0.0960,16.410,139.44,333.32,124.05
3.0108,0.1052,7.429,26.82,83.86,71.35
3.0111,0.1353,5.920,143.19,219.86,282.91
3.0112,0.1214,10.364,340.56,92.33,358.44
3.0113,0.0194,16.924,264.49,99.54,158.81
3.0114,0.1429,10.266,319.42,91.73,67.25
3.0115,0.1583,10.565,133.85,69.30,51.46
3.0115,0.1904,4.762,144.20,294.17,350.10
3.0116,0.0536,13.098,261.99,359.57,121.60
3.0119,0.0795,2.349,200.61,87.37,101.25
3.0122,0.2010,11.123,259.52,320.50,354.45
3.0123,0.1094,12.032,197.72,326.47,238.46
3.0124,0.1713,5.807,296.30,4.47,76.60
3.0125,0.1072,18.465,133.21,126.43,353.23
3.0126,0.0891,26.124,254.19,58.39,161.71
3.0128,0.2011,18.798,185.80,245.81,137.57
3.0129,0.1593,2.510,355.75,276.13,169.30
3.0130,0.1389,14.062,221.28,120.54,242.12
3.0132,0.1313,14.967,238.99,353.13,173.47
3.0132,0.0800,10.389,115.67,143.87,313.52
3.0133,0.1101,12.138,96.08,70.91,235.52
3.0133,0.0833,5.696,241.34,215.62,114.21
3.0133,0.1680,13.533,193.59,102.24,253.08
3.0133,0.0451,1.207,249.17,64.40,51.93
3.0141,0.2285,7.584,96.80,190.73,39.32
3.0143,0.2522,2.419,139.34,141.11,282.05
3.0144,0.1751,8.634,17.00,327.60,208.89
3.0146,0.0987,13.359,262.70,57.16,221.47
3.0148,0.0604,4.416,239.08,70.19,301.88
3.0149,0.1771,11.441,156.17,144.16,11.55
3.0150,0.0782,15.181,267.03,242.25,147.75
3.0155,0.0421,12.020,125.29,58.51,346.77
3.0156,0.1248,3.364,176.09,348.46,139.85
3.0162,0.1089,9.057,64.26,207.36,288.91
3.0164,0.0969,8.119,286.78,14.91,244.12
3.0166,0.1794,10.936,53.93,294.20,205.56
3.0167,0.0621,17.102,160.26,355.69,201.30
3.0168,0.0841,16.267,125.75,115.34,123.72
3.0168,0.1023,19.531,138.14,319.81,356.22
3.0172,0.2191,15.657,284.57,333.70,268.81
3.0177,0.0314,5.839,332.23,226.66,147.94
3.0180,0.0610,0.928,217.90,190.58,74.79
3.0183,0.1907,3.679,36.25,163.10,358.95
3.0189,0.1845,9.871,325.17,10.47,216.30
3.0189,0.2262,5.053,161.09,70.46,265.19
3.0190,0.1963,13.775,149.91,136.55,59.86
3.0193,0.2072,11.888,302.03,66.57,320.83
3.0197,0.1166,7.240,197.47,330.08,256.88
3.0198,0.0519,8.098,219.15,274.24,258.86
3.0200,0.1033,8.936,116.94,242.60,259.04
3.0201,0.1648,10.090,81.43,171.46,4.24
3.0202,0.2374,21.502,252.39,170.94,295.38
3.0203,0.1429,3.104,101.54,352.95,4.16
3.0205,0.1248,10.254,88.81,317.57,31.29
3.0205,0.0770,8.577,98.24,317.33,87.97
3.0206,0.1313,1.841,180.78,317.78,97.46
3.0207,0.1362,3.047,174.84,290.21,127.92
3.0208,0.1561,9.936,168.46,297.75,32.37
3.0209,0.2335,16.518,194.78,98.43,107.85
3.0212,0.2100,11.952,311.59,160.69,298.29
3.0213,0.1626,15.005,140.70,178.87,82.67
3.0217,0.0398,10.297,41.06,3.18,202.14
3.0222,0.0683,12.062,233.19,128.15,213.43
3.0223,0.2166,9.854,265.29,183.55,48.52
3.0225,0.2986,16.616,325.04,82.37,261.32
3.0232,0.1433,11.071,148.47,321.08,102.99
3.0233,0.2484,2.234,336.02,120.91,322.84
3.0237,0.0932,12.388,196.74,335.25,234.54
3.0238,0.1264,7.673,58.09,340.13,70.63
3.0238,0.1433,9.595,333.41,274.15,47.47
3.0239,0.0947,11.909,97.28,257.40,289.74
3.0242,0.1481,14.269,41.97,109.59,157.77
3.0243,0.0893,8.757,153.53,121.71,311.88
3.0244,0.0650,15.481,296.93,145.87,86.63
3.0245,0.2049,8.924,274.85,53.85,283.11
3.0246,0.0929,8.985,355.10,326.77,181.89
3.0250,0.1647,9.478,78.39,33.70,345.70
3.0253,0.0308,6.923,248.25,77.11,298.64
3.0254,0.2297,6.365,314.00,265.36,25.89
3.0254,0.0713,8.412,12.37,206.23,178.80
3.0255,0.0450,16.939,144.06,272.82,85.02
3.0256,0.0760,8.109,212.75,34.64,153.55
3.0256,0.1142,6.384,78.61,127.56,196.34
3.0256,0.2105,14.366,29.06,169.97,229.41
3.0256,0.1080,8.501,142.19,215.44,118.86
3.0257,0.0507,12.159,143.79,135.72,268.79
3.0257,0.0994,18.286,313.28,123.17,165.13
3.0258,0.1910,16.453,323.53,1.32,163.65
3.0258,0.1191,9.273,314.82,80.06,239.60
3.0261,0.0774,4.360,28.74,317.62,96.71
3.0266,0.0513,9.161,320.50,158.86,298.56
3.0267,0.1036,1.593,134.75,195.96,341.68
3.0267,0.0447,9.164,90.23,26.08,137.68
3.0269,0.0953,7.457,358.74,201.79,304.40
3.0271,0.0792,10.338,94.30,243.65,341.26
3.0274,0.0584,17.390,240.41,62.54,181.52
3.0275,0.1029,11.483,21.42,60.82,182.90
3.0277,0.2448,9.590,243.37,354.53,133.39
3.0278,0.1756,24.967,225.11,170.91,207.83
3.0280,0.1630,15.687,39.96,229.95,117.62
3.0280,0.0543,10.968,70.29,16.49,158.69
3.0281,0.1620,13.411,0.86,159.49,156.44
3.0282,0.0660,3.818,270.99,307.92,286.68
3.0286,0.0768,17.917,54.56,223.12,224.77
3.0287,0.1834,13.143,287.54,339.40,16.04
3.0293,0.1398,7.751,170.15,256.84,47.82
3.0299,0.2255,5.293,21.40,59.43,34.71
3.0300,0.0724,19.822,82.52,220.19,290.97
3.0301,0.1763,7.590,254.14,125.89,235.61
3.0301,0.0983,10.939,287.67,147.49,145.53
3.0301,0.1607,5.866,293.37,333.92,353.78
3.0302,0.0250,19.601,299.99,295.72,358.69
3.0306,0.1399,11.229,139.43,299.93,87.48
3.0310,0.1289,15.049,146.87,280.07,31.54
3.0310,0.2083,13.574,81.13,161.04,243.38
3.0311,0.0300,19.967,154.39,126.21,242.42
3.0311,0.1888,22.629,145.39,130.70,357.96
3.0312,0.0901,24.236,188.48,314.66,140.04
3.0315,0.1193,25.670,164.93,231.23,216.00
3.0315,0.0265,5.932,218.94,194.27,187.85
3.0316,0.0869,10.772,217.35,52.28,37.18
3.0316,0.2083,8.471,55.60,322.62,297.57
3.0318,0.0572,18.787,26.02,222.85,305.47
3.0318,0.1319,4.210,312.88,224.57,244.48
3.0318,0.1443,11.031,78.25,57.08,154.74
3.0319,0.1977,18.513,70.24,197.83,29.96
3.0319,0.1430,5.580,209.78,192.56,25.21
3.0319,0.0632,7.459,73.62,198.50,168.84
3.0323,0.0672,16.053,61.84,182.13,10.36
3.0323,0.1135,7.375,358.51,50.42,110.75
3.0324,0.1288,8.698,220.64,126.11,331.15
3.0325,0.0881,18.647,137.27,124.12,9.23
3.0328,0.2900,10.385,339.83,141.02,287.73
3.0330,0.2048,6.039,100.37,177.81,295.69
3.0330,0.1206,8.144,1.94,78.30,74.74
3.0336,0.0425,15.272,267.11,84.89,237.87
3.0338,0.0908,1.907,342.39,192.62,154.68
3.0340,0.1332,16.396,5.88,130.03,198.77
3.0340,0.0895,16.393,95.16,8.57,107.49
3.0340,0.0619,4.644,43.73,345.65,185.94
3.0343,0.0574,12.062,149.73,80.92,6.63
3.0345,0.1368,10.058,84.74,315.49,88.35
3.0346,0.1726,11.074,55.46,254.63,248.31
3.0348,0.0905,19.384,224.64,163.49,238.01
3.0351,0.1067,4.251,68.31,69.91,15.67
3.0354,0.0790,8.614,273.38,224.94,109.20
3.0362,0.1993,5.976,187.58,212.11,59.28
3.0364,0.0362,4.349,68.26,106.33,153.56
3.0365,0.1244,15.915,303.26,351.52,256.30
3.0366,0.2475,28.616,127.09,176.13,9.10
3.0368,0.0711,8.869,144.26,27.18,239.16
3.0371,0.0600,7.441,352.13,206.64,260.44
3.0373,0.2464,13.814,231.26,80.69,160.80
3.0373,0.1878,8.460,357.71,309.84,96.03
3.0374,0.1245,18.850,315.11,193.86,168.35
3.0377,0.1505,8.319,38.07,9.21,139.55
3.0378,0.1033,1.629,19.04,223.93,210.96
3.0380,0.1574,8.141,290.29,38.23,56.25
3.0380,0.1986,3.886,347.65,231.87,34.56
3.0381,0.1462,11.772,237.31,251.70,216.13
3.0382,0.0777,13.659,50.92,193.10,248.25
3.0387,0.1558,13.811,249.13,258.81,180.15
3.0388,0.0525,9.281,187.07,260.60,228.99
3.0389,0.1149,1.197,138.04,73.23,15.92
3.0392,0.0727,12.600,255.39,133.20,280.11
3.0393,0.2276,10.197,238.20,177.13,3.61
3.0395,0.0963,9.380,316.77,16.75,22.49
3.0396,0.0728,15.223,226.91,166.44,36.74
3.0397,0.2147,4.997,171.48,235.74,181.07
3.0398,0.1298,12.259,85.21,1.53,100.81
3.0398,0.1468,3.031,106.03,317.09,126.51
3.0404,0.1592,18.664,28.29,123.81,200.31
3.0404,0.1356,11.019,17.03,70.57,194.34
3.0406,0.0157,13.198,332.19,203.86,240.48
3.0407,0.1988,13.400,154.38,347.49,7.42
3.0408,0.2962,12.470,0.45,315.18,64.77
3.0409,0.0880,10.411,192.94,306.98,19.04
3.0409,0.1409,14.506,163.74,355.12,84.04
3.0411,0.2123,16.237,0.88,186.02,110.09
3.0412,0.2171,6.466,32.10,192.51,217.35
3.0413,0.1380,19.487,329.78,174.70,65.16
3.0414,0.0887,5.842,335.99,295.16,97.26
3.0415,0.0404,6.824,68.44,3.79,6.93
3.0418,0.1378,12.610,90.02,36.83,271.21
3.0420,0.0957,17.438,58.71,38.41,100.34
3.0421,0.2171,8.056,307.26,93.68,355.22
3.0421,0.1687,2.820,277.08,51.59,207.50
3.0423,0.0126,2.341,236.79,18.91,34.48
3.0427,0.0963,15.766,354.33,121.47,31.16
3.0429,0.1255,7.476,226.08,27.12,35.75
3.0430,0.2231,32.918,124.77,307.08,199.19
3.0431,0.1877,5.193,106.61,47.55,68.91
3.0433,0.1665,4.620,105.76,175.22,235.79
3.0434,0.1843,5.397,163.60,187.56,339.36
3.0435,0.1696,6.353,107.95,143.07,4.47
3.0435,0.2486,13.808,270.28,314.49,324.98
3.0438,0.1549,16.674,288.40,189.97,130.97
3.0439,0.2630,8.024,154.49,190.08,89.66
3.0441,0.1142,6.414,211.28,211.99,47.08
3.0442,0.1549,18.132,36.44,358.78,265.53
3.0443,0.0555,15.875,197.05,103.14,243.19
3.0443,0.1011,8.763,139.55,39.55,48.60
3.0447,0.2164,10.034,37.89,262.58,263.10
3.0448,0.1607,2.819,219.89,307.59,131.62
3.0451,0.0506,14.212,182.91,16.26,152.99
3.0451,0.1215,1.515,164.34,198.47,257.28
3.0452,0.2242,15.711,347.21,131.52,167.39
3.0458,0.1383,9.190,263.88,290.79,213.86
3.0459,0.1377,5.290,217.57,78.13,183.21
3.0461,0.1454,4.380,231.25,186.62,198.85
3.0462,0.0983,15.312,14.15,306.84,96.12
3.0466,0.0988,9.536,296.17,128.35,238.29
3.0469,0.1695,14.528,78.56,103.57,329.32
3.0470,0.2537,3.122,201.64,92.89,161.17
3.0471,0.2018,6.875,318.89,129.77,298.74
3.0472,0.1367,4.566,201.60,199.57,95.69
3.0473,0.2655,6.001,23.07,248.21,251.95
3.0474,0.1374,14.614,312.13,99.53,32.57
3.0474,0.0816,7.389,253.11,356.74,176.73
3.0476,0.0081,6.703,350.04,33.82,270.28
3.0476,0.0857,22.060,75.03,41.72,48.64
3.0476,0.1696,6.056,34.50,323.78,203.24
3.0478,0.1369,23.548,10.17,229.54,121.48
3.0478,0.1192,5.633,149.49,282.28,255.38
3.0478,0.0607,3.564,25.68,356.53,163.84
3.0480,0.1054,6.728,338.96,195.83,245.39
3.0481,0.1545,6.624,106.02,8.90,358.48
3.0484,0.0734,6.144,128.50,44.90,185.52
3.0484,0.1482,6.795,34.59,159.34,21.31
3.0484,0.1233,12.536,126.82,16.22,359.13
3.0484,0.0398,10.505,62.79,313.44,73.12
3.0484,0.2062,16.868,195.34,285.17,159.14
3.0487,0.1552,5.573,19.09,118.78,4.85
3.0488,0.1089,11.134,228.96,83.08,190.51
3.0489,0.2060,6.231,3.81,32.63,306.43
3.0489,0.2252,17.525,17.62,281.20,25.20
3.0490,0.0958,13.093,309.74,281.71,289.23
3.0490,0.2721,7.108,137.39,135.48,9.72
3.0490,0.1106,13.178,14.07,247.74,258.27
3.0491,0.2385,9.459,260.46,310.42,287.51
3.0492,0.0877,2.003,33.64,199.95,77.79
3.0492,0.1622,11.127,149.23,334.62,15.17
3.0493,0.1949,12.062,204.01,240.29,350.59
3.0495,0.2761,5.798,155.60,257.43,69.19
3.0496,0.0928,8.312,336.36,237.96,283.59
3.0496,0.2526,15.691,266.90,15.41,157.57
3.0498,0.0536,1.757,120.23,276.98,91.20
3.0503,0.1350,8.070,339.80,218.46,102.14
3.0504,0.3190,14.960,182.08,261.75,319.99
3.0504,0.1420,15.108,287.08,152.71,126.86
3.0505,0.1396,13.926,207.03,72.85,71.78
3.0506,0.1581,9.404,284.62,223.86,80.21
3.0506,0.2116,19.559,277.78,158.07,315.62
3.0506,0.0357,14.653,24.14,206.91,317.81
3.0509,0.1218,3.135,178.74,46.34,281.20
3.0509,0.0535,15.764,212.09,82.69,359.33
3.0518,0.0580,14.766,134.27,242.17,252.45
3.0518,0.1397,5.627,321.49,151.62,46.16
3.0518,0.1477,6.367,262.07,66.93,227.36
3.0522,0.2170,8.729,55.47,321.49,295.09
3.0523,0.0465,5.131,187.13,341.13,93.40
3.0523,0.1071,0.997,67.45,260.80,25.73
3.0524,0.1653,9.707,270.72,230.25,149.74
3.0530,0.1295,4.134,108.83,116.33,11.60
3.0532,0.1438,14.770,47.85,156.80,116.98
3.0532,0.0976,6.687,56.99,156.33,94.39
3.0532,0.1717,13.749,204.51,5.47,6.98
3.0533,0.0419,5.263,43.77,6.44,336.23
3.0534,0.2892,7.636,195.25,69.23,3.79
3.0534,0.0563,4.743,86.43,311.40,221.08
3.0535,0.1419,9.041,43.16,197.51,232.10
3.0537,0.1872,10.962,268.28,269.62,355.67
3.0537,0.2300,7.851,266.71,285.59,269.24
3.0540,0.1166,9.310,147.63,250.57,336.06
3.0540,0.0255,4.683,265.55,279.24,65.28
3.0541,0.1671,3.146,66.45,95.18,117.76
3.0544,0.1298,6.408,279.70,304.35,162.25
3.0546,0.0577,8.987,70.06,3.84,114.39
3.0546,0.0920,11.169,219.13,303.87,84.59
3.0549,0.1756,10.658,335.68,276.23,311.45
3.0549,0.2189,12.659,40.21,209.08,221.36
3.0550,0.0907,4.385,105.64,302.22,350.28
3.0554,0.0768,4.925,222.91,359.56,242.91
3.0559,0.2648,21.272,237.07,332.68,40.14
3.0562,0.1589,7.513,307.09,60.76,255.43
3.0563,0.1086,15.976,290.25,64.93,107.11
3.0564,0.2514,2.107,239.76,42.48,209.57
3.0565,0.1620,18.701,70.45,208.57,307.98
3.0566,0.2090,1.922,26.36,28.90,113.58
3.0567,0.2143,6.919,51.35,238.32,323.06
3.0567,0.0621,12.801,204.29,97.69,18.53
3.0570,0.2988,5.586,197.53,109.02,318.89
3.0570,0.0891,11.432,161.12,42.41,245.80
3.0570,0.1854,13.189,191.39,107.00,194.18
3.0572,0.0311,12.879,29.78,108.24,57.08
3.0573,0.1759,3.888,310.14,42.92,57.40
3.0574,0.0555,8.676,84.16,53.73,237.91
3.0576,0.1049,9.956,148.64,110.94,176.75
3.0579,0.1427,7.457,281.51,38.42,333.34
3.0582,0.2150,4.127,328.00,274.33,37.24
3.0583,0.1132,5.752,108.51,130.28,345.30
3.0583,0.1655,12.029,356.80,289.88,141.93
3.0585,0.0077,7.575,212.43,290.86,170.30
3.0586,0.1834,11.800,60.61,84.60,56.98
3.0588,0.0347,17.933,323.31,43.62,15.19
3.0590,0.1129,7.934,241.61,149.25,183.86
3.0594,0.0412,19.272,73.76,218.30,64.98
3.0594,0.1373,21.564,160.31,33.80,167.18
3.0595,0.1670,7.893,203.21,344.62,154.49
3.0597,0.0151,9.539,278.06,157.62,252.01
3.0599,0.0995,12.407,169.37,30.02,64.86
3.0601,0.1120,14.220,92.09,144.18,211.55
3.0601,0.1130,11.325,25.43,113.53,256.05
3.0601,0.1225,6.366,188.14,335.05,330.36
3.0602,0.1478,8.755,12.39,64.93,235.90
3.0604,0.1839,15.192,355.63,72.84,48.92
3.0604,0.1136,11.115,210.15,160.29,52.85
3.0605,0.0798,1.016,195.44,138.31,336.92
3.0605,0.2324,20.435,6.96,349.53,207.31
3.0608,0.1259,6.415,16.07,56.48,192.47
3.0609,0.2025,7.284,196.59,104.08,37.40
3.0611,0.0480,1.114,202.35,92.61,190.15
3.0612,0.0987,12.078,225.43,14.43,103.20
3.0620,0.1246,13.131,109.23,95.95,299.69
3.0620,0.0238,5.950,313.11,273.10,45.61
3.0622,0.0432,18.654,339.54,321.52,137.74
3.0624,0.1270,7.693,97.23,27.15,334.24
3.0624,0.0676,10.165,254.39,335.58,339.93
3.0625,0.1374,17.142,306.80,236.35,323.67
3.0625,0.1952,9.545,74.34,86.11,188.10
3.0626,0.2539,15.540,121.75,24.62,212.45
3.0628,0.0922,3.839,100.73,336.51,3.26
3.0628,0.1693,5.500,352.70,17.41,309.12
3.0630,0.0851,8.964,235.16,89.61,265.84
3.0634,0.1077,6.495,157.15,105.58,184.71
3.0643,0.1173,6.238,43.20,5.51,151.04
3.0644,0.1088,4.694,306.03,60.67,181.70
3.0647,0.1160,14.771,352.51,147.23,295.19
3.0647,0.2069,19.703,186.48,128.96,64.63
3.0648,0.1825,14.755,210.23,22.34,80.53
3.0649,0.0981,12.162,130.23,302.97,120.92
3.0650,0.1914,6.477,135.83,325.47,125.19
3.0650,0.0556,23.505,13.07,291.66,350.97
3.0650,0.0244,8.185,132.38,355.82,288.75
3.0653,0.1764,10.341,112.48,91.41,354.65
3.0653,0.1048,3.777,15.21,249.84,335.53
3.0653,0.1397,10.042,176.09,71.78,204.84
3.0658,0.1864,9.234,261.27,352.99,249.26
3.0659,0.0652,7.994,274.16,177.00,290.16
3.0660,0.1835,11.937,78.64,163.27,121.91
3.0661,0.1369,10.562,308.62,165.80,287.00
3.0662,0.1978,9.697,189.83,24.91,38.20
3.0662,0.1869,8.169,354.07,10.05,285.84
3.0663,0.2107,8.001,242.60,296.76,317.29
3.0664,0.1956,1.153,145.40,291.87,35.75
3.0664,0.1102,15.676,198.34,3.49,257.05
3.0664,0.2004,7.318,216.47,158.94,192.52
3.0667,0.0846,11.045,146.75,32.34,179.63
3.0667,0.1132,12.091,261.45,3.13,202.71
3.0668,0.0911,9.094,238.13,228.18,27.64
3.0669,0.2397,12.024,330.32,157.94,248.53
3.0669,0.2115,14.009,206.57,39.85,11.02
3.0671,0.0887,13.201,273.73,158.43,75.40
3.0672,0.0459,6.161,144.55,162.05,137.03
3.0673,0.0463,11.954,199.24,103.18,286.76
3.0674,0.1497,20.891,355.65,133.97,141.90
3.0676,0.0999,17.738,285.14,59.11,105.88
3.0676,0.2156,14.662,348.04,257.64,21.32
3.0677,0.1070,7.339,81.57,135.99,331.44
3.0678,0.2734,4.290,317.97,0.88,84.31
3.0679,0.1671,10.401,239.07,176.85,74.32
3.0680,0.1582,8.396,338.93,353.67,169.84
3.0680,0.2197,10.683,243.42,312.17,76.91
3.0680,0.3365,5.459,180.37,63.07,215.67
3.0685,0.2859,10.619,184.96,162.99,12.49
3.0686,0.1511,14.205,209.47,90.00,136.80
3.0686,0.1657,8.047,293.40,355.50,27.11
3.0688,0.1157,9.579,182.15,108.74,323.72
3.0690,0.0889,10.194,0.70,94.96,275.05
3.0692,0.1634,7.763,255.82,75.62,266.64
3.0692,0.0325,6.790,116.00,100.54,332.83
3.0694,0.0737,8.986,149.65,62.03,186.99
3.0698,0.2097,6.088,328.03,258.34,257.04
3.0699,0.0997,10.369,183.26,225.75,331.05
3.0702,0.1585,7.423,109.04,251.96,144.46
3.0707,0.2336,12.599,203.73,58.10,179.07
3.0713,0.0385,16.191,195.35,312.94,202.40
3.0715,0.1328,16.282,64.20,301.76,22.83
3.0715,0.1465,10.027,272.72,204.23,242.95
3.0715,0.1556,13.250,16.73,211.50,291.57
3.0720,0.0646,2.625,228.22,358.32,249.81
3.0721,0.0783,17.085,221.49,176.54,340.63
3.0721,0.2148,5.054,298.47,187.74,190.61
3.0722,0.0327,6.174,238.69,28.67,10.63
3.0724,0.1143,8.369,14.20,190.55,17.62
3.0725,0.0841,13.051,166.18,216.10,304.19
3.0726,0.2311,12.874,348.67,242.21,279.20
3.0729,0.1506,1.006,278.59,150.57,68.03
3.0730,0.1758,7.386,263.42,196.53,278.86
3.0731,0.1436,21.644,230.78,236.37,174.09
3.0732,0.1973,12.572,229.51,225.02,310.11
3.0732,0.0880,12.350,104.00,47.16,354.01
3.0733,0.0856,6.107,46.04,273.33,123.02
3.0734,0.1814,17.135,14.19,244.97,90.94
3.0735,0.3078,12.574,174.17,265.58,305.95
3.0740,0.0659,7.833,336.02,158.96,188.64
3.0741,0.2414,5.469,245.66,294.03,277.19
3.0741,0.0632,12.653,69.42,336.95,63.44
3.0742,0.2500,11.024,282.83,358.44,242.75
3.0742,0.2056,16.023,260.40,140.03,286.16
3.0743,0.0284,19.677,268.53,89.42,13.10
3.0746,0.0851,17.120,351.84,44.71,201.84
3.0746,0.1199,6.717,63.06,238.53,208.90
3.0747,0.0886,13.300,151.52,297.15,184.75
3.0749,0.0811,11.246,176.09,352.60,118.37
3.0750,0.1065,5.117,171.11,246.14,59.83
3.0752,0.1325,6.829,239.44,289.20,239.57
3.0754,0.0726,12.180,310.99,295.93,27.75
3.0754,0.0789,10.421,36.01,166.87,337.08
3.0758,0.3254,5.635,270.26,139.28,109.41
3.0759,0.1063,4.848,269.08,352.24,243.38
3.0759,0.1833,4.359,301.78,9.99,355.44
3.0764,0.0645,8.111,147.36,287.63,162.96
3.0765,0.0455,9.929,48.20,46.65,121.93
3.0767,0.2411,14.809,132.24,95.26,66.96
3.0770,0.0378,9.643,126.32,92.95,238.80
3.0770,0.1422,3.821,155.16,129.97,40.07
3.0771,0.1169,7.042,229.37,163.01,2.31
3.0771,0.1441,5.333,2.37,157.46,164.18
3.0774,0.1527,5.585,44.89,251.25,11.64
3.0775,0.1554,2.430,243.62,242.81,133.71
3.0777,0.0826,19.573,338.44,356.57,235.41
3.0778,0.2825,6.340,350.66,129.71,2.27
3.0778,0.1650,5.088,326.68,87.44,131.62
3.0778,0.1340,12.061,59.25,219.25,249.57
3.0785,0.1716,11.326,54.19,0.46,347.81
3.0785,0.0906,15.464,278.51,187.15,30.52
3.0788,0.0771,13.830,354.98,221.17,318.14
3.0790,0.0800,7.167,16.01,359.68,352.66
3.0790,0.1243,7.929,111.79,192.06,27.19
3.0791,0.1049,15.329,133.84,214.02,99.31
3.0792,0.0272,6.284,292.48,228.40,55.14
3.0795,0.2306,8.934,159.88,12.20,118.25
3.0797,0.0915,5.586,271.76,257.25,17.17
3.0797,0.2148,7.121,192.08,300.09,224.29
3.0798,0.0733,6.211,353.13,15.96,258.05
3.0800,0.0701,16.114,92.91,306.04,132.41
3.0800,0.2100,12.433,115.68,247.78,339.48
3.0801,0.1237,9.943,303.16,235.70,294.41
3.0804,0.1383,17.341,172.72,119.85,28.69
3.0807,0.0851,16.190,300.53,300.79,35.37
3.0809,0.1155,15.990,232.94,204.85,140.07
3.0814,0.1943,18.847,320.04,75.53,240.65
3.0814,0.1045,9.557,219.42,83.05,132.45
3.0815,0.0713,18.287,121.72,48.36,181.37
3.0817,0.0719,18.139,331.34,131.69,359.51
3.0818,0.1116,12.508,216.33,179.80,138.13
3.0822,0.3232,5.772,21.84,95.86,96.43
3.0823,0.1619,12.473,94.70,73.44,116.06
3.0823,0.0793,15.394,178.35,76.92,219.29
3.0824,0.3206,6.244,65.58,102.86,306.55
3.0827,0.1829,13.659,261.74,332.69,247.49
3.0827,0.0410,5.912,39.55,230.08,160.42
3.0827,0.0373,13.871,94.08,131.78,8.47
3.0830,0.0122,7.088,32.60,182.56,35.43
3.0830,0.0207,3.253,207.83,38.88,19.36
3.0832,0.1885,10.141,117.29,284.47,331.00
3.0832,0.0305,5.867,187.50,13.05,136.70
3.0832,0.1950,16.132,53.26,126.35,143.52
3.0834,0.0462,7.300,93.99,225.60,34.03
3.0837,0.0830,5.624,118.80,120.73,187.59
3.0837,0.1922,12.714,184.85,316.81,112.04
3.0840,0.1473,15.384,256.09,254.40,184.16
3.0840,0.1385,10.110,190.48,154.55,201.62
3.0840,0.0612,12.053,306.84,42.87,98.62
3.0841,0.1622,17.291,163.54,237.10,209.74
3.0843,0.1827,13.384,109.22,118.26,200.25
3.0843,0.2322,6.271,140.46,336.51,51.87
3.0844,0.1426,26.327,313.66,174.53,266.11
3.0846,0.0995,7.053,18.31,227.62,346.28
3.0847,0.0135,9.935,1.61,58.03,223.26
3.0847,0.1590,1.990,7.89,123.30,287.77
3.0847,0.0551,12.708,354.48,10.51,192.79
3.0848,0.0650,7.228,83.05,15.07,60.90
3.0848,0.0466,7.653,65.64,239.71,216.39
3.0850,0.1416,18.206,350.94,322.74,121.79
3.0852,0.1826,13.548,249.33,26.59,140.51
3.0854,0.1004,15.200,186.51,326.12,172.38
3.0854,0.1383,17.515,78.52,57.05,251.68
3.0854,0.2276,11.543,287.34,238.13,7.34
3.0860,0.0672,17.896,249.65,151.29,189.85
3.0864,0.1562,8.039,168.45,172.11,340.60
3.0865,0.1791,17.894,260.62,165.99,58.04
3.0865,0.1163,17.024,96.65,355.62,289.73
3.0865,0.0205,8.342,158.06,51.04,261.94
3.0866,0.1678,6.450,45.16,237.50,344.42
3.0866,0.0980,6.778,148.06,216.80,43.66
3.0869,0.0946,8.951,270.48,272.74,212.75
3.0870,0.0898,11.858,231.08,193.48,192.32
3.0870,0.2760,7.702,130.15,186.17,334.39
3.0870,0.0337,25.513,250.58,86.95,250.09
3.0871,0.2121,17.307,309.31,338.78,140.27
3.0874,0.0673,13.486,144.37,2.57,281.63
3.0874,0.0239,11.783,346.34,255.53,343.49
3.0874,0.1149,8.157,333.33,332.81,239.22
3.0877,0.1847,4.732,346.20,20.10,213.58
3.0878,0.1317,9.840,59.43,310.97,197.12
3.0879,0.0691,19.015,9.00,276.75,80.06
3.0879,0.1307,8.417,70.37,87.88,171.05
3.0881,0.2094,6.927,357.70,30.83,67.47
3.0882,0.1200,9.122,61.46,28.67,234.25
3.0883,0.2034,10.908,118.32,34.31,353.17
3.0883,0.0574,5.977,346.74,179.42,218.16
3.0885,0.0736,3.514,21.92,71.03,352.92
3.0885,0.0929,13.339,117.58,9.16,240.68
3.0885,0.1426,0.508,340.75,181.39,54.21
3.0886,0.2290,6.903,58.47,59.35,340.64
3.0890,0.0191,8.657,229.70,60.93,312.41
3.0891,0.1774,4.866,78.01,256.13,267.34
3.0897,0.0235,12.309,238.95,34.55,1.75
3.0904,0.3179,14.288,8.23,49.62,32.10
3.0905,0.2229,6.218,244.04,143.42,186.60
3.0907,0.1243,11.985,249.86,99.93,205.67
3.0907,0.1838,15.946,100.96,35.18,56.94
3.0907,0.1334,5.171,12.63,303.52,159.42
3.0909,0.1435,10.570,354.54,94.56,147.56
3.0909,0.0699,3.023,88.46,164.19,14.80
3.0909,0.1420,2.723,326.61,305.87,342.63
3.0910,0.1074,7.908,220.66,306.20,333.63
3.0912,0.0632,6.126,125.44,254.18,308.24
3.0912,0.0568,6.200,79.99,255.88,333.61
3.0915,0.2627,5.037,226.12,25.42,104.17
3.0916,0.0847,10.823,185.81,191.80,100.81
3.0918,0.0683,14.471,136.04,118.97,27.52
3.0919,0.1618,13.978,123.35,114.49,114.14
3.0920,0.0138,7.588,221.91,267.00,317.46
3.0921,0.0312,11.870,247.36,155.78,348.30
3.0923,0.0056,14.177,117.40,64.62,187.81
3.0923,0.1800,7.407,207.53,336.63,249.17
3.0923,0.0897,19.407,104.80,300.93,341.06
3.0925,0.1732,0.835,39.79,148.91,343.76
3.0926,0.1061,2.809,56.48,187.09,270.19
3.0927,0.1206,5.368,276.22,194.30,176.30
3.0928,0.0889,11.185,59.43,204.46,42.41
3.0929,0.1905,5.470,302.93,333.24,105.23
3.0931,0.0236,19.866,145.47,194.09,56.42
3.0938,0.0875,12.674,353.66,264.30,89.30
3.0943,0.0955,8.748,126.38,45.65,141.68
3.0945,0.2856,4.904,132.92,273.92,237.11
3.0946,0.2989,19.695,96.82,332.89,65.28
3.0947,0.0568,3.969,336.58,10.84,99.92
3.0949,0.0467,6.330,64.62,284.08,169.33
3.0950,0.0693,2.445,98.12,211.36,54.91
3.0951,0.0145,9.034,247.36,297.30,224.09
3.0952,0.1654,11.703,42.75,99.96,48.67
3.0954,0.0703,9.644,258.01,274.38,102.21
3.0956,0.1539,4.973,34.84,133.43,111.03
3.0956,0.0583,21.780,181.44,280.47,7.07
3.0962,0.2177,8.970,151.90,268.94,76.86
3.0963,0.1933,13.641,222.91,36.46,143.11
3.0963,0.0543,8.228,128.20,167.92,106.12
3.0966,0.1006,8.591,284.38,253.00,314.47
3.0966,0.2764,12.708,172.95,257.07,311.68
3.0967,0.2086,1.581,148.99,260.77,201.06
3.0968,0.1526,2.960,320.03,18.66,208.22
3.0971,0.2199,3.935,227.28,322.92,182.72
3.0974,0.1302,8.067,320.15,294.47,355.63
3.0979,0.1516,9.196,292.78,175.86,21.87
3.0982,0.1339,8.736,56.77,206.20,259.72
3.0989,0.1202,10.810,299.29,191.16,308.60
3.0990,0.1340,10.101,334.16,106.36,139.75
3.0991,0.1026,9.809,120.64,308.37,224.23
3.0992,0.2104,25.572,18.13,314.15,4.46
3.0993,0.1183,2.236,135.47,215.99,268.90
3.0994,0.1597,8.039,238.99,195.67,348.90
3.0995,0.1188,2.457,194.08,16.37,3.80
3.0997,0.0937,13.571,38.23,16.92,61.88
3.1002,0.1081,16.621,149.34,303.64,254.96
3.1002,0.1025,8.051,125.33,56.02,86.48
3.1003,0.0839,19.050,89.26,242.29,276.08
3.1004,0.1131,11.513,334.85,9.26,109.13
3.1005,0.0915,7.975,307.50,90.79,25.66
3.1007,0.2062,11.594,65.51,48.37,91.80
3.1009,0.0725,15.078,251.65,282.74,243.69
3.1011,0.2679,15.821,70.88,207.95,278.22
3.1011,0.1205,7.379,94.30,160.31,114.43
3.1013,0.1197,9.450,135.93,81.15,136.53
3.1013,0.3238,13.983,20.68,304.27,340.99
3.1013,0.1845,0.899,258.35,189.20,332.87
3.1014,0.2569,7.189,272.88,25.25,46.79
3.1020,0.0400,9.816,39.70,129.69,76.92
3.1027,0.1335,9.201,308.57,118.01,169.74
3.1028,0.1897,7.565,326.81,59.19,329.64
3.1031,0.0660,15.844,258.73,271.48,261.71
3.1031,0.1059,8.361,113.81,359.41,292.46
3.1036,0.1163,12.118,331.88,220.19,42.57
3.1037,0.1544,7.670,341.90,243.94,23.17
3.1038,0.1700,2.828,4.39,284.17,340.85
3.1039,0.0836,8.719,309.31,10.13,27.31
3.1040,0.0117,12.635,43.25,24.24,43.67
3.1045,0.0686,9.455,52.79,107.81,140.21
3.1050,0.0894,7.339,236.11,69.09,245.73
3.1052,0.1183,15.320,69.95,77.41,330.66
3.1053,0.1270,12.432,233.10,82.66,208.09
3.1055,0.1119,2.833,202.59,218.49,35.83
3.1057,0.0695,3.176,187.55,94.90,171.19
3.1059,0.1033,6.850,344.88,195.42,95.52
3.1059,0.1635,2.605,176.42,278.90,73.50
3.1060,0.1164,3.990,104.72,106.53,147.52
3.1060,0.1369,5.683,101.24,225.25,344.83
3.1063,0.1709,4.078,139.48,163.06,309.42
3.1063,0.1230,8.379,205.30,282.81,303.03
3.1066,0.1534,7.230,64.54,9.91,124.85
3.1067,0.1411,11.493,252.98,256.24,72.72
3.1068,0.1288,3.654,142.08,226.47,231.73
3.1069,0.1311,5.968,0.05,62.43,348.08
3.1071,0.2907,11.346,201.18,249.31,303.54
3.1071,0.0854,14.153,0.11,90.93,270.55
3.1071,0.2180,6.266,316.85,112.60,230.58
3.1072,0.0445,6.699,4.68,64.56,25.19
3.1074,0.2148,1.386,5.57,150.98,27.02
3.1074,0.1947,10.287,150.32,222.66,133.89
3.1075,0.3212,12.681,266.56,237.61,317.22
3.1076,0.2564,12.671,318.84,21.67,336.30
3.1076,0.1731,2.896,97.03,198.02,192.92
3.1079,0.0280,3.006,167.79,12.87,0.33
3.1083,0.1107,16.725,72.99,291.96,250.02
3.1083,0.0804,1.775,135.19,110.26,79.05
3.1090,0.1135,11.420,180.86,305.43,180.98
3.1092,0.0236,5.012,249.25,137.63,93.62
3.1093,0.0255,13.719,327.09,202.07,346.68
3.1093,0.0978,11.600,324.18,253.35,82.48
3.1094,0.2448,10.890,38.08,19.00,219.58
3.1095,0.1348,4.414,151.95,35.77,45.12
3.1095,0.1336,3.670,289.46,302.05,133.64
3.1097,0.0728,9.128,202.77,214.26,136.84
3.1098,0.1733,12.456,21.00,345.24,160.59
3.1098,0.1350,2.368,96.97,7.76,38.51
3.1100,0.1654,5.362,168.52,240.07,187.01
3.1100,0.2062,12.003,2.11,41.10,330.80
3.1104,0.1537,10.380,307.44,171.09,138.45
3.1105,0.1534,2.612,87.36,340.66,296.58
3.1107,0.0512,11.059,238.75,37.23,79.02
3.1108,0.1308,7.844,32.35,164.75,283.35
3.1111,0.1374,17.492,35.43,274.37,122.24
3.1112,0.1557,5.753,334.58,173.76,351.22
3.1116,0.1797,6.231,244.16,354.82,98.46
3.1120,0.1808,13.373,253.45,359.53,153.62
3.1123,0.1381,11.347,140.98,278.57,229.93
3.1124,0.0261,1.447,241.79,189.89,226.48
3.1127,0.1558,9.146,198.31,339.92,263.05
3.1129,0.1167,12.148,320.12,257.99,323.71
3.1130,0.1347,15.667,292.59,229.68,11.74
3.1136,0.1161,5.715,195.52,173.52,202.32
3.1137,0.0803,12.431,133.53,250.95,50.85
3.1140,0.1046,16.482,333.10,322.09,268.45
3.1141,0.1195,3.924,119.54,202.96,68.19
3.1141,0.1050,9.947,99.86,305.76,99.71
3.1142,0.1058,19.128,207.60,94.01,312.97
3.1143,0.1479,23.085,176.60,202.82,210.24
3.1144,0.0735,6.499,150.87,111.84,225.67
3.1146,0.0262,14.510,257.26,115.95,143.03
3.1146,0.0854,9.162,113.93,288.27,202.82
3.1148,0.1353,3.215,146.11,44.77,212.91
3.1149,0.1493,10.500,22.16,140.60,274.71
3.1151,0.0564,3.793,293.33,285.19,293.72
3.1155,0.2894,5.396,79.04,202.21,129.38
3.1161,0.2402,19.441,177.46,324.70,293.85
3.1165,0.0074,14.311,180.66,144.39,116.68
3.1165,0.0527,8.093,78.04,200.77,69.78
3.1167,0.0187,1.969,118.88,223.03,298.10
3.1167,0.0446,13.398,288.59,255.31,87.64
3.1168,0.1690,8.904,257.97,246.52,314.53
3.1169,0.1553,8.927,70.91,46.74,76.33
3.1171,0.2340,16.717,227.34,226.47,180.69
3.1174,0.0304,10.564,79.68,275.34,168.05
3.1175,0.1854,3.670,241.95,41.32,335.51
3.1175,0.0960,11.672,32.67,281.42,189.29
3.1176,0.0440,9.433,16.11,338.50,66.75
3.1179,0.1873,20.984,57.02,346.02,36.28
3.1180,0.0708,1.702,353.28,102.95,180.08
3.1181,0.2416,8.730,139.41,348.96,21.87
3.1181,0.1370,8.700,59.02,301.73,140.63
3.1182,0.1492,9.585,60.78,232.69,73.20
3.1185,0.1541,16.055,315.70,37.11,205.66
3.1187,0.1101,11.533,342.43,323.47,356.81
3.1187,0.1757,7.960,69.89,56.37,226.41
3.1188,0.0962,11.713,60.32,72.71,297.78
3.1190,0.1252,2.120,131.36,308.79,87.57
3.1190,0.0782,11.408,156.79,283.11,297.97
3.1190,0.0643,9.923,257.82,320.61,299.42
3.1191,0.0512,12.258,188.78,46.44,299.32
3.1193,0.1423,1.880,199.06,233.93,303.49
3.1195,0.2731,6.276,63.86,295.17,28.82
3.1195,0.2337,3.526,328.63,303.27,320.01
3.1197,0.0986,5.688,152.75,59.79,216.51
3.1199,0.1018,7.398,131.47,182.08,103.85
3.1202,0.1344,0.878,181.95,272.32,15.36
3.1203,0.1007,3.909,88.13,134.58,107.83
3.1207,0.1502,6.686,239.35,300.35,212.02
3.1208,0.2262,7.103,59.15,219.79,332.32
3.1211,0.1617,7.606,198.27,315.06,104.12
3.1211,0.2137,11.881,176.53,112.69,248.37
3.1214,0.2229,7.207,305.36,128.19,208.41
3.1215,0.0838,9.080,114.89,52.75,258.54
3.1216,0.1888,16.001,351.23,181.36,53.36
3.1216,0.0712,13.438,307.59,115.04,97.65
3.1219,0.1671,23.345,17.03,262.71,49.38
3.1219,0.1935,9.562,287.29,188.69,294.51
3.1222,0.0777,8.167,247.26,155.03,289.97
3.1231,0.1223,18.859,235.38,325.36,260.80
3.1237,0.1297,9.368,150.65,309.21,173.91
3.1238,0.1080,13.626,164.65,84.27,153.19
3.1240,0.0964,18.102,309.57,158.31,31.80
3.1240,0.0359,12.651,77.37,72.31,7.73
3.1245,0.1197,15.910,66.21,249.24,334.99
3.1245,0.0965,27.637,209.69,356.32,271.08
3.1247,0.1038,22.571,219.10,192.13,113.18
3.1248,0.2533,18.076,223.93,336.24,204.06
3.1248,0.0798,13.923,299.07,201.38,216.11
3.1249,0.1250,6.886,19.90,221.54,261.02
3.1250,0.2240,12.469,62.40,19.19,178.40
3.1251,0.1516,6.345,210.81,354.71,95.68
3.1251,0.0330,12.289,346.71,234.67,110.78
3.1252,0.1964,6.542,212.63,216.08,359.83
3.1253,0.1551,7.166,322.97,158.16,211.80
3.1254,0.2381,6.116,304.42,212.22,190.28
3.1255,0.2051,7.765,76.64,179.47,224.64
3.1258,0.1608,5.842,278.84,157.52,346.34
3.1259,0.1873,8.571,136.34,330.95,42.28
3.1260,0.0679,19.159,285.40,228.77,70.85
3.1264,0.1227,7.473,297.30,300.59,357.50
3.1266,0.0418,8.813,164.53,274.36,264.69
3.1269,0.2372,5.539,215.39,334.78,121.34
3.1269,0.1572,22.026,272.98,357.29,27.36
3.1269,0.1211,13.943,145.80,3.53,126.12
3.1271,0.3123,9.291,152.71,52.58,170.27
3.1271,0.0231,6.347,119.83,300.59,18.55
3.1273,0.2231,7.773,174.08,191.64,32.95
3.1275,0.0774,9.870,143.96,214.54,343.46
3.1276,0.1850,14.088,18.95,205.62,117.31
3.1279,0.1264,9.348,283.05,144.72,130.47
3.1281,0.2574,7.386,84.67,26.17,43.42
3.1283,0.1532,10.124,57.75,281.30,273.19
3.1283,0.1527,5.665,39.00,161.22,235.88
3.1285,0.1515,13.552,230.42,122.73,233.23
3.1291,0.1847,5.146,277.64,223.63,223.29
3.1291,0.0353,5.607,127.64,354.03,149.66
3.1292,0.1026,8.519,258.02,2.99,273.81
3.1292,0.1861,10.709,194.10,100.20,45.65
3.1295,0.1136,20.164,336.41,341.14,216.11
3.1304,0.2111,12.905,114.26,48.20,237.47
3.1305,0.1954,10.350,189.33,213.79,314.57
3.1306,0.1050,12.971,75.89,13.08,78.43
3.1307,0.2204,14.198,82.47,194.77,102.93
3.1308,0.0352,7.373,56.59,188.15,358.64
3.1313,0.0743,22.060,328.11,5.79,304.55
3.1317,0.1180,13.488,324.81,187.77,81.61
3.1318,0.1319,11.304,26.29,188.07,74.74
3.1326,0.0823,18.282,174.96,232.58,297.62
3.1326,0.2786,8.219,349.17,117.05,27.18
3.1340,0.0532,9.675,20.88,197.83,280.04
3.1347,0.1099,17.552,280.72,292.84,242.46
3.1348,0.0465,5.978,301.33,32.66,206.63
3.1353,0.1310,14.929,52.24,280.56,253.72
3.1354,0.1319,22.194,42.96,267.72,189.68
3.1355,0.0184,5.189,125.40,97.14,65.60
3.1357,0.1389,21.838,139.34,194.33,12.66
3.1358,0.1782,10.386,259.20,350.92,57.78
3.1360,0.1436,9.297,36.58,170.00,297.39
3.1360,0.0628,12.795,257.94,204.11,297.47
3.1361,0.1225,17.926,141.40,3.36,79.60
3.1362,0.0807,13.790,49.13,121.67,180.08
3.1363,0.1835,5.839,146.98,162.05,233.13
3.1365,0.0410,22.018,122.66,64.84,92.21
3.1366,0.0907,9.177,139.24,242.90,116.49
3.1367,0.1062,6.640,144.67,34.13,223.82
3.1367,0.1615,6.031,137.03,140.51,93.75
3.1369,0.1279,2.985,117.60,291.19,160.73
3.1370,0.1781,13.696,63.81,358.70,322.93
3.1370,0.0873,15.079,156.72,348.54,8.96
3.1373,0.1449,6.594,212.69,134.89,168.93
3.1377,0.2341,10.973,335.69,79.60,315.13
3.1377,0.0849,7.654,316.40,287.04,116.89
3.1384,0.0217,0.684,166.99,148.36,218.67
3.1385,0.0373,8.002,345.78,158.80,10.49
3.1386,0.1557,4.654,238.91,359.21,82.96
3.1390,0.1566,4.405,327.76,66.34,135.16
3.1391,0.2760,7.305,105.55,160.68,304.21
3.1393,0.2263,18.341,77.65,242.64,5.87
3.1393,0.1193,14.537,293.63,27.51,61.57
3.1393,0.0214,1.874,45.02,323.92,8.57
3.1395,0.2459,11.357,261.50,199.04,105.44
3.1396,0.0999,14.840,132.23,224.30,255.44
3.1400,0.1345,21.310,346.14,120.82,287.48
3.1401,0.1223,12.762,91.30,181.98,207.10
3.1403,0.1513,12.898,42.38,260.03,280.81
3.1404,0.1745,7.969,159.18,116.17,334.99
3.1404,0.2000,8.358,199.40,40.26,74.63
3.1405,0.0947,10.043,339.22,262.80,167.84
3.1405,0.2154,6.069,70.77,44.09,291.21
3.1406,0.0250,9.640,293.25,178.49,183.93
3.1407,0.0255,13.628,175.02,188.55,128.73
3.1407,0.2969,17.598,173.92,175.45,169.84
3.1409,0.1739,9.157,47.17,178.29,74.17
3.1415,0.0841,11.763,168.51,238.21,57.35
3.1416,0.1461,8.557,236.68,131.48,164.08
3.1417,0.1206,3.332,174.62,301.77,300.19
3.1419,0.0657,7.156,124.76,17.71,306.76
3.1419,0.1165,12.526,348.57,302.44,205.29
3.1424,0.0574,8.400,222.68,128.34,42.01
3.1424,0.1170,6.516,67.72,23.91,81.89
3.1425,0.2023,10.001,337.99,348.03,160.15
3.1427,0.1303,10.437,61.53,191.55,258.60
3.1427,0.0578,12.354,266.77,47.61,319.92
3.1429,0.2476,15.125,153.45,312.78,323.88
3.1429,0.1161,17.274,147.13,33.36,299.15
3.1434,0.1167,10.506,120.43,144.84,120.97
3.1435,0.0580,1.991,348.07,39.17,206.62
3.1438,0.1004,19.215,176.99,319.30,212.75
3.1439,0.1728,14.958,114.80,332.62,224.71
3.1441,0.1342,21.510,2.03,125.73,257.15
3.1442,0.1774,5.546,122.56,316.45,332.43
3.1443,0.0629,11.873,244.40,267.13,41.89
3.1443,0.0559,13.156,264.34,107.57,23.93
3.1444,0.1043,12.683,89.43,344.55,266.22
3.1446,0.0084,6.646,330.87,110.68,115.17
3.1448,0.2625,9.751,166.85,133.09,338.71
3.1456,0.1345,11.526,238.14,333.24,92.75
3.1458,0.1874,13.553,190.88,311.39,87.96
3.1468,0.0954,11.852,351.40,99.36,4.98
3.1470,0.1033,5.548,64.21,138.29,322.77
3.1471,0.0886,5.674,253.38,273.63,85.67
3.1472,0.1057,21.063,94.62,307.49,219.53
3.1476,0.1121,9.047,112.93,260.76,284.12
3.1477,0.1028,19.456,221.02,136.73,223.98
3.1478,0.1222,7.141,33.59,12.49,202.81
3.1479,0.1571,10.227,137.80,87.47,300.98
3.1480,0.1166,20.688,166.29,337.19,313.17
3.1482,0.0709,12.343,354.09,118.80,95.85
3.1484,0.2284,13.139,48.43,176.17,19.68
3.1484,0.0493,5.851,25.95,332.00,239.03
3.1484,0.1801,3.989,107.57,233.83,262.48
3.1485,0.1091,6.939,175.90,296.04,105.97
3.1485,0.1154,8.846,178.09,59.49,152.36
3.1487,0.1169,1.133,286.68,169.93,262.23
3.1488,0.1782,2.797,164.30,112.06,7.99
3.1489,0.2394,7.799,230.34,359.00,172.72
3.1490,0.1266,11.173,71.25,85.29,238.50
3.1495,0.2595,12.900,185.39,13.61,3.44
3.1498,0.1896,6.143,237.09,234.98,207.65
3.1504,0.0787,10.047,293.91,258.54,65.11
3.1505,0.0322,7.394,213.85,72.99,329.90
3.1506,0.1384,15.262,312.53,270.77,96.88
3.1507,0.0273,17.446,216.91,16.26,323.43
3.1508,0.1336,11.200,339.89,102.04,113.56
3.1514,0.1141,14.372,340.91,56.53,196.35
3.1515,0.1372,3.135,220.69,237.73,212.51
3.1515,0.1247,9.178,17.93,256.18,24.58
3.1516,0.0320,16.126,349.36,55.48,190.73
3.1517,0.0702,5.291,64.76,318.29,331.23
3.1518,0.0654,7.386,101.47,4.87,325.55
3.1518,0.0929,4.315,131.95,56.61,198.79
3.1519,0.1635,5.331,36.44,253.30,64.03
3.1519,0.2721,15.157,353.33,34.05,311.79
3.1521,0.1356,14.778,307.84,242.88,278.44
3.1521,0.1571,16.357,140.43,57.91,61.37
3.1529,0.1072,2.843,47.73,269.23,359.26
3.1534,0.0439,7.630,332.66,308.51,310.50
3.1536,0.1976,15.286,173.29,252.51,187.98
3.1536,0.1027,14.700,281.48,344.66,63.09
3.1540,0.1175,6.905,342.61,107.75,345.61
3.1541,0.1933,10.374,338.12,350.77,135.02
3.1543,0.0326,9.537,246.50,71.57,182.85
3.1544,0.1192,3.130,142.82,73.96,256.54
3.1546,0.0486,15.999,64.35,104.51,302.30
3.1548,0.0926,10.934,190.78,160.87,19.67
3.1552,0.1679,8.602,121.60,72.57,82.48
3.1552,0.0656,19.797,328.99,226.27,14.66
3.1557,0.1492,20.470,41.97,12.06,86.63
3.1558,0.0772,6.585,316.29,188.80,77.18
3.1560,0.1294,10.999,123.61,273.04,186.47
3.1563,0.0586,16.045,140.38,291.43,287.32
3.1567,0.2779,9.411,39.27,136.78,292.12
3.1568,0.1815,14.856,180.07,270.86,18.35
3.1568,0.0495,9.861,27.53,333.34,50.30
3.1569,0.1826,14.667,356.97,289.25,105.48
3.1572,0.1203,6.942,250.70,25.84,109.66
3.1574,0.0353,16.086,273.01,84.95,112.21
3.1574,0.1939,2.674,256.96,245.05,177.26
3.1585,0.0355,15.549,281.48,204.16,74.81
3.1585,0.0802,11.926,238.32,179.29,101.11
3.1587,0.1137,15.895,40.91,302.69,87.78
3.1589,0.1869,13.406,154.95,329.81,188.51
3.1590,0.1867,12.161,230.26,132.55,95.04
3.1593,0.1559,12.965,25.15,239.43,203.14
3.1593,0.0713,25.989,231.48,27.60,263.48
3.1594,0.0586,6.082,340.48,23.46,122.78
3.1597,0.1455,8.538,270.68,200.24,32.63
3.1601,0.1438,13.116,256.78,318.41,149.58
3.1604,0.3364,7.422,97.95,61.79,335.14
3.1604,0.1502,15.762,155.13,67.27,332.89
3.1607,0.0829,5.288,107.75,160.77,199.05
3.1607,0.0821,4.130,118.69,349.07,344.54
3.1609,0.2380,7.861,38.05,253.44,194.30
3.1610,0.1220,8.931,359.32,63.24,303.92
3.1611,0.0946,7.275,349.12,146.37,286.03
3.1613,0.1959,8.249,249.48,96.83,333.74
3.1613,0.1539,18.298,188.91,13.16,120.68
3.1615,0.1271,15.402,104.85,146.38,153.20
3.1617,0.0842,13.428,1.35,222.54,172.70
3.1619,0.0491,10.624,28.96,313.66,269.44
3.1620,0.1997,6.283,352.60,100.29,138.63
3.1620,0.2255,18.301,258.02,212.63,129.72
3.1622,0.0627,14.085,29.30,253.76,99.35
3.1623,0.0965,23.570,262.80,269.70,321.67
3.1625,0.1872,16.193,216.49,31.53,237.74
3.1625,0.1138,14.083,225.01,103.13,246.24
3.1625,0.2032,9.494,40.51,153.92,21.78
3.1631,0.1274,18.815,292.39,6.75,287.28
3.1641,0.2457,4.835,302.20,160.16,357.93
3.1641,0.1686,9.969,60.51,147.95,287.00
3.1642,0.1099,1.663,106.31,43.84,297.32
3.1643,0.1834,3.863,298.58,3.28,270.99
3.1643,0.1939,7.223,314.97,323.01,188.44
3.1643,0.2130,15.249,339.38,74.52,136.95
3.1644,0.1341,13.740,53.71,38.54,117.69
3.1645,0.0188,12.403,97.06,2.37,306.40
3.1651,0.1019,5.822,22.81,276.53,152.63
3.1654,0.2325,6.128,291.23,246.28,141.26
3.1658,0.1193,4.737,189.85,117.87,75.53
3.1661,0.2245,16.837,50.31,187.40,93.78
3.1663,0.1475,15.981,113.29,217.40,195.05
3.1665,0.2055,4.543,73.68,66.90,33.10
3.1666,0.0872,20.885,333.38,96.40,198.08
3.1668,0.1121,10.379,7.68,109.00,341.14
3.1668,0.0861,8.427,183.05,250.55,233.67
3.1672,0.0324,17.477,76.66,274.92,205.35
3.1673,0.0217,5.719,237.49,245.67,60.07
3.1676,0.1977,3.413,93.42,272.00,200.98
3.1680,0.0940,19.056,169.08,217.86,46.83
3.1681,0.0324,6.040,144.85,235.31,99.30
3.1687,0.1083,18.659,194.49,246.35,259.11
3.1690,0.1018,19.847,20.66,333.21,227.40
3.1694,0.0779,5.740,123.81,130.88,273.34
3.1695,0.0410,18.827,53.91,26.29,304.45
3.1695,0.0989,6.334,186.85,181.76,138.22
3.1696,0.1969,7.977,288.09,164.01,163.68
3.1698,0.2007,1.711,189.70,189.24,61.29
3.1704,0.0788,10.909,35.06,292.26,267.70
3.1709,0.1485,0.938,347.13,183.16,22.85
3.1711,0.1100,9.861,356.17,51.10,80.53
3.1715,0.1429,2.623,58.54,149.87,111.88
3.1716,0.1936,13.105,172.55,250.65,113.15
3.1716,0.1127,4.204,160.10,301.99,90.24
3.1717,0.0476,16.690,229.47,326.07,19.22
3.1717,0.1210,12.285,13.46,309.00,342.47
3.1724,0.0891,9.737,354.91,328.23,236.96
3.1725,0.1453,2.571,105.28,56.31,134.90
3.1726,0.0447,14.736,51.59,223.92,293.26
3.1729,0.0167,6.877,220.56,9.17,224.95
3.1730,0.2285,4.035,163.59,56.17,287.32
3.1731,0.1309,12.913,142.69,309.80,307.82
3.1734,0.0573,6.578,243.89,337.21,3.54
3.1735,0.0834,11.084,308.44,338.49,273.41
3.1738,0.0727,4.651,13.35,124.16,69.94
3.1740,0.0724,18.180,266.80,324.14,329.00
3.1743,0.0902,13.543,238.14,36.87,136.82
3.1747,0.1999,4.600,115.20,77.59,348.98
3.1748,0.1543,1.277,128.12,67.26,64.78
3.1752,0.1483,4.381,25.56,358.22,293.24
3.1753,0.0331,6.643,177.75,126.21,52.39
3.1754,0.0499,7.217,0.19,290.67,176.11
3.1756,0.0759,22.278,314.03,86.26,344.73
3.1759,0.1390,20.806,220.62,209.72,245.20
3.1762,0.1284,4.042,1.99,212.85,105.98
3.1763,0.0876,15.692,124.63,10.14,323.12
3.1767,0.1844,8.679,38.14,217.70,172.07
3.1770,0.2049,6.724,210.63,51.45,127.38
3.1772,0.2057,18.063,164.87,136.32,130.47
3.1774,0.0198,11.408,181.77,220.56,171.54
3.1777,0.0500,9.861,211.29,341.08,293.90
3.1778,0.2732,9.157,31.40,230.25,342.70
3.1779,0.1234,13.814,140.17,231.84,340.53
3.1780,0.0967,8.692,351.11,291.16,3.58
3.1780,0.0991,12.350,137.05,47.27,278.90
3.1782,0.1320,11.799,72.55,334.24,311.58
3.1787,0.0786,6.911,354.08,104.77,330.44
3.1797,0.1620,4.336,356.72,142.87,248.52
3.1798,0.1345,2.604,97.85,20.33,201.07
3.1799,0.0090,3.179,287.54,168.53,80.51
3.1799,0.1535,5.051,261.94,178.22,160.86
3.1799,0.1002,4.914,285.82,18.50,52.88
3.1801,0.2200,4.154,44.76,74.27,152.65
3.1802,0.0936,6.266,230.04,244.23,217.86
3.1803,0.1531,10.680,305.01,322.24,234.21
3.1803,0.1835,14.235,55.92,84.09,257.12
3.1804,0.0691,10.045,341.83,44.84,24.02
3.1805,0.1863,9.540,236.69,93.53,255.65
3.1805,0.1113,8.841,151.19,286.46,168.17
3.1809,0.1951,5.421,79.89,268.15,230.79
3.1810,0.0298,4.481,352.14,304.41,120.10
3.1815,0.1522,12.878,72.77,60.89,212.64
3.1815,0.2112,3.406,58.22,255.77,130.91
3.1815,0.1407,4.098,204.00,16.68,224.32
3.1817,0.0128,9.702,76.19,78.17,0.52
3.1818,0.0775,10.373,293.22,299.51,315.55
3.1819,0.1897,3.856,311.80,94.42,58.31
3.1826,0.1691,8.235,251.25,270.44,354.01
3.1827,0.0633,10.913,112.10,276.56,139.68
3.1834,0.2540,3.310,194.63,181.85,19.00
3.1834,0.2819,5.537,172.56,300.35,2.63
3.1836,0.1317,8.511,184.24,74.47,252.06
3.1837,0.1491,8.110,3.38,210.14,201.47
3.1840,0.0747,19.512,333.64,96.55,162.79
3.1843,0.1422,14.945,143.78,60.79,316.30
3.1850,0.0314,8.570,203.48,87.46,179.41
3.1851,0.0161,13.788,340.79,312.36,345.56
3.1857,0.0582,11.346,152.27,61.99,34.35
3.1858,0.1551,8.139,304.19,294.88,281.06
3.1860,0.0334,8.082,90.71,205.14,140.12
3.1870,0.1866,8.557,337.46,154.28,115.82
3.1879,0.1112,12.377,136.47,159.87,103.27
3.1884,0.2277,7.112,82.78,82.63,312.37
3.1885,0.1312,14.571,156.16,332.02,285.68
3.1887,0.0488,12.907,138.58,249.51,0.88
3.1890,0.1698,16.741,191.42,88.09,276.76
3.1890,0.2156,3.013,211.30,174.99,36.18
3.1892,0.0897,11.848,68.99,147.06,69.62
3.1896,0.0985,12.670,100.68,272.41,266.49
3.1896,0.2353,10.749,47.81,325.40,206.81
3.1900,0.1315,19.308,319.81,75.94,5.82
3.1900,0.1304,2.584,357.12,356.22,70.48
3.1900,0.1021,11.155,21.17,152.91,337.50
3.1903,0.1495,9.855,240.58,308.83,139.21
3.1903,0.1204,10.074,67.08,334.74,323.14
3.1904,0.0756,14.297,277.87,247.09,89.97
3.1907,0.0558,3.655,280.33,67.20,201.34
3.1907,0.1774,4.073,72.25,3.51,219.83
3.1907,0.2170,20.002,119.34,70.65,5.23
3.1909,0.1308,1.870,150.14,16.27,30.38
3.1910,0.0968,11.324,135.77,154.14,138.21
3.1911,0.1550,12.339,283.75,147.80,96.95
3.1912,0.1183,13.279,250.93,194.14,240.85
3.1914,0.0512,9.629,238.58,236.46,298.02
3.1918,0.0593,5.548,184.80,153.08,207.51
3.1926,0.1345,10.210,1.45,342.30,200.56
3.1929,0.1196,10.825,32.20,301.71,102.66
3.1932,0.1521,12.322,248.40,134.74,76.59
3.1934,0.1209,14.753,55.74,294.79,148.48
3.1936,0.0881,4.276,251.89,81.98,182.99
3.1937,0.1568,13.712,131.47,28.29,89.72
3.1946,0.1574,16.036,300.88,148.55,86.03
3.1950,0.1302,18.154,357.94,191.61,139.63
3.1950,0.2479,12.697,73.63,329.15,9.31
3.1950,0.0512,6.958,248.03,292.48,314.94
3.1951,0.0730,20.092,128.42,244.43,131.04
3.1952,0.1779,14.399,20.12,179.61,346.83
3.1952,0.0886,7.104,297.48,110.50,20.17
3.1954,0.0910,11.646,164.41,274.23,77.01
3.1958,0.0466,20.790,241.80,34.41,238.72
3.1958,0.1439,3.399,239.62,178.65,49.38
3.1960,0.0986,12.099,1.91,60.94,325.13
3.1962,0.1055,13.847,48.64,257.79,125.67
3.1963,0.0588,1.737,341.03,18.37,252.29
3.1969,0.1440,11.598,243.36,247.13,137.16
3.1973,0.1774,14.053,44.17,139.22,294.97
3.1976,0.1542,9.581,198.16,280.38,42.53
3.1979,0.0354,15.102,88.27,353.60,334.12
3.1981,0.2365,10.818,67.00,178.70,323.38
3.1981,0.1606,5.831,17.31,328.11,131.69
3.1983,0.0377,10.632,166.79,67.78,148.39
3.1983,0.1411,0.353,289.20,249.69,42.46
3.1984,0.1465,2.842,345.85,324.18,63.77
3.1984,0.1098,6.050,226.42,193.93,302.36
3.1987,0.2304,16.374,234.68,95.80,317.77
3.1988,0.1094,15.246,219.57,269.83,309.09
3.1995,0.1048,7.730,0.38,11.79,179.04
3.1995,0.2849,10.803,42.45,225.38,359.79
3.1999,0.2211,16.459,272.80,23.30,323.17
3.1999,0.0727,17.915,143.97,91.37,99.03
3.2000,0.0893,16.413,251.67,107.07,19.24
3.2001,0.1777,19.768,241.10,233.52,263.15
3.2003,0.2132,6.974,354.66,213.90,81.00
3.2007,0.2016,3.338,37.60,186.08,65.08
3.2008,0.2437,20.473,283.02,227.87,291.94
3.2009,0.0493,12.759,306.19,144.23,172.76
3.2011,0.2690,6.726,301.42,173.33,353.29
3.2012,0.1497,3.909,257.75,91.60,296.76
3.2019,0.1376,1.504,10.07,113.35,38.35
3.2025,0.0531,11.832,165.66,28.64,225.44
3.2025,0.1967,3.076,154.71,229.26,257.84
3.2026,0.0949,5.496,29.29,95.44,111.35
3.2027,0.1701,16.899,14.24,52.38,344.22
3.2028,0.1712,5.986,280.54,173.47,53.72
3.2030,0.1678,9.338,92.85,26.46,195.69
3.2032,0.1772,3.619,238.27,233.51,245.08
3.2036,0.0408,2.997,274.88,177.07,10.46
3.2037,0.1618,4.661,178.29,30.94,108.65
3.2041,0.1108,6.102,277.59,327.00,291.11
3.2042,0.0725,10.061,256.73,159.67,211.29
3.2045,0.0796,12.919,348.06,291.43,242.83
3.2051,0.1841,7.291,281.45,46.71,136.10
3.2054,0.3180,21.351,65.47,272.28,170.65
3.2054,0.0944,0.612,100.80,21.72,160.80
3.2055,0.1284,14.649,65.33,15.73,357.74
3.2056,0.0418,13.161,337.27,220.62,206.02
3.2057,0.1797,21.126,284.60,330.98,302.76
3.2061,0.1701,5.149,265.18,49.56,176.28
3.2065,0.1677,8.963,147.14,276.64,102.58
3.2065,0.0485,3.517,285.49,16.17,278.12
3.2069,0.1317,1.905,86.06,275.12,311.23
3.2070,0.2383,6.287,100.81,210.00,291.25
3.2077,0.2128,14.106,86.11,60.47,274.10
3.2083,0.0976,15.036,358.26,120.91,147.36
3.2084,0.1008,11.141,135.09,219.45,225.22
3.2084,0.1136,14.549,28.01,334.34,242.11
3.2086,0.0727,14.346,122.39,127.87,42.30
3.2086,0.2029,2.204,180.59,356.42,270.35
3.2095,0.1134,6.801,285.80,83.43,126.48
3.2095,0.1548,6.487,65.75,231.08,97.05
3.2096,0.1735,5.603,129.55,87.76,231.55
3.2097,0.1753,8.859,293.37,55.45,286.19
3.2108,0.0332,17.394,329.36,49.15,224.39
3.2111,0.1371,8.061,197.04,23.81,236.90
3.2114,0.1659,13.471,35.01,278.88,19.67
3.2116,0.2404,11.920,157.08,182.85,43.73
3.2116,0.0364,11.459,297.80,58.05,178.37
3.2117,0.2647,10.105,247.34,53.05,176.28
3.2117,0.1052,15.383,185.67,20.27,69.77
3.2119,0.0752,20.310,201.60,349.54,18.07
3.2125,0.1634,11.746,5.75,253.89,323.69
3.2127,0.2333,7.157,257.60,193.42,322.58
3.2127,0.1839,10.587,158.90,334.85,11.92
3.2128,0.1950,11.788,119.14,130.72,80.45
3.2130,0.2494,20.096,3.42,279.99,84.71
3.2132,0.2552,6.631,116.99,0.19,116.16
3.2134,0.1623,17.959,159.99,309.18,19.09
3.2135,0.0090,19.146,26.55,155.51,352.20
3.2136,0.2619,15.211,330.56,169.66,228.16
3.2139,0.0267,9.347,118.28,231.24,249.99
3.2145,0.1215,22.656,260.37,174.69,339.25
3.2148,0.2822,21.314,322.47,243.30,307.57
3.2162,0.1225,18.748,356.91,326.61,294.18
3.2166,0.1672,7.419,289.35,91.78,107.34
3.2166,0.1178,16.721,273.11,93.38,37.90
3.2167,0.0441,5.183,209.17,213.62,114.70
3.2170,0.1136,8.321,71.62,32.82,23.82
3.2172,0.0799,9.455,128.65,9.86,107.76
3.2173,0.1690,18.615,345.72,262.39,77.40
3.2174,0.1238,5.685,97.60,15.86,173.44
3.2176,0.0883,3.245,158.30,208.84,195.84
3.2180,0.1271,7.602,96.38,110.71,305.58
3.2180,0.2153,7.799,125.02,99.20,274.34
3.2185,0.1587,12.392,226.33,304.52,192.02
3.2187,0.0198,6.089,54.47,103.70,23.46
3.2187,0.1302,6.624,168.06,10.29,251.40
3.2193,0.1417,3.913,295.75,7.76,243.95
3.2193,0.0572,11.246,38.24,185.91,68.67
3.2194,0.2634,12.369,258.72,262.67,138.34
3.2195,0.0562,11.351,277.59,329.04,22.01
3.2196,0.0565,16.756,300.12,247.76,284.79
3.2208,0.1716,9.023,97.17,133.78,26.60
3.2209,0.1807,2.075,233.04,239.51,186.77
3.2209,0.1985,11.834,189.97,311.71,209.48
3.2213,0.0912,6.957,111.92,230.90,257.45
3.2213,0.0676,0.351,281.82,30.19,301.38
3.2214,0.1774,7.194,134.73,230.21,146.70
3.2214,0.1682,5.901,229.99,214.01,5.05
3.2215,0.0540,3.771,68.31,322.77,315.19
3.2215,0.1533,4.869,207.18,340.68,296.65
3.2216,0.0947,26.771,126.82,231.74,154.95
3.2218,0.0764,13.435,333.56,310.59,176.77
3.2222,0.0844,16.535,74.69,44.45,124.35
3.2224,0.0754,12.128,26.99,30.69,100.44
3.2230,0.1613,14.655,264.42,75.29,131.86
3.2230,0.2389,16.368,309.07,85.35,253.58
3.2232,0.1955,8.859,199.99,62.94,214.10
3.2232,0.0075,12.567,10.38,205.58,158.80
3.2233,0.0986,5.916,326.16,282.94,177.55
3.2234,0.0972,22.063,210.09,193.05,59.56
3.2237,0.1953,29.609,87.50,338.18,153.22
3.2242,0.2477,12.210,25.68,341.90,184.86
3.2246,0.0605,5.444,103.16,308.00,44.57
3.2250,0.0499,5.671,229.76,340.42,149.06
3.2254,0.2979,3.648,349.07,345.87,265.16
3.2255,0.1659,5.109,80.03,7.40,308.38
3.2260,0.1300,5.322,326.49,143.25,183.20
3.2266,0.0764,14.712,302.43,319.93,222.40
3.2268,0.3413,9.170,208.31,95.44,94.23
3.2273,0.1141,5.807,165.23,123.29,243.64
3.2278,0.1235,6.103,206.47,75.74,281.45
3.2287,0.1451,8.000,309.82,164.88,233.94
3.2294,0.2040,15.120,87.15,297.34,25.52
3.2304,0.0747,9.966,17.89,48.91,202.70
3.2306,0.1876,12.513,82.74,50.79,346.90
3.2310,0.1058,12.366,86.13,202.11,144.41
3.2311,0.1384,8.541,62.24,348.37,317.52
3.2313,0.0911,18.536,343.21,72.38,131.62
3.2318,0.0257,15.110,302.63,217.52,120.20
3.2326,0.1448,7.761,32.57,231.47,169.47
3.2327,0.2930,7.239,252.68,205.00,154.95
3.2332,0.2237,1.631,6.21,351.18,262.98
3.2334,0.0789,18.050,203.35,25.97,227.94
3.2335,0.0122,10.058,109.01,70.63,180.96
3.2342,0.1391,8.436,8.93,156.98,19.90
3.2343,0.0787,9.196,299.78,248.92,129.71
3.2348,0.0872,11.827,119.68,158.21,290.50
3.2350,0.2459,5.036,10.35,97.50,107.41
3.2352,0.0513,4.745,73.56,295.78,305.88
3.2357,0.0980,5.002,261.65,81.63,317.93
3.2361,0.0890,10.959,26.42,330.61,24.77
3.2369,0.1574,6.641,295.40,260.56,19.57
3.2370,0.1368,10.176,119.65,290.01,63.34
3.2371,0.0503,5.762,296.20,95.25,317.85
3.2372,0.1443,9.619,356.69,212.66,13.01
3.2373,0.1425,14.397,275.54,51.39,52.26
3.2385,0.1237,3.714,284.56,17.02,67.62
3.2388,0.0746,27.476,191.74,102.37,63.00
3.2389,0.1627,6.661,220.16,287.31,263.62
3.2389,0.1237,21.521,355.59,228.50,19.19
3.2391,0.2523,8.715,106.17,294.91,1.51
3.2402,0.1085,9.274,209.93,208.51,20.76
3.2406,0.0379,12.919,82.37,261.46,29.59
3.2409,0.1592,10.503,335.76,257.07,287.41
3.2412,0.0885,8.545,112.30,1.26,320.43
3.2421,0.1943,13.589,330.66,64.70,165.41
3.2425,0.2632,6.791,317.63,232.81,288.66
3.2427,0.0101,12.783,248.24,182.69,111.82
3.2433,0.1443,3.652,177.56,182.63,246.79
3.2434,0.3092,12.079,81.40,17.47,117.33
3.2437,0.1817,17.990,113.35,121.27,95.51
3.2439,0.0367,16.057,218.83,92.54,245.54
3.2439,0.0836,4.858,321.77,230.55,12.57
3.2448,0.0452,4.073,226.46,52.46,130.38
3.2449,0.0497,0.711,198.59,312.84,38.33
3.2457,0.0871,16.601,68.47,308.15,66.06
3.2473,0.2003,12.702,330.58,339.01,179.51
3.2475,0.0385,7.652,68.82,238.96,308.44
3.2477,0.1333,10.706,205.81,46.65,271.43
3.2499,0.0235,5.745,217.59,165.23,261.37
3.2502,0.1592,5.372,181.34,12.15,63.03
3.2503,0.1571,6.675,208.53,142.17,219.75
3.2513,0.0741,8.325,286.20,184.91,191.65
3.2521,0.0217,5.642,260.77,227.30,22.45
3.2526,0.1979,7.382,181.26,287.29,156.18
3.2528,0.0724,8.035,54.84,45.82,228.76
3.2542,0.0565,16.061,78.74,304.49,317.18
3.2544,0.2020,23.320,259.53,271.75,278.07
3.2552,0.0352,8.625,318.01,29.49,247.42
3.2555,0.1757,12.071,161.20,190.44,291.16
3.2577,0.1363,20.539,265.31,47.42,5.42
3.2585,0.0797,15.367,239.48,130.44,27.37
3.2592,0.0999,1.584,348.25,116.87,104.56
3.2597,0.1203,7.193,313.59,214.74,4.13
3.2621,0.2103,6.775,318.58,43.43,355.90
3.2633,0.0605,7.177,21.90,167.18,181.42
3.2652,0.1172,11.376,164.56,139.19,63.16
3.2658,0.1837,4.146,148.31,182.19,147.43
3.2675,0.1263,6.582,211.61,209.13,42.91
3.2681,0.0683,19.424,103.71,174.57,136.69
3.2747,0.1354,2.456,289.51,266.56,248.64
