lon,lat,diameter_km
-170.0000,-54.0000,2050.000
-17.4068,33.4635,1113.841
59.8466,16.9763,1091.521
-94.5566,-19.7345,928.473
34.6673,-14.4650,914.999
86.6138,-1.8255,886.977
-15.3725,-18.6289,835.450
18.8607,27.0236,658.628
-93.6973,-50.0979,635.875
148.7715,27.4877,628.680
81.9745,57.2361,603.126
175.0039,18.3493,582.285
-129.1571,2.0247,549.393
-151.7219,-36.0658,475.822
148.9668,-4.8920,452.971
-157.4701,-4.4430,417.139
-39.6967,-24.6870,407.689
147.0497,26.1274,401.559
-158.1644,13.4521,393.547
123.2951,-81.0753,378.676
-169.8414,25.1018,359.054
-45.2672,-55.4568,350.250
-97.0998,34.3631,333.285
141.1357,5.4436,330.791
135.0916,-57.3913,320.524
163.6812,-32.8072,319.231
-122.5339,51.3494,315.767
133.5337,-74.8652,312.747
163.1533,-57.3193,311.641
-147.2474,59.2763,308.094
-68.7959,-67.1813,299.358
-108.5247,-28.1275,275.673
98.5597,40.3770,265.187
69.3303,-15.6133,264.656
149.3784,-19.6631,255.770
109.0653,-68.6469,252.194
112.8568,-31.4849,250.897
176.3040,-46.9757,245.208
167.8215,-3.1976,241.645
123.3894,-19.6725,240.785
-31.1810,44.5298,233.931
-68.6893,-5.0105,233.783
179.1268,-38.3496,233.749
164.8361,51.0543,231.696
40.6390,-44.3464,229.961
-118.9701,42.1224,226.910
104.8591,-11.6595,221.894
152.8752,45.4506,221.563
-98.8757,57.6561,220.895
-14.7672,-58.6946,220.531
156.8421,-10.1120,218.802
-5.2704,-32.6097,216.511
-66.0722,-16.0013,212.469
-7.0547,-22.4949,211.558
-152.6452,-14.1118,210.024
120.0916,70.3554,207.028
-166.0453,-35.3755,205.593
80.8167,-27.0858,205.511
-108.3612,40.2303,205.005
90.1994,61.5742,204.083
-54.9952,-44.5355,199.965
-24.4324,-9.2411,197.222
-84.5604,46.6431,193.632
124.8912,-2.7486,187.094
-88.5823,16.7538,185.441
-135.5966,-75.0430,185.158
128.9814,-20.2614,185.056
162.3215,5.6307,184.826
105.2295,34.5157,184.135
-150.3022,-53.9604,182.216
119.7598,14.7330,180.651
-149.2718,18.2105,180.088
60.8401,-25.3914,179.954
100.8223,43.0460,177.400
-170.5983,12.9434,176.986
127.3350,-66.3623,176.947
87.6618,-75.2687,174.799
-136.6347,23.2670,174.757
-133.0092,-33.9978,174.667
108.2477,-18.0648,173.028
176.0078,-44.6332,172.076
-76.7488,23.5888,171.257
171.1629,-19.1646,170.717
-88.7572,-65.3381,169.867
79.1061,35.9351,169.380
93.4412,25.8557,169.076
-159.5045,85.1659,168.699
-114.2023,-55.4481,167.853
166.8391,-10.3376,167.704
88.9283,24.2673,166.983
170.0077,9.5746,166.286
27.0842,45.3037,165.270
-87.8761,-79.8833,165.066
-176.1880,7.1939,163.894
100.1636,31.2373,163.334
-41.8597,62.3071,162.992
104.2891,55.9587,162.600
-74.5070,-2.8001,161.263
161.9597,-9.7016,161.111
-163.8519,36.6129,160.933
-114.6046,-43.8270,160.403
-162.6675,56.8951,160.128
45.2989,-31.2976,159.489
-76.6389,2.5950,158.471
-149.8589,5.3391,156.973
-112.4764,-81.2097,155.594
123.9354,-13.5404,153.837
-1.7336,-9.1854,153.590
104.8572,61.2415,153.204
136.5120,-42.2109,153.103
3.8931,65.4025,151.500
-126.0757,18.1746,151.166
142.2631,-28.3605,151.044
61.7151,-16.1627,149.737
-168.7947,-80.7957,149.525
167.2433,73.7110,149.060
92.4890,-22.9981,148.221
-6.2215,-50.2071,148.108
84.7114,-50.4354,147.962
84.7214,8.8506,147.680
-131.8687,33.8814,146.465
170.6549,-28.1884,146.332
-145.0564,42.4524,145.769
93.4621,-6.0635,145.747
-57.0170,59.5622,145.376
-68.7869,-39.7736,145.256
-22.0508,-49.8560,144.064
156.0243,-35.6830,143.970
-109.9013,-48.8324,142.166
147.3236,-34.8169,141.102
-131.7156,12.4446,139.334
-161.0714,64.5790,139.238
151.5984,3.8971,138.342
-24.3470,-32.6207,138.096
-123.5502,-14.3992,138.025
-157.0096,7.1224,137.365
-40.0300,-51.6700,137.264
-172.9644,-69.3530,137.043
-136.4000,-11.2022,136.930
79.5594,-21.6012,136.581
55.4783,27.6052,135.689
99.6575,13.3366,135.426
-88.3676,74.7367,135.309
119.0499,-13.2011,135.105
173.3106,-25.8691,134.955
-115.8894,-37.4126,134.201
62.3796,61.3647,133.527
3.9287,-11.2155,133.242
4.8451,-5.3605,132.854
61.0639,-8.7830,130.751
-50.6585,57.4236,130.743
173.0312,-16.3640,129.984
25.9448,-32.1968,129.817
-27.7331,-70.1910,129.760
167.6091,-15.3296,129.616
109.4650,14.9392,129.365
70.3011,-20.2640,129.246
60.3085,-36.0591,128.992
-62.8328,63.6217,128.696
53.8741,-70.3760,128.503
0.5729,-33.2503,128.491
-133.3849,17.6338,128.096
-71.8666,21.7384,128.086
-74.4199,-24.9345,127.945
-73.5762,48.8266,127.833
150.3585,-5.6755,127.723
126.6174,3.9788,126.977
-144.0215,52.0443,126.306
-154.5690,-15.0121,126.241
96.1224,-18.0415,125.730
-140.5700,-14.0776,125.465
-158.3184,7.8213,125.159
109.6549,46.4419,124.831
-55.2060,68.3148,124.297
-160.6904,53.1096,124.076
-69.2590,-19.9362,124.009
97.0522,-73.7258,124.007
52.9550,58.9532,123.628
-176.2172,49.2458,123.597
-76.6082,21.9331,123.327
5.8340,-41.2509,123.312
-176.6734,-28.4783,123.283
-91.5315,33.0563,123.168
56.6677,53.6466,123.080
145.4107,61.8953,123.070
-142.6275,64.1311,123.053
-121.6085,6.6258,123.000
120.8136,13.2880,122.975
-94.6737,35.5190,122.959
105.6701,33.7107,122.851
165.2417,63.2473,122.840
-101.9517,18.1436,122.493
127.3856,-51.6712,122.004
118.7169,6.6133,121.647
113.2789,0.3182,121.076
20.0684,73.6912,121.032
78.9337,-6.9138,120.797
-158.4686,26.2254,120.629
59.3022,-78.4483,120.369
120.8443,-32.9852,119.749
-75.6449,-73.9557,119.479
178.8067,-67.2665,119.057
73.1522,43.3206,118.968
-65.3841,-20.6988,118.795
59.9974,39.3023,118.778
33.0342,-21.3949,118.285
166.3100,-70.9601,117.620
166.1366,-32.2888,117.606
141.7837,38.4012,117.191
91.3075,-42.6923,117.067
-178.7751,-29.2812,116.712
76.0234,-48.6470,115.853
-35.2078,-43.8043,115.772
-5.4423,-70.6584,115.552
148.6079,-49.9476,115.479
130.0789,-35.2539,115.409
-57.2800,-52.8268,115.226
-129.4032,30.8652,114.885
85.4575,-34.4558,114.707
-2.8399,-13.4128,113.890
146.6265,41.0168,113.853
-124.7540,-35.7278,113.650
96.4911,81.1567,113.534
-3.3893,73.0502,113.506
166.3864,-35.7308,113.388
-67.3802,2.2408,113.134
115.1564,-52.7307,113.021
-4.0503,-40.4089,112.853
13.9445,-41.8517,112.677
-142.1287,-19.5715,112.600
121.9628,10.2623,112.369
-108.7958,46.3003,112.328
-175.3221,-22.8176,112.150
-40.0050,-17.4920,112.045
-81.9559,57.6730,111.628
89.4353,29.1637,111.572
84.7965,-64.2356,111.361
114.5303,29.3505,111.193
-42.5277,-10.5974,110.979
-162.6191,-70.5485,110.802
-1.8459,-25.6046,110.785
86.9839,39.3614,110.675
98.4984,29.9363,110.607
163.4507,59.3753,110.428
140.3804,-47.0129,110.293
-84.6477,54.0292,110.195
-29.6164,-43.3834,110.006
120.0380,-43.5605,109.996
32.8603,-54.7534,109.799
148.1486,14.5406,109.667
108.8252,67.9916,109.283
176.5005,81.6630,108.990
95.3755,-21.8161,108.572
-145.6498,-56.1603,108.399
-120.4271,16.3211,108.258
-133.9473,-58.2131,108.129
-179.2500,-25.1062,107.975
-172.1000,-28.6037,107.919
-130.7668,-10.2146,107.876
151.6356,-54.6049,107.838
144.6411,65.3896,107.646
85.9505,-29.8764,107.564
102.9085,-1.7500,107.344
46.2898,-67.2288,107.169
75.7070,-26.5864,106.985
23.5529,-17.8678,106.690
170.7300,15.4688,106.658
168.4222,-13.1009,106.445
177.4039,77.8383,106.211
-138.6983,4.7208,105.961
65.1952,-68.6100,105.698
-140.9324,30.3876,105.533
-27.7808,-60.4780,105.458
-44.2100,-3.3465,105.222
85.3434,72.8816,105.198
-148.1597,20.6847,104.987
-131.7757,-45.8736,104.929
-172.0550,-11.8014,104.917
-92.3534,86.2292,104.868
157.9471,-4.7669,104.772
84.7966,-43.2180,104.646
110.9246,-23.5809,104.336
119.5820,-9.8471,104.051
33.9249,71.4582,103.849
110.0329,44.0031,103.802
-99.4099,15.4615,103.768
-70.0970,74.4004,103.468
98.1260,-1.3614,103.416
-1.2221,-28.0148,103.385
-118.8326,61.3527,103.367
-31.0433,-72.7596,103.364
146.4325,4.4618,103.346
-131.4973,36.4418,103.273
-97.0202,15.9959,103.255
-114.1111,-6.6790,103.208
117.1754,11.5844,103.186
56.0254,74.7425,103.131
-75.4763,26.5412,102.899
-68.1953,-36.2779,102.856
134.3488,-35.6240,102.723
-22.0047,-63.7585,102.654
-75.4682,-31.6581,102.116
147.4151,-17.6247,101.969
-126.9236,-12.4954,101.935
115.6765,-15.2903,101.920
-137.6451,-0.0697,101.914
-69.9632,-22.9219,101.792
-155.7505,24.1119,101.764
107.8617,-46.9438,101.537
-145.0352,30.7255,101.444
100.9675,-42.8133,101.441
-20.9209,-43.1747,101.246
-131.3331,29.2368,100.995
-150.2578,50.1425,100.889
138.6813,-4.8073,100.762
-79.4438,-45.8351,100.692
-80.2301,11.8685,100.650
76.0874,-3.2599,100.528
-175.9916,62.8169,100.514
86.4647,-84.5513,100.466
-172.2069,26.8520,100.218
-133.5390,-40.5887,99.988
67.3121,-3.9642,99.945
-177.1000,3.6004,99.914
120.1861,-38.3027,99.884
-9.3625,51.6714,99.852
143.2013,-23.2536,99.585
116.5230,-57.3385,99.533
93.7134,33.8595,99.481
162.8915,-46.1233,99.426
141.8334,-31.8456,99.110
29.9959,31.8626,99.033
-54.4025,-59.2805,98.674
-112.1486,20.5020,98.627
94.1565,4.2645,98.585
110.3939,3.4867,98.262
26.3292,-11.3957,98.009
46.7696,-82.1753,97.946
171.8954,-60.3568,97.927
104.1692,-35.9716,97.915
-138.9447,-0.6941,97.914
6.3604,-24.1663,97.759
122.8329,40.9214,97.718
55.0221,47.6844,97.715
-133.5629,21.0356,97.541
150.3010,-42.1538,97.472
34.7608,59.2223,97.297
169.4462,-57.7721,97.111
-91.3871,43.2309,97.108
-144.1205,27.2515,96.985
-138.6000,47.4060,96.911
137.3735,-34.2072,96.817
4.7045,-67.0779,96.691
-1.9765,-18.2220,96.670
-92.7203,10.8743,96.513
-179.7536,-18.7290,96.337
-149.9629,-61.3351,96.162
-175.5000,-8.7008,95.909
-173.2564,-5.3992,95.901
24.0933,-13.3958,95.886
-68.9297,-47.5586,95.882
78.7446,-14.7834,95.827
77.7387,18.0587,95.795
75.7755,-79.1018,95.712
125.1787,-26.7648,95.704
103.5111,-65.8222,95.678
121.4716,46.6929,95.541
104.7452,-59.5541,95.470
-147.7456,-67.3519,95.444
-13.5727,-29.8075,95.439
146.9928,73.6418,95.271
-159.7847,-12.4885,95.264
121.7226,-3.1789,95.228
-110.9701,-62.6982,95.100
61.0276,62.3249,95.088
137.2779,-44.7934,95.076
-23.6000,69.0138,94.910
-20.0583,9.5912,94.811
-136.6614,-30.8347,94.805
43.1833,-72.9167,94.740
79.9139,5.2305,94.607
96.9501,21.0429,94.577
-179.6382,31.9178,94.562
-78.5849,51.3576,94.494
131.0064,9.6469,94.482
26.3990,-67.4419,94.402
79.7208,-12.9366,94.297
119.6421,29.5536,94.194
-168.4675,32.4102,94.114
-27.8777,74.0740,94.111
-138.3725,16.3410,93.923
170.0710,76.6870,93.862
-147.1621,-42.5552,93.791
179.3439,-5.8202,93.749
167.1415,72.6415,93.735
16.6002,-23.7844,93.623
108.0211,-37.4295,93.592
113.1296,-10.7437,93.459
122.3030,-50.1978,93.438
12.0736,85.4039,93.391
107.3738,6.8415,93.320
-83.9662,14.0107,93.108
-162.9242,31.1058,93.003
129.1966,-6.3031,92.964
-108.8937,25.8722,92.918
159.2392,-15.7891,92.908
172.5000,32.6032,92.906
89.1768,15.1260,92.540
-150.8987,44.1708,92.460
-176.8457,-17.0687,92.442
162.7383,-0.1596,92.419
-132.6328,61.8823,92.251
-154.7564,17.8466,91.948
-147.1624,2.6902,91.920
-179.8700,-63.4918,91.871
-65.3546,-24.7101,91.845
98.3095,27.4033,91.662
65.9768,-58.7953,91.646
37.5851,74.5702,91.609
137.1821,-25.9026,91.529
79.6385,-19.5902,91.242
128.8985,-9.9322,91.188
-33.1363,71.2707,91.128
-157.1535,75.9226,91.041
-76.4747,43.5696,90.950
130.5000,23.2021,90.905
152.6259,-38.9637,90.899
-128.7937,-35.8700,90.810
35.7862,66.8775,90.720
164.0032,10.1833,90.641
-169.5067,-53.9012,90.480
129.6536,13.8965,90.443
58.4170,45.4744,90.077
24.5403,-28.4318,90.003
-90.1000,20.9018,89.906
-127.8069,-44.2602,89.793
-66.7261,-16.9673,89.789
-124.8279,-57.8258,89.630
-73.8431,-58.6325,89.613
-18.2006,-49.9005,89.547
-16.9135,-6.0912,89.491
113.0781,9.7837,89.471
-125.9423,59.3840,89.466
101.1777,48.6053,89.375
-90.6284,8.8969,89.197
-114.9028,54.4643,89.169
81.0578,-14.2310,89.108
7.4982,71.3575,89.085
-139.3898,82.0277,88.906
142.0919,-65.0377,88.899
165.8195,13.0691,88.868
-96.9788,28.4566,88.608
126.9309,51.7380,88.405
174.1705,-54.4454,88.212
-113.9208,45.1894,87.914
-130.3789,71.8079,87.912
-105.2000,21.8018,87.902
73.5968,31.1205,87.896
159.1459,-50.9693,87.889
-10.2244,-66.9863,87.876
-131.3149,-71.0332,87.722
118.2761,-33.6199,87.690
172.2827,61.6804,87.625
126.0389,-33.8023,87.592
86.7911,22.3262,87.404
-93.2286,18.1038,87.385
13.3746,-34.4079,87.344
64.6326,-14.6493,87.259
127.0213,-36.6198,87.209
38.7340,-53.4751,87.197
44.3273,46.7071,87.148
-119.6280,25.7472,87.120
-142.4036,-26.4752,86.871
114.7631,-17.4432,86.836
-118.1030,-11.7769,86.796
-130.4843,-27.7792,86.792
-56.5232,-29.2630,86.785
109.7978,64.9690,86.765
-174.8537,-37.7712,86.747
-119.7740,-45.9299,86.297
-92.9261,6.8181,86.265
-90.6043,7.1251,86.248
-127.8908,42.1406,86.149
128.7328,-0.4759,86.139
-166.0933,16.7094,86.037
-179.4581,-2.0982,86.034
-105.2757,25.1415,85.922
-129.2000,-14.4011,85.901
-123.5388,-22.9927,85.872
-96.5211,21.9229,85.864
84.2892,64.4935,85.857
-50.3141,65.5954,85.827
-137.1930,26.5576,85.816
-49.3178,-21.4374,85.809
43.4724,-40.3796,85.622
151.5416,10.1377,85.565
24.5263,-76.6608,85.564
-83.4496,-5.9146,85.546
103.6234,-33.2840,85.354
162.4705,-64.9242,85.345
-55.9308,-42.5896,85.344
-89.2134,41.2104,85.278
83.4876,-32.2733,85.255
122.2534,6.7658,85.151
109.1783,-27.2108,85.038
-56.6085,-34.7696,84.931
81.4920,-40.0910,84.700
-90.8607,67.2109,84.697
32.1532,-29.7288,84.488
137.0228,43.3795,84.485
-97.6740,5.6178,84.422
-173.7674,70.6457,84.405
141.4463,-59.6756,84.258
72.3011,-29.7585,84.230
-134.0026,-22.7259,84.137
-45.2539,-85.5379,84.137
93.2471,-2.6776,84.087
127.5994,-45.4706,84.063
-163.5050,-63.0892,84.056
-60.4978,-49.4887,84.047
-159.9951,46.9705,84.021
-153.5588,50.2623,83.988
-17.0200,-76.5931,83.963
-87.6348,4.2811,83.799
-73.7935,-19.4681,83.753
18.8867,70.4153,83.696
62.7304,-29.5369,83.519
132.4714,-42.8719,83.497
-169.3820,-14.6099,83.468
152.1861,24.6817,83.457
-26.6670,78.4810,83.323
-80.3813,-6.2552,83.293
-170.0157,-23.0602,83.205
106.0714,-39.1709,83.177
-144.3353,2.2580,83.170
-141.9649,42.2655,83.121
46.0978,-15.1661,83.106
110.2252,-7.6975,83.009
170.2918,57.2427,82.984
-96.8908,60.2616,82.955
170.9134,24.9215,82.914
43.0920,-55.5410,82.853
117.4805,-7.5290,82.830
17.2982,50.3097,82.778
56.5804,34.4550,82.732
-168.6859,-40.8135,82.705
170.1969,42.8595,82.549
147.3651,-25.3439,82.466
126.6322,46.4295,82.339
104.5438,13.3731,82.339
-135.2719,-48.0921,82.186
-22.4726,-44.5169,82.133
96.0870,12.7711,82.093
137.5989,63.7089,82.049
-65.6462,-19.6079,81.979
-4.0000,29.7022,81.898
-151.9997,33.9635,81.853
-95.3550,4.1774,81.783
91.8493,-74.2200,81.675
-11.2856,-43.2703,81.573
-147.1945,-26.5501,81.553
169.2649,-42.7110,81.542
163.4316,-22.9166,81.535
127.2523,61.0022,81.526
55.7476,-29.3702,81.506
101.3064,-46.3193,81.440
26.6298,-37.0094,81.409
76.2563,-10.6463,81.378
140.6881,-6.8480,81.179
-103.5327,42.3227,81.162
-115.0674,10.7841,81.054
-121.7809,43.6262,81.010
-60.6896,68.0135,80.946
-126.1405,-31.5648,80.937
-167.2960,7.6032,80.914
137.2246,-11.5810,80.884
6.2645,-49.3206,80.865
23.4716,-34.7829,80.856
92.4802,18.0237,80.838
128.2243,-25.7094,80.802
-72.8045,-12.9017,80.782
138.4005,58.6893,80.626
-140.5943,-16.2697,80.613
-119.9312,71.8181,80.584
24.1710,72.1498,80.581
173.9755,-30.1613,80.512
171.6806,43.7278,80.229
-143.3226,70.9644,80.194
117.8421,20.6146,80.181
16.7181,-45.0964,80.162
-87.3154,8.8927,80.137
70.8560,-71.2609,80.090
179.9672,-17.1611,79.919
127.6589,9.1171,79.904
-84.6000,49.6044,79.893
-140.1402,-14.1615,79.719
30.6391,-50.6282,79.699
-127.2974,68.3346,79.644
-56.6763,-50.5919,79.609
156.2997,-68.1814,79.513
76.1339,-43.7665,79.481
114.9522,-25.0915,79.469
155.1240,-1.9717,79.433
-170.3470,-61.3013,79.396
-141.6537,47.3799,79.139
91.4279,-55.5937,79.138
157.3943,-20.3255,79.088
111.2206,-79.4835,79.014
9.6962,-50.2234,78.972
-92.7486,47.0131,78.962
-35.1060,38.8095,78.957
29.8530,61.0762,78.866
69.9810,-28.8685,78.849
125.2800,-11.1639,78.719
173.0517,12.2766,78.715
24.5281,88.6608,78.592
-150.7006,61.7062,78.535
46.5117,-59.8876,78.493
122.3791,-6.9496,78.474
78.1032,49.9909,78.409
103.3005,11.1160,78.403
152.9076,40.3053,78.388
84.2773,-18.4016,78.224
-123.8945,-17.1606,78.177
5.0770,-30.7046,77.941
-131.8456,-68.0774,77.886
110.0463,-4.9956,77.700
-176.5871,54.5504,77.651
53.0147,-85.3287,77.594
69.6269,12.1075,77.543
39.1116,-39.1149,77.307
167.1277,29.3718,77.291
-93.5735,16.3070,77.249
136.0866,-48.5858,77.025
31.0636,-34.5739,77.011
-146.0738,36.2851,76.996
-175.2973,21.8759,76.950
147.8622,-29.0926,76.931
-177.9496,-48.6039,76.888
139.3000,-13.9009,76.888
120.4802,4.9152,76.822
-73.6853,70.2367,76.671
143.5502,-8.3853,76.628
-148.7183,72.9729,76.596
151.8844,-13.3002,76.592
156.9030,-47.0416,76.554
171.7268,0.5748,76.465
-157.3724,9.2180,76.428
118.6545,38.0154,76.324
-138.0602,21.8025,76.314
39.2956,-58.5747,76.294
41.7893,-42.8034,76.155
-45.1215,72.5492,76.061
134.3889,-4.6569,76.040
160.3040,49.4362,76.016
177.3270,-24.8421,75.701
126.5771,49.9326,75.681
18.0519,-33.1779,75.634
63.2747,-45.3707,75.601
89.5342,8.6448,75.574
29.9668,-63.6716,75.499
65.3526,-80.1095,75.416
154.8652,42.1250,75.382
82.9066,-54.2172,75.345
102.8368,4.5003,75.329
-39.6531,-29.7212,75.323
-20.5813,-45.8411,75.195
-103.6666,46.8067,75.024
-118.8997,37.4603,75.009
51.6133,-55.0908,74.988
-141.6862,36.8947,74.981
147.9273,39.1298,74.933
-172.8168,51.6011,74.729
53.8940,-70.0347,74.707
-116.7966,19.4458,74.701
-143.7736,25.7903,74.662
67.9941,74.3430,74.652
39.6284,-64.1677,74.591
99.3375,16.9897,74.526
-142.7264,0.3020,74.481
106.7175,-59.0857,74.413
-112.9643,-19.7955,74.397
13.2485,-43.6964,74.235
-100.5847,9.0270,74.031
-178.0705,-43.5638,74.021
51.0336,-41.5410,73.994
69.9000,33.5021,73.884
-75.9000,7.4004,73.884
113.0308,-2.8759,73.852
37.1298,81.0647,73.823
-155.1174,53.1190,73.679
58.2209,-31.9349,73.667
6.5340,-47.2496,73.641
54.1776,-32.4714,73.593
-133.8924,-18.0774,73.567
-9.3888,-39.2343,73.524
-5.6604,-23.8731,73.508
-108.5497,0.1688,73.228
110.9001,24.4272,73.185
95.9677,-41.9854,73.061
-158.5537,35.5358,73.053
155.8370,51.0688,73.048
-44.9561,-63.3825,73.048
-155.0027,-21.0643,72.993
-161.7087,24.6632,72.985
-154.9295,-24.6773,72.981
173.8798,-52.1409,72.981
70.4613,68.9366,72.937
-112.5725,21.9650,72.920
145.1000,-9.5043,72.896
149.5568,-8.6842,72.848
-172.9291,-21.1782,72.712
-152.1939,12.7844,72.651
-122.0352,21.6825,72.631
155.5826,-31.8785,72.552
-102.9486,48.8680,72.475
112.4295,-59.4736,72.443
164.7057,-5.6266,72.347
15.2211,9.0971,72.245
-158.0121,-14.9851,72.166
115.2783,85.8804,72.074
-174.9350,-33.9936,72.049
41.2075,-8.6681,71.982
141.2481,-16.9924,71.922
87.4364,-81.8128,71.920
-179.8609,-13.4999,71.902
-137.0060,42.6339,71.822
103.3232,-15.9764,71.821
-155.1533,48.6229,71.799
164.9074,-41.6382,71.798
-177.7309,-42.2564,71.738
109.3926,28.2772,71.623
-137.4493,-67.4753,71.508
-45.5484,-67.0302,71.499
47.1230,-37.0959,71.410
123.9492,-11.4366,71.391
-165.1178,30.8570,71.372
-175.1636,-25.8156,71.183
-15.9291,-33.7434,71.174
-126.3974,66.7390,71.107
-100.5789,50.1310,71.087
-163.3255,22.0630,70.969
135.7022,-29.2998,70.905
141.5500,-43.5970,70.884
160.8609,-5.7054,70.870
-64.1521,57.1041,70.854
178.9507,-86.4203,70.756
168.4152,-61.2287,70.727
92.3482,-35.8234,70.727
15.0075,-72.5922,70.707
117.4369,-41.0163,70.679
97.1413,10.3840,70.614
89.2983,26.4519,70.580
161.9935,58.2457,70.555
-97.2946,39.6853,70.506
2.7806,-18.7434,70.409
142.6660,-48.6351,70.280
-39.0282,76.9437,70.245
-159.5431,35.2940,70.206
-133.9570,34.3397,70.192
107.6881,-34.4713,70.110
111.9961,-49.8849,70.053
5.3531,-60.9020,69.959
-74.8944,77.5449,69.956
175.5034,3.5097,69.941
-114.7845,39.0569,69.902
-100.8725,23.3709,69.888
54.0770,-45.6580,69.885
3.3000,-28.0015,69.880
140.7184,-4.2240,69.871
3.2041,-14.6322,69.780
-93.7634,83.5827,69.772
-32.7070,72.2406,69.768
162.4187,-38.6362,69.647
-117.9558,23.6453,69.627
-99.5255,-65.4764,69.617
-84.2121,-0.8646,69.578
167.7087,-24.7029,69.572
-86.6548,12.7746,69.558
100.6159,-26.7331,69.481
99.0255,21.0177,69.413
124.9700,-2.5050,69.335
78.9979,24.1597,69.187
135.0615,-55.7916,69.183
-121.0546,49.0458,69.055
-51.5678,67.0165,68.930
34.0270,78.8284,68.888
-127.4968,27.4521,68.886
-77.4000,-40.6024,68.876
3.8000,-34.8019,68.876
-83.3211,19.2372,68.848
177.3623,-3.2985,68.818
21.9426,-31.9893,68.665
-177.5021,30.0636,68.609
154.6829,7.5863,68.571
125.9453,0.2503,68.528
-156.6593,68.3537,68.458
96.4274,3.0837,68.457
21.9786,-26.7377,68.408
-48.6878,-59.0026,68.380
163.9679,-74.8449,68.366
159.8347,59.1697,68.222
-175.8034,46.9430,68.220
174.6285,45.5096,68.177
-81.2307,38.1371,68.174
-108.5823,-67.8631,68.124
-13.7701,10.4579,68.120
-108.5662,-68.9556,68.112
84.0722,-6.4204,68.061
-106.1817,32.0140,67.985
170.4306,41.5449,67.967
-56.6831,-8.1980,67.964
11.3739,-56.8165,67.912
122.8994,-10.0779,67.911
-153.3409,-0.7645,67.884
-3.7997,-3.4048,67.881
-171.2000,-4.3002,67.878
72.9692,45.1117,67.861
-92.0111,29.2076,67.841
-150.4329,-28.1565,67.829
131.8167,3.8087,67.824
118.7736,14.4210,67.782
160.0916,81.1353,67.780
175.5510,-13.6944,67.738
-140.5674,44.5625,67.655
-61.1950,-4.9671,67.589
-82.3122,-60.2514,67.579
39.1579,46.7843,67.575
114.8466,-3.1278,67.449
-102.5659,22.5836,67.385
-54.7040,75.9210,67.359
158.1363,37.1130,67.323
18.5599,62.1603,67.291
57.4095,57.1921,67.273
90.9731,14.1329,67.205
-126.1743,-55.3271,67.191
-130.6760,26.9515,67.174
-165.3338,38.4295,67.161
-146.3299,78.8731,67.087
-116.7953,60.0937,67.084
-46.2347,-48.5973,67.036
-89.2084,43.9035,66.973
-145.2456,10.4482,66.913
-141.7181,18.3022,66.893
-133.7725,-9.5004,66.874
-176.0763,-46.2804,66.704
146.5279,57.0565,66.672
-20.2303,86.9679,66.602
66.0265,46.6547,66.567
87.0300,-54.7550,66.560
-164.9610,7.8693,66.524
115.1008,25.6183,66.395
-168.5522,-9.1717,66.391
-33.3787,-41.2779,66.380
114.9809,4.2827,66.370
-35.3894,-9.6150,66.366
19.0934,-51.0727,66.347
-134.6583,25.9325,66.337
158.3183,19.5437,66.302
16.3313,44.2478,66.251
125.4833,12.1111,66.189
105.5836,-43.1653,66.179
-135.2331,51.0095,66.152
162.3830,5.7275,66.086
165.4637,-44.7908,66.004
4.8532,-38.0191,65.988
174.2922,6.6654,65.968
-28.7971,-20.3908,65.931
-116.2088,14.7281,65.911
154.7206,-26.9195,65.907
131.9704,25.4352,65.886
-116.7000,-46.7027,65.870
-103.3877,-12.9460,65.864
-139.8905,-44.8782,65.827
150.4633,-46.9472,65.804
130.7285,-40.7674,65.699
-7.4325,-74.5188,65.622
130.5902,-66.5365,65.618
107.8408,9.1043,65.616
-161.4749,27.4809,65.592
-12.0662,-77.7202,65.556
90.5174,-58.5504,65.535
121.6709,-25.0307,65.512
158.2209,69.0792,65.442
122.8391,-2.8012,65.433
133.0856,3.7189,65.388
-70.3076,-13.7873,65.359
-83.5417,9.8307,65.347
46.6270,-48.6879,65.304
-114.0993,66.3219,65.212
-24.8364,-37.9087,65.202
-137.5198,-50.5859,65.172
-1.4883,-41.0674,65.152
140.0215,-49.8226,65.067
-105.4268,59.5074,65.062
98.4965,5.6685,65.060
-108.9148,6.9360,65.015
-153.0416,-50.4902,64.950
-41.5467,-28.5088,64.947
-139.5785,-42.5811,64.935
108.3296,1.4814,64.912
155.6722,56.2872,64.906
-146.0525,27.2312,64.882
7.8906,-26.9532,64.872
-147.3000,36.4018,64.872
-139.1000,-28.5013,64.872
139.8888,-20.3169,64.869
75.6221,-19.3613,64.850
-170.7242,-44.6588,64.840
13.8122,-47.7976,64.838
117.3162,28.9383,64.830
77.9057,-51.5084,64.807
50.6513,53.4792,64.802
-63.0522,-68.7199,64.794
76.0001,-63.7454,64.760
-4.2984,-35.7923,64.693
137.7883,50.0621,64.681
127.6358,-43.4513,64.648
150.0385,10.1614,64.636
103.4106,5.6895,64.624
48.4319,-49.6846,64.611
129.7913,-39.0376,64.313
157.4020,-4.6835,64.300
13.9439,40.1349,64.261
-70.5087,70.7805,64.221
143.6189,-33.9472,63.999
176.0734,71.7498,63.978
-105.9331,35.4049,63.946
-113.8634,18.3402,63.879
-107.7877,18.7462,63.859
136.3799,-4.7986,63.834
99.1891,25.0031,63.820
-93.9807,9.0112,63.807
-119.4498,22.5369,63.720
135.3766,2.7127,63.688
-15.3411,-45.4741,63.654
93.4213,-29.2191,63.648
122.5410,60.8287,63.636
176.7719,74.8846,63.627
72.3298,-25.0940,63.626
-78.0349,41.0312,63.610
106.8862,7.1406,63.584
-50.5174,-61.3802,63.538
-85.0042,26.3188,63.534
-159.4866,14.8142,63.531
-165.3174,-55.5262,63.528
125.0765,-58.3460,63.465
145.0817,-40.0199,63.460
-7.1940,-11.1204,63.382
-18.8559,-78.0850,63.316
-62.6176,-82.2298,63.304
-176.0283,-76.2816,63.296
135.1394,40.0933,63.272
-121.6240,60.9257,63.247
36.0658,16.6954,63.238
131.3990,-4.6099,63.234
-124.3630,-62.4327,63.234
-102.4486,62.4714,63.224
96.1742,-58.8651,63.186
-169.1557,74.9267,63.161
101.5682,-48.8733,63.156
-129.0845,41.9419,63.149
67.7804,-46.3997,63.125
70.7666,-25.0314,63.089
11.5307,-6.2576,63.078
-115.3148,36.9443,62.976
140.7466,-18.8335,62.919
13.9535,-13.8246,62.913
-128.2279,-17.2436,62.901
8.7273,-42.4674,62.896
157.9091,-23.7899,62.885
-121.2845,-8.2912,62.862
-160.9076,48.8591,62.861
-143.6610,61.9088,62.828
74.6412,-39.6669,62.822
-164.7550,-60.7027,62.773
-83.0225,46.4022,62.748
1.0050,-23.6954,62.699
-137.8708,22.9048,62.679
174.7605,-57.5712,62.652
-58.0265,-11.8418,62.652
-124.3269,21.4468,62.570
44.0721,-20.9690,62.523
-63.6376,-75.2626,62.510
113.4501,-32.7430,62.480
45.9412,21.2391,62.480
-112.6934,17.6603,62.393
-70.9615,-25.1309,62.355
124.4011,36.0379,62.354
103.2851,9.5106,62.345
3.0002,-70.8682,62.293
-90.9579,-74.7944,62.240
-176.8595,-14.4295,62.224
157.3639,-30.4780,62.180
130.8091,-28.3902,62.166
76.5549,-39.3862,62.152
158.3877,-8.7535,62.108
-38.9972,-6.6414,62.068
-17.8603,-39.5238,62.036
129.4933,40.8701,62.031
163.2730,-13.0702,61.989
-136.2634,31.9743,61.942
-143.0369,-7.0580,61.868
-82.2546,20.3614,61.853
-146.8224,70.2748,61.803
105.0814,52.2547,61.798
-20.9515,-80.1339,61.718
107.1128,29.6679,61.687
131.4299,-31.1736,61.680
155.1812,1.2165,61.656
-113.1889,23.4213,61.638
113.5450,2.7775,61.636
-86.0541,51.1331,61.602
153.3806,-28.5935,61.589
75.0647,-57.7979,61.553
-27.7154,-4.5387,61.532
-94.6588,62.6247,61.499
-61.4154,58.7044,61.498
145.3598,44.1988,61.445
38.5940,79.7289,61.431
129.0218,25.7709,61.414
161.8577,-24.8548,61.356
72.7884,-52.8500,61.353
-175.1766,55.1698,61.314
113.0459,-1.3773,61.281
76.5376,72.9867,61.224
-158.7859,50.1749,61.199
141.9268,-32.5071,61.183
84.3666,-42.7076,61.175
103.8254,25.4887,61.113
-166.2814,33.3074,61.111
133.3079,53.2272,61.108
126.1411,37.0302,61.058
101.0866,-5.9091,61.057
-127.9937,53.3304,61.056
-115.2138,-1.1586,61.038
132.4355,59.8814,61.038
30.6831,76.2974,60.972
0.7104,-39.3962,60.927
-7.8730,-41.3703,60.923
88.1583,-20.3695,60.913
85.7908,68.0662,60.913
179.4629,44.7117,60.896
111.1230,-40.1948,60.876
60.8737,-73.9949,60.872
-169.8000,-28.8012,60.860
138.0631,20.5008,60.860
-132.4000,-21.7009,60.860
2.5000,-25.4010,60.860
135.2593,22.0650,60.846
-89.7137,61.4701,60.842
-142.1121,-61.3729,60.813
77.7367,45.2459,60.799
86.3882,-31.5982,60.748
79.6103,-38.3010,60.744
121.1483,-49.3899,60.732
68.0214,-57.6937,60.602
-51.2215,69.5173,60.600
6.1128,-54.5550,60.588
-122.7137,-67.9310,60.584
116.9656,22.3594,60.554
172.9381,19.7102,60.459
174.3798,47.0198,60.456
8.6261,73.8223,60.427
-26.7330,-34.0640,60.321
174.7763,22.5703,60.274
133.1681,81.5167,60.217
71.3319,-56.5442,60.181
126.8006,-47.7989,60.139
167.4704,32.1747,60.130
155.9740,-64.2860,60.122
-126.1754,54.7304,60.065
-91.7789,48.2298,60.023
167.5827,-68.9099,60.017
135.4689,-17.3926,59.987
-171.7148,-24.8261,59.933
-148.9718,-10.4789,59.914
-107.5276,59.3586,59.891
-143.5329,10.0749,59.884
-84.4968,17.0704,59.867
-146.5000,19.5007,59.863
-78.1636,5.5002,59.863
131.1728,17.4167,59.860
111.0730,-71.3669,59.827
112.5120,-46.6562,59.824
18.1180,-28.0832,59.773
-77.3893,60.3584,59.770
-112.3336,-32.4161,59.742
-75.2798,-14.3320,59.740
127.3045,1.8884,59.664
-139.5653,-61.6050,59.642
-54.6503,-82.2440,59.621
63.3549,7.2775,59.615
-19.5441,-31.8393,59.606
-99.1554,70.0955,59.527
79.8896,-40.0312,59.518
-23.5478,66.6122,59.496
-86.9387,63.8567,59.460
-109.2547,32.7365,59.458
-81.7417,82.6913,59.452
71.4058,-50.2620,59.434
104.1434,-53.4348,59.378
-58.1372,-35.0950,59.368
144.2580,-50.3178,59.367
-176.8084,-19.6566,59.351
133.3790,-28.2491,59.325
134.3324,14.3835,59.319
87.2967,-19.6583,59.272
145.8514,-47.1312,59.228
63.3196,-31.1008,59.126
-12.6642,-33.9040,59.112
47.8418,-30.4735,59.061
68.2675,-31.8680,59.005
112.7346,-81.2065,58.995
-158.3691,17.2443,58.867
-175.6550,3.8579,58.859
-170.7564,0.3724,58.859
134.7369,-9.5485,58.853
-169.6000,-1.7242,58.853
-66.1893,-76.9638,58.846
-91.3334,-61.2945,58.772
-80.4258,4.7575,58.700
129.6081,-46.6045,58.657
-22.2984,-20.7478,58.591
79.3808,-16.5852,58.584
-119.8539,46.5007,58.584
82.3931,-34.4970,58.556
153.9759,14.2872,58.556
-118.4131,-39.6537,58.512
-76.6363,-38.6503,58.492
69.4604,71.8302,58.457
115.3777,-22.6116,58.448
173.3792,-0.6542,58.358
-86.6205,-60.1962,58.348
124.9918,-46.3320,58.306
-151.3737,27.2906,58.289
-137.6359,-66.3016,58.204
-88.5602,62.0043,58.177
15.9862,-69.8839,58.149
167.3245,-22.7079,58.145
-144.7510,57.4648,58.122
-162.6960,51.5078,58.105
56.5206,31.2031,58.074
157.6078,-6.9534,58.033
87.5343,-15.8808,58.028
-124.9331,41.7232,58.024
-154.5705,42.0494,58.014
-107.8028,41.3838,57.994
81.2846,19.8451,57.927
108.9392,11.9585,57.926
-147.9637,-46.8893,57.913
-118.3601,-21.6040,57.910
-107.2637,-51.5116,57.910
-102.5186,58.3871,57.898
39.7504,68.7391,57.890
47.7212,38.7906,57.885
142.5129,-13.6935,57.879
150.5041,64.8593,57.875
-11.3000,14.5005,57.852
-175.0255,-0.5409,57.852
152.3986,-20.0313,57.844
-15.4059,-43.2166,57.831
-149.8489,46.5600,57.820
82.6049,-43.9715,57.815
158.8738,64.6837,57.748
-82.1384,-44.7364,57.711
-101.5948,28.7144,57.699
-126.8783,-18.6201,57.688
-110.0428,82.1100,57.638
-104.7540,9.1811,57.626
134.2844,-6.8007,57.617
-80.8171,63.4407,57.617
-175.8268,68.2798,57.547
-119.5791,-15.2019,57.519
-162.9597,-77.0123,57.503
-112.1584,1.9014,57.496
119.7497,20.7391,57.494
-117.4810,74.8740,57.477
141.2637,-5.5750,57.466
119.9727,64.7480,57.453
-178.6330,-16.5084,57.450
9.4361,79.7126,57.445
-3.9554,-22.0049,57.392
138.5803,-26.6093,57.327
32.2079,19.7654,57.285
-41.4998,3.4796,57.277
124.0206,54.8710,57.262
97.4077,14.2031,57.218
59.0346,-39.4785,57.211
-174.9995,-40.1459,57.208
145.3156,-37.8957,57.167
97.9121,-31.2896,57.122
122.8603,35.7354,57.116
-128.3078,25.1297,57.066
153.9256,3.7402,57.062
-42.5817,-69.3121,57.060
85.6131,19.5177,57.047
-30.3903,-24.8471,57.020
47.1247,-65.6721,57.018
46.5634,5.4906,56.991
-33.9847,-40.3300,56.938
-66.9398,5.1002,56.855
-167.9201,-0.2846,56.854
-163.6796,41.3300,56.838
63.3793,-42.3177,56.836
-32.0704,-49.7159,56.817
-69.8940,7.6812,56.777
161.7095,11.9232,56.730
-82.1116,32.6543,56.718
134.5991,-18.8188,56.717
-70.4927,-16.8113,56.707
30.6437,26.6847,56.697
111.6756,-22.6733,56.689
-173.4513,45.1402,56.615
75.4013,4.1326,56.602
-147.6687,49.5180,56.462
89.3405,-31.4731,56.407
111.8789,-14.1376,56.405
-117.1853,-3.1099,56.364
130.7702,-3.9532,56.190
87.4363,58.6613,56.174
-171.1102,55.4050,56.167
-165.0127,50.0115,56.150
54.3990,61.9728,56.121
-157.3533,-8.4639,56.107
89.7406,-19.4156,56.085
19.6937,-29.4498,56.084
41.2087,-26.6641,56.064
143.1184,49.4469,55.996
-163.6859,28.7628,55.940
168.9099,-47.6007,55.921
-139.6125,-17.8946,55.886
56.6379,-23.8336,55.874
165.7114,-42.9892,55.871
-95.8362,-29.8960,55.862
-132.9271,-24.7705,55.856
-99.6000,55.6026,55.849
11.2754,-64.6038,55.849
88.1352,-61.4204,55.848
-128.3035,-64.5055,55.828
-116.3331,29.2070,55.820
117.6120,-26.4444,55.804
159.8163,4.4653,55.763
14.3057,-28.3909,55.750
62.6248,85.0376,55.748
130.1015,4.9697,55.741
2.4655,-42.1191,55.712
-93.9164,-14.5356,55.702
100.2526,9.6315,55.702
-120.4419,14.8425,55.659
-14.2293,-11.6587,55.640
-72.3409,-19.9960,55.633
129.4896,19.3993,55.585
-67.9718,55.6108,55.571
-10.7825,-46.5981,55.565
76.5760,-57.4101,55.540
44.4677,71.6552,55.503
-126.9743,-47.4278,55.461
-139.4148,42.7544,55.444
11.3911,-34.6040,55.433
112.4804,-35.9356,55.426
-171.3342,-73.5100,55.337
171.1406,-56.4978,55.321
-111.5322,80.0580,55.318
165.4502,-40.6816,55.285
67.6635,59.8228,55.187
-127.9868,-31.2941,55.163
0.0309,-57.5380,55.124
113.2754,-51.9851,55.110
-178.9610,-4.0665,55.103
152.2006,-69.0712,55.098
-17.3978,-8.3848,55.080
71.0723,63.0018,55.037
-125.5478,22.4411,55.003
165.3481,65.4726,54.990
-135.1725,42.7988,54.987
-0.3650,-54.0217,54.925
-139.2028,32.3891,54.916
164.4919,-49.3567,54.896
-147.6060,9.0647,54.894
-152.0584,-53.2741,54.870
-89.8000,24.5008,54.852
-140.3363,-32.4011,54.852
132.3530,-9.5324,54.849
133.5284,-16.7487,54.845
178.8854,68.9940,54.836
-126.2937,-24.1916,54.832
-88.7138,23.5517,54.810
-178.7008,-33.3077,54.736
-36.3708,-47.5456,54.730
96.3346,-27.4773,54.729
86.5656,37.1122,54.689
138.6956,-28.0672,54.666
-3.9355,-43.4031,54.607
11.5585,-60.2249,54.513
176.7445,6.8805,54.502
131.6506,-6.7566,54.461
4.5977,40.1841,54.417
103.8415,-8.2089,54.385
89.7198,-18.5956,54.377
75.1032,-31.6414,54.364
152.5021,-32.6243,54.352
27.7756,11.1576,54.309
-179.2636,-23.7337,54.277
-177.2759,44.8038,54.217
67.8680,-83.6473,54.170
116.6348,1.0137,54.147
1.2746,33.8458,54.117
-154.6372,-39.0585,54.102
11.0447,-40.5795,54.080
-148.3728,-19.3078,54.040
-116.3423,47.1233,54.039
-124.5757,-58.9908,54.013
-4.5296,67.4861,54.006
-53.8068,-24.6241,54.002
115.0291,30.4927,53.974
-0.1265,5.0489,53.949
96.4715,-25.6564,53.947
-112.4243,-57.4664,53.947
-177.1282,28.0472,53.910
-136.3599,19.3845,53.909
-152.4295,-13.4930,53.904
-147.8309,31.4037,53.903
143.0668,23.0280,53.901
-177.6127,37.2885,53.886
-120.5187,0.2222,53.866
119.2907,-35.1362,53.853
8.3914,-71.6050,53.846
-172.1705,-10.0694,53.832
97.6213,-60.9471,53.829
88.9185,-40.3805,53.803
-52.6282,-33.8590,53.802
138.2426,75.0047,53.786
106.1439,17.8322,53.775
177.8795,-53.3085,53.775
97.3737,24.8304,53.773
179.9975,25.3662,53.773
45.8169,-29.3385,53.756
-148.9888,-7.6018,53.725
-142.6980,-63.2442,53.715
18.6796,-11.3766,53.705
88.6944,69.9665,53.705
-26.0551,-47.0614,53.690
14.0637,77.7571,53.617
44.8563,55.7521,53.609
-72.4048,-56.3481,53.597
-2.5310,-87.5024,53.591
60.8253,42.5663,53.536
82.5055,31.2677,53.535
-171.9435,56.5139,53.517
-161.4457,-24.1375,53.500
94.8539,-1.5689,53.487
-128.9227,28.1780,53.450
45.2778,-10.0316,53.434
94.5921,-36.2715,53.409
163.5386,15.0081,53.372
141.4629,-14.8153,53.331
148.2884,78.3806,53.327
48.5668,75.5660,53.326
-170.7303,48.9390,53.323
7.7003,75.5103,53.319
0.1026,-41.0243,53.311
-157.1275,-29.2508,53.310
114.3833,33.2119,53.271
47.2306,-58.3426,53.255
-7.4575,-43.6071,53.183
92.4399,-15.3329,53.012
-158.1425,-30.0826,53.007
-149.3551,-3.4849,52.989
-147.1009,-5.0253,52.936
169.2185,79.2909,52.920
-101.3461,14.7778,52.918
122.9961,24.3430,52.890
-150.0255,29.8459,52.881
-147.2000,-9.8198,52.870
-120.5836,-20.9638,52.864
141.3240,43.8844,52.843
14.3607,62.2664,52.830
-80.6535,13.8867,52.806
51.5852,45.0479,52.763
117.8944,-6.7885,52.741
-60.9376,-77.2737,52.731
175.2238,-19.8981,52.621
-19.8547,-47.6888,52.536
90.8886,-9.8537,52.507
98.2193,-56.4152,52.496
-156.2027,38.3513,52.474
156.0270,-45.5705,52.462
105.5811,-3.9691,52.425
4.2142,-43.7139,52.410
-78.2640,9.9531,52.409
-98.4723,51.6234,52.378
153.5163,-60.4098,52.326
24.7483,-32.3901,52.279
112.6723,4.2507,52.273
117.3033,-60.4986,52.253
108.4642,-56.7248,52.247
-140.3210,-58.6186,52.227
-100.6670,-3.2163,52.224
12.2735,-23.8257,52.177
68.0604,-1.8520,52.153
-96.1399,13.6356,52.128
90.5647,-68.9431,52.124
50.9854,36.5676,52.103
134.2386,-1.2596,52.093
-145.5625,-49.9075,52.070
-166.3429,-18.7123,52.032
101.9318,-4.2284,52.029
150.5930,51.5890,52.023
-163.8462,32.7192,51.984
-1.5125,15.4652,51.977
131.7347,56.6098,51.975
160.8199,14.4649,51.967
117.0649,-2.5448,51.948
-145.0000,46.0902,51.942
137.2988,56.6363,51.930
-155.1909,8.9246,51.846
92.9711,38.4463,51.843
-109.3514,20.4006,51.842
-68.4398,8.6002,51.842
-138.8454,-9.8457,51.839
129.3577,7.6810,51.838
-99.0514,21.9460,51.834
44.4705,-44.5851,51.819
162.8324,44.2143,51.804
9.3856,-75.2225,51.782
78.2965,-30.4030,51.772
-135.2259,70.9778,51.763
-62.5214,-10.5606,51.744
85.4265,-6.1154,51.713
174.2902,57.5803,51.712
-76.4150,-6.4539,51.686
47.2956,-53.6283,51.673
115.7549,-69.4174,51.673
-77.6684,10.8382,51.660
-31.1492,-19.8884,51.636
-168.8239,37.0127,51.626
89.5809,-7.6093,51.624
-128.9713,16.4043,51.610
108.2863,32.6195,51.610
25.8249,62.9636,51.592
119.2919,-38.8335,51.449
60.9839,4.5066,51.440
39.9480,60.8129,51.438
86.9538,-56.6322,51.437
60.5543,-64.4743,51.436
101.0802,15.6190,51.390
-151.8406,25.8148,51.381
69.9993,4.4485,51.375
75.8871,-22.1321,51.344
110.2120,10.8721,51.332
48.9112,-37.1896,51.289
40.0424,-55.5793,51.276
98.7742,-50.8386,51.248
10.0157,-1.2762,51.241
165.5699,-2.6521,51.236
-169.1528,9.0277,51.197
96.0332,6.9719,51.154
132.5200,-31.1203,51.145
82.3604,-68.2909,51.111
158.8630,-65.8704,51.098
-107.4684,-60.1695,51.060
151.8221,-11.7575,51.032
43.8224,61.5921,51.022
139.8188,-33.8562,50.942
97.8339,-29.7298,50.939
-131.8836,-16.2714,50.930
-158.1295,-20.0918,50.903
-53.1072,-30.2684,50.902
-151.8873,-15.0917,50.885
-173.8000,28.5035,50.883
-164.8450,-18.7045,50.881
-78.3704,-22.5980,50.868
-142.3637,-52.0596,50.860
14.1684,71.8579,50.852
-165.7188,5.7042,50.849
-72.7271,16.5750,50.839
-88.2000,16.7004,50.836
-170.8000,-15.7004,50.836
128.6000,-12.1003,50.836
-131.8211,-17.9367,50.816
81.0050,2.9055,50.790
154.0336,19.5239,50.785
-156.2711,-33.1983,50.779
163.2728,-3.8455,50.769
-40.1486,73.8062,50.726
107.7486,30.4263,50.719
-101.5779,-4.4807,50.679
-80.4537,40.9334,50.645
-135.9212,49.0851,50.606
93.2159,-4.4773,50.595
45.0497,-88.0893,50.591
29.8974,-54.9431,50.582
-141.4359,-22.2073,50.524
124.9309,56.7719,50.448
166.0338,36.2794,50.440
-119.8077,67.3493,50.407
9.9438,80.8214,50.355
-131.6464,-23.9567,50.312
-93.8490,64.8189,50.303
17.3935,-1.9327,50.282
89.8188,37.4063,50.269
105.5293,-46.0862,50.259
-17.6257,-16.3735,50.245
14.3167,-62.9770,50.233
146.3645,35.6800,50.212
136.3396,-18.2865,50.193
-98.6858,17.1248,50.188
-79.0960,9.7341,50.166
7.1953,-55.3265,50.129
-10.1144,73.4001,50.125
82.6349,-56.5184,50.072
-10.9941,75.3219,50.039
175.8639,52.6176,49.995
-80.5483,61.5828,49.975
170.5618,-7.7098,49.967
103.1340,64.1691,49.961
-146.6920,-17.4412,49.951
-65.0825,70.7102,49.897
-153.0846,34.5896,49.892
8.0894,-64.6054,49.887
168.3877,18.3582,49.842
139.6888,20.6647,49.818
100.5443,-61.1726,49.806
154.9373,62.5189,49.797
109.7951,5.8270,49.794
15.1792,-16.8134,49.777
-179.5120,33.5901,49.760
173.3070,-3.7832,49.746
-56.9620,-33.7896,49.711
-15.3874,-36.7424,49.690
109.1649,-3.8746,49.639
17.7000,-38.8966,49.626
77.0291,-31.7538,49.617
88.6833,45.7801,49.597
-131.8776,57.4514,49.592
100.0442,-57.1250,49.590
-148.2576,-39.0717,49.585
-88.2132,52.4500,49.582
166.7916,34.3618,49.560
92.3033,8.9570,49.528
99.4889,-36.5139,49.453
-166.5181,18.6030,49.434
15.6493,-35.7092,49.418
117.9408,45.7481,49.383
25.0521,68.2815,49.365
-127.2548,20.7963,49.338
124.4079,19.1871,49.337
106.0739,-23.9936,49.319
70.3274,8.8445,49.312
-78.6629,65.6053,49.303
-58.4265,74.2503,49.295
160.2870,15.5274,49.264
62.5405,-19.1509,49.260
-96.4248,-46.4169,49.247
-149.4216,-5.6480,49.231
-165.6346,9.7172,49.225
-143.4020,-17.7511,49.216
114.2566,23.6644,49.188
79.8570,26.7316,49.182
19.9853,-38.0855,49.180
39.9110,-31.3749,49.165
147.2838,49.0926,49.153
85.2094,16.8171,49.146
174.8228,21.0407,49.138
60.5245,34.9560,49.087
94.4653,-45.5153,49.080
-88.4937,24.9087,49.054
-155.8242,52.7354,49.039
56.1332,-48.7672,48.981
93.5460,63.6845,48.941
-27.8746,-28.0657,48.932
-139.8503,-30.8741,48.931
-166.1382,35.2768,48.930
-122.7028,35.6133,48.920
155.6700,3.7269,48.906
-15.8194,-7.8451,48.887
112.2815,-16.5430,48.870
113.2921,80.0350,48.856
96.1819,23.1575,48.853
-122.5575,-55.3225,48.846
-110.0785,27.7402,48.846
-109.1180,1.5881,48.835
130.6000,-12.2003,48.832
5.9000,-72.6044,48.832
-165.0919,-10.3707,48.826
-72.5127,13.2639,48.826
-150.4645,25.6470,48.824
-37.8467,-72.8053,48.806
-88.0693,27.9078,48.774
28.7995,-18.0764,48.727
70.6006,-10.7477,48.721
166.8353,-28.7494,48.709
-174.8946,-63.4577,48.700
71.4838,-32.3614,48.694
-139.3511,30.1674,48.688
-61.4287,-12.6885,48.653
158.6805,44.8309,48.577
-85.3814,-32.8831,48.564
135.3641,15.9704,48.541
-114.8594,2.6493,48.527
-104.0510,14.3309,48.501
113.4853,-38.8092,48.493
85.3157,20.9870,48.465
149.7801,83.0953,48.432
120.7588,54.0258,48.420
-10.3339,-56.1835,48.419
137.9176,-49.2765,48.377
-20.9400,-52.8715,48.321
69.0535,-4.8538,48.241
-171.1787,8.4510,48.217
-166.8284,67.1340,48.212
112.7665,36.7424,48.184
144.3798,-5.7605,48.161
-105.6199,66.8179,48.143
151.5291,68.6679,48.126
12.6927,-22.1978,48.111
-35.1794,-51.6130,48.080
108.5692,37.3643,48.080
74.5538,-19.1272,48.076
-19.4682,73.8151,48.063
35.7625,70.0064,48.001
117.8268,-42.0169,47.985
128.8934,55.2154,47.961
-50.2806,-13.8149,47.955
-156.7141,37.7628,47.934
-112.8088,40.5437,47.917
120.3854,-5.1469,47.887
-150.6268,33.7318,47.871
31.6163,29.8191,47.859
117.5462,17.9276,47.842
-73.0472,-47.8980,47.829
138.1925,-10.4484,47.820
-142.6342,-14.6413,47.809
84.8708,76.5040,47.774
34.9336,-7.5194,47.761
11.3982,-3.5616,47.759
-170.2705,-64.2873,47.751
4.9308,-50.4629,47.745
94.7993,-31.1312,47.745
-75.7746,39.3991,47.731
122.7772,-46.2766,47.716
-19.9226,72.5932,47.714
-159.8634,44.9027,47.707
176.2014,-28.1821,47.639
43.0606,-57.5944,47.618
165.5556,34.8068,47.613
-145.1674,74.7493,47.590
-140.5534,-70.8764,47.588
-87.4119,76.7517,47.565
153.8119,-49.3767,47.519
-67.0171,-16.6644,47.513
147.7006,-47.8370,47.501
132.1479,11.8183,47.497
115.3302,-46.8347,47.480
-1.6273,5.4610,47.476
89.2855,23.6570,47.471
-26.1592,-29.2304,47.468
100.0069,12.4809,47.430
-51.8615,29.3367,47.426
131.7165,-0.8178,47.414
-85.4525,41.4292,47.385
68.1022,-73.7490,47.345
177.5566,-51.5462,47.279
86.7217,-63.6585,47.271
96.3039,15.9589,47.235
-171.2268,63.9234,47.234
8.3616,-23.5948,47.200
-134.5313,74.6726,47.199
33.6385,-11.8484,47.116
172.1285,2.6425,47.112
2.5303,-11.9807,47.062
69.6051,-37.5787,47.036
104.1658,75.7432,47.036
-29.9831,80.9476,47.028
114.8069,35.4302,46.967
-121.4659,-61.3773,46.928
158.6861,-2.9587,46.915
-135.1542,32.8131,46.904
133.4810,56.0320,46.903
-152.1329,10.5506,46.871
-139.9482,-48.8712,46.842
-127.6240,22.5400,46.838
-139.6511,-22.8551,46.836
-133.3933,0.4335,46.829
7.9983,-84.7828,46.818
134.5976,-25.3568,46.806
155.9918,-70.2984,46.804
-175.8268,-12.3244,46.799
-120.4331,-25.4823,46.793
103.8732,-18.3733,46.788
-6.3787,-66.2364,46.788
94.6851,-23.6216,46.787
-75.8348,53.0524,46.783
81.5831,-60.6268,46.781
-12.4194,-61.1192,46.773
-22.5854,-26.2993,46.753
-118.1622,63.3435,46.752
132.7703,-32.9710,46.668
173.7974,16.3011,46.663
143.5190,-7.7185,46.656
75.4200,-37.9980,46.644
-141.7179,-24.7194,46.603
56.3127,-5.7467,46.555
-143.7448,22.7135,46.545
138.7532,-24.2181,46.521
-163.9842,30.7777,46.507
-156.2761,33.4807,46.498
108.1315,6.2045,46.481
-39.5916,-44.1667,46.475
-88.7657,-3.6806,46.434
-85.6135,33.4881,46.430
174.9882,69.8788,46.424
102.5376,-45.3360,46.421
93.0044,43.6871,46.369
135.1668,-11.0657,46.354
106.5029,-4.8841,46.349
33.3166,-2.6992,46.323
142.6884,53.6903,46.288
49.9614,-56.7536,46.270
119.3736,-0.1055,46.270
-51.0863,-4.7638,46.264
-82.0922,17.4261,46.193
-62.6523,-6.3448,46.188
120.5783,22.1806,46.175
175.0537,37.3682,46.170
-168.7606,38.4765,46.164
-52.8370,-50.9652,46.159
96.7126,-53.8249,46.138
91.9840,7.9419,46.104
-159.1520,26.1371,46.102
128.1491,-30.7357,46.089
12.1883,63.6544,46.065
126.3771,25.0720,46.059
-105.1746,-52.2796,46.057
75.3256,-18.3964,46.056
120.9139,-47.9528,46.040
-131.7817,39.1408,46.004
-177.4955,77.5823,45.999
-69.1827,-62.2002,45.993
-132.8299,57.6294,45.993
-102.9745,-25.2889,45.992
100.0786,13.6207,45.969
-66.6546,21.0860,45.947
97.0449,-9.6988,45.941
-33.9380,-56.4200,45.938
120.6547,82.1261,45.929
135.1405,-81.1862,45.924
-137.9937,42.5286,45.920
-151.6819,40.4037,45.887
-150.9637,53.0029,45.872
146.4481,52.5053,45.870
-154.1282,20.6172,45.847
-33.2128,-69.2700,45.845
-87.8789,54.0865,45.828
-171.6114,2.6155,45.821
112.2794,18.9159,45.821
2.5000,-22.2005,45.820
-153.0591,15.9426,45.815
15.6742,-11.7283,45.806
-91.7409,19.4196,45.761
96.7691,-14.8001,45.756
51.7086,-43.5032,45.735
-16.8201,-81.3895,45.712
76.6850,0.3356,45.702
132.6964,18.6728,45.654
-152.2166,6.4619,45.649
-3.0136,-55.0365,45.647
42.1569,-52.2499,45.631
98.9733,-27.9171,45.569
127.1219,6.7501,45.555
46.4848,-25.1965,45.547
150.8781,12.7508,45.544
101.4478,51.2208,45.521
74.1361,50.7925,45.512
-130.6368,-12.1601,45.468
18.2421,-48.2534,45.461
-168.1333,-59.8752,45.432
80.0070,-3.0385,45.402
168.6948,37.2132,45.359
-37.6113,-30.4483,45.327
-39.9607,37.9583,45.324
-50.9157,11.9569,45.317
48.8123,-17.5137,45.256
-51.3826,-38.0591,45.252
150.8749,58.2456,45.231
143.4078,0.9129,45.231
140.4964,48.8102,45.184
-174.2926,-15.7025,45.140
-87.7546,32.7874,45.139
66.4313,-43.8882,45.078
177.9419,-72.5427,45.048
-44.1219,25.5216,45.036
0.2705,-5.2861,45.032
-1.4041,-66.5889,45.025
151.3024,35.0652,45.010
68.7630,-49.2035,44.957
-127.8109,-53.7190,44.942
-79.5355,44.5279,44.912
121.5696,-15.8327,44.908
146.4604,73.1638,44.908
115.9056,-11.2366,44.896
-104.3211,13.0295,44.894
11.0292,-21.3348,44.884
-138.6363,45.0195,44.882
-102.8331,38.8889,44.878
149.7742,41.2221,44.867
-153.5356,13.7070,44.859
155.2409,85.9633,44.826
136.8840,15.0880,44.823
-121.8350,65.9593,44.820
102.6607,-29.7103,44.819
-140.8025,3.4730,44.817
71.7366,-46.4522,44.812
-126.1722,3.4061,44.808
94.4174,-21.1511,44.806
-171.5718,-20.2568,44.803
-140.9542,-23.3611,44.801
-134.2762,67.3144,44.760
121.8132,69.0915,44.711
34.1262,-53.8197,44.710
-131.0139,-49.4650,44.690
-156.4946,-55.5271,44.683
-63.0228,-19.1525,44.662
-173.9842,67.6845,44.662
157.8521,11.8932,44.644
165.7143,-7.2092,44.602
109.3041,17.7894,44.578
16.6496,-58.4456,44.555
50.0623,-73.5999,44.541
15.0592,-85.5218,44.527
-49.3926,-55.3895,44.506
143.0666,-5.0963,44.472
-149.6929,39.8162,44.463
89.4227,-53.3957,44.425
-14.6376,-47.7865,44.408
-92.2474,25.8372,44.407
44.4848,-14.1243,44.388
59.7026,-53.1996,44.376
-28.3118,-66.5777,44.367
-54.1422,-33.2408,44.363
88.7673,-22.7912,44.351
-96.5564,9.0969,44.329
13.7959,-19.4465,44.316
122.5374,33.7166,44.311
-103.5246,12.9293,44.289
-145.0734,3.9811,44.267
94.9598,-56.2861,44.261
143.2042,43.0563,44.260
49.7571,-63.4712,44.253
11.8192,69.2407,44.245
-99.0880,-55.2804,44.236
-141.0493,-4.5379,44.231
11.8787,-20.9964,44.207
54.1106,-66.3758,44.206
114.2082,-18.7250,44.193
-147.9946,64.9514,44.190
129.8151,-31.6878,44.188
-114.1057,72.2158,44.162
-22.8640,3.2995,44.148
31.9690,-34.4615,44.132
-161.4375,-67.7786,44.122
0.7423,-2.4921,44.116
-56.1253,-40.0296,44.113
125.3977,64.9488,44.108
-143.5421,-4.2083,44.102
137.1809,-8.0971,44.100
60.4507,-47.7008,44.096
6.3404,-36.5749,44.095
-169.5207,51.2303,44.080
-54.9019,-37.2902,44.079
127.5074,44.2996,44.059
148.0272,77.1879,44.037
139.1799,49.1294,44.031
90.4283,-51.5113,44.018
103.1385,-38.2886,43.983
96.6865,36.3796,43.982
60.3278,-13.7178,43.961
121.3768,25.3267,43.930
177.8714,41.0486,43.903
52.7740,28.3372,43.891
10.4737,4.0906,43.889
64.7751,23.9530,43.883
94.8704,-39.2978,43.882
67.2210,-10.6301,43.867
-164.0181,-24.4596,43.840
-147.3745,29.1879,43.839
142.7123,-16.2720,43.829
72.0705,-48.1568,43.795
-59.9038,-3.8234,43.789
124.7449,67.2248,43.786
102.0550,2.7585,43.742
137.7166,61.6984,43.740
175.3429,0.4841,43.731
-52.0256,-11.5386,43.710
-27.0050,-39.9464,43.657
-174.7270,31.3490,43.642
164.5210,-20.3704,43.632
-118.8228,32.7491,43.625
2.0307,83.2939,43.600
151.7480,-22.4715,43.587
-104.9432,-44.9670,43.578
93.0640,-34.1597,43.567
-91.1432,1.8872,43.529
101.8875,-9.8831,43.527
70.5850,-23.3057,43.510
-90.6824,65.2643,43.510
119.2690,27.8608,43.508
162.4201,-40.2049,43.505
5.6973,-26.2156,43.478
172.4737,13.8779,43.437
119.1119,-29.1011,43.435
85.7478,5.0975,43.430
15.0426,-60.7510,43.392
74.1934,-14.4581,43.390
169.8443,-36.2068,43.381
124.6833,38.3788,43.345
123.9672,-47.7548,43.322
69.8129,44.4634,43.318
-47.8564,-19.9475,43.313
65.1365,82.8557,43.282
15.1984,75.2020,43.280
87.5823,-18.3145,43.245
159.4117,12.4918,43.216
34.2898,-66.2838,43.209
-120.2888,46.8675,43.200
28.1472,42.3046,43.163
135.7673,46.1902,43.119
60.8964,-54.1644,43.095
-94.4380,70.1253,43.071
144.0152,-52.4022,43.043
137.1531,-55.3920,43.035
-114.1502,-18.5039,43.031
40.1125,-60.2062,43.020
71.0684,-15.5492,42.996
-151.1946,56.2774,42.989
-163.1020,58.4212,42.977
-67.5300,-78.7660,42.972
-59.6458,-69.3180,42.965
82.6315,-36.6688,42.950
92.0952,-49.2623,42.937
141.7968,83.4236,42.923
-171.4342,-11.4032,42.922
101.0189,-21.8611,42.909
-171.1223,-8.3416,42.902
-83.8636,23.7425,42.899
-129.6785,44.9588,42.896
-159.8691,32.7342,42.894
-143.6805,32.4329,42.870
-119.5028,34.7736,42.865
146.8541,-2.3488,42.851
-146.8245,82.1983,42.835
70.2335,-13.3479,42.832
-168.8577,-22.3313,42.832
-77.6509,8.1332,42.820
-159.5074,5.4323,42.816
-115.5877,23.0550,42.813
-177.0000,26.7005,42.806
-173.2000,34.2007,42.806
-175.6268,-2.2705,42.805
141.2175,-52.9426,42.795
-174.0564,-9.8834,42.794
152.0118,4.8297,42.789
-118.8747,-43.5684,42.787
128.1036,36.0499,42.734
164.0505,31.1834,42.708
176.7154,15.6716,42.678
-23.9460,-17.8819,42.659
124.3303,16.1826,42.647
157.9614,71.9420,42.644
111.2513,34.2374,42.626
36.7624,30.0696,42.586
-7.1815,-39.9654,42.562
13.1368,-67.3755,42.535
126.6837,-3.7752,42.522
-45.4382,74.6958,42.472
70.5416,-74.0647,42.459
-131.5817,23.3945,42.455
74.7035,-42.6012,42.450
-74.3968,41.1403,42.447
15.5066,-77.1577,42.430
-59.0190,-27.2534,42.428
-155.1927,24.5264,42.420
73.0809,8.3203,42.412
-118.0329,76.2103,42.404
-109.6382,85.1971,42.404
124.3028,-28.4759,42.402
165.7218,55.2560,42.398
75.3007,-52.1097,42.387
139.2182,66.1788,42.370
-5.9701,-4.6626,42.332
175.7639,56.5448,42.328
103.8625,2.1581,42.318
66.1070,67.0517,42.293
-16.4721,-29.3811,42.285
-75.4168,28.6903,42.283
72.5157,14.0689,42.278
-80.6560,50.5282,42.253
4.9686,0.1164,42.247
-50.7564,60.3080,42.246
128.9573,15.9957,42.237
135.9213,61.8323,42.230
162.8912,-16.0520,42.222
-40.7952,-30.6072,42.178
27.7225,-30.8402,42.161
64.4037,-28.1168,42.142
82.4534,50.8498,42.129
-4.5135,-16.0207,42.105
14.6272,-47.5290,42.072
-59.8446,-57.9771,42.069
-106.3427,12.5305,42.063
80.9230,9.2197,42.053
25.5511,-55.2207,42.031
-40.1139,-82.0664,42.023
110.0473,34.1645,41.972
-148.2325,-35.0939,41.934
-123.8845,50.1135,41.922
137.7482,-1.8037,41.918
-155.4678,44.7768,41.914
-14.2415,-42.2282,41.908
-155.9618,-27.2777,41.876
-175.1756,-43.3648,41.872
-159.1987,30.9764,41.867
-151.6987,38.8612,41.866
119.7572,23.9881,41.863
-59.0183,-23.5551,41.857
125.5680,7.2483,41.851
133.2567,44.0817,41.849
79.2374,27.2798,41.847
-150.3759,70.8396,41.838
-111.2542,30.7492,41.828
-167.6013,-19.6749,41.825
-109.0725,30.0794,41.821
152.9642,-52.0574,41.816
137.0899,13.4756,41.815
21.6267,-25.4178,41.803
-134.7211,-17.3700,41.799
138.1631,22.1004,41.795
136.8631,20.9004,41.795
-84.8000,60.1017,41.795
-172.1642,-18.2509,41.794
135.8974,-13.3805,41.788
-36.9474,-16.3312,41.785
-2.1243,-5.6809,41.776
107.8670,-23.7253,41.772
155.1690,-22.8074,41.767
133.8444,20.9731,41.757
101.2656,-58.0378,41.742
-9.6529,-51.8368,41.724
-110.4879,17.3548,41.719
-115.5649,-21.2424,41.713
97.1154,-49.6187,41.695
23.6149,15.3301,41.677
-136.1280,37.3873,41.676
16.5661,-49.6550,41.672
8.7119,-4.2654,41.651
33.5616,-7.9651,41.650
103.3605,37.4784,41.634
57.1349,-47.5952,41.622
124.0049,78.4726,41.587
77.7360,10.4868,41.579
14.6702,64.1974,41.571
167.3099,35.5189,41.566
151.9082,84.9004,41.553
-37.0185,-56.6037,41.535
52.2890,47.0784,41.519
-47.8295,-28.6414,41.513
-69.5545,-11.6946,41.486
-104.9448,18.1895,41.472
-55.7285,-31.9900,41.465
-73.6273,58.7936,41.457
-135.7727,66.8470,41.456
48.0376,-28.3957,41.439
-152.7725,44.8804,41.423
64.2219,-61.7250,41.422
131.9760,-39.3038,41.420
55.5785,30.6105,41.418
95.8582,8.0901,41.415
-161.4023,27.7820,41.413
-108.1078,-74.3690,41.406
-86.7129,-31.5609,41.385
43.6286,29.7708,41.335
60.3985,-57.5938,41.334
32.3080,-44.6320,41.318
64.8725,-60.5148,41.314
1.5549,-49.3910,41.298
142.1078,-2.4532,41.292
90.7638,33.6998,41.291
113.0930,7.7385,41.263
100.4078,-11.7116,41.255
111.7176,35.0470,41.239
9.8352,-19.9569,41.232
102.9589,-55.7821,41.227
123.3389,-40.5687,41.211
163.8089,1.1754,41.202
7.1077,-17.7636,41.184
165.1961,-84.1300,41.167
64.9753,39.9705,41.136
42.3372,-58.8044,41.134
-47.5668,23.7449,41.120
119.1346,-4.1923,41.104
175.3690,-76.9132,41.071
12.5884,-48.4288,41.047
-85.8568,19.8902,41.047
-140.2428,-18.7879,41.029
-8.4422,-35.9192,41.006
-126.6997,61.2292,40.979
156.2406,36.1526,40.969
95.3536,66.9431,40.968
-5.1170,-46.3955,40.963
22.3466,-49.4142,40.950
-114.3269,21.4490,40.944
126.2567,26.6359,40.940
-92.0501,11.8088,40.930
-92.9120,59.2896,40.928
159.7664,20.9965,40.914
-154.5618,-26.3213,40.886
-167.9758,31.0772,40.880
-26.3303,76.6217,40.854
132.2422,-54.7018,40.847
132.2485,-3.4514,40.841
168.7529,7.1927,40.837
-93.0289,53.8838,40.818
147.5802,-10.8077,40.813
57.0248,-46.0769,40.812
-89.6908,-17.3700,40.804
92.1776,2.1436,40.803
-176.2000,-7.8001,40.800
-177.3000,0.8000,40.800
-114.8364,47.2652,40.789
-79.3295,34.1125,40.785
4.6519,-63.7340,40.777
-4.5697,-81.4268,40.762
110.8971,-42.6533,40.759
-135.7148,20.9009,40.757
-84.5919,69.2697,40.747
-43.4877,41.6182,40.727
18.9843,-16.1834,40.704
-120.0935,43.5601,40.665
91.7516,-27.3854,40.663
-132.5323,56.4537,40.653
25.8620,-42.4637,40.638
91.8480,75.4965,40.617
-145.5096,32.8206,40.612
109.1295,-8.9799,40.604
72.5808,-4.4591,40.578
-110.2970,32.8658,40.577
87.4820,27.9502,40.571
167.3654,-49.5427,40.494
142.8650,79.4227,40.474
-126.3401,27.0402,40.471
-163.9287,36.9027,40.468
-26.6515,-0.2997,40.456
-56.9506,-23.9483,40.444
-61.8142,-18.7114,40.427
152.4847,-47.4304,40.420
63.4518,-53.5817,40.403
-27.6043,61.8154,40.400
99.6837,66.9415,40.378
122.6543,20.9540,40.348
-91.4074,-55.5905,40.299
-135.0418,-67.0081,40.298
-163.3062,-9.5824,40.277
53.0447,79.3496,40.269
111.0996,41.9936,40.240
127.3592,-10.1802,40.232
25.6029,-22.4313,40.216
-79.8946,-29.9146,40.208
-143.9643,-65.4430,40.166
-23.8086,47.9186,40.157
131.4593,78.2552,40.145
-41.6274,-58.7696,40.130
151.1371,-27.6485,40.124
179.2141,-24.1626,40.117
140.9239,-35.4569,40.112
47.6678,37.4067,40.104
132.7474,-1.7659,40.096
-95.8156,17.6687,40.093
8.7268,-55.4467,40.092
111.1859,4.9396,40.083
-73.1345,57.3082,40.066
98.6988,-25.7655,40.013
121.7711,0.5136,40.000
84.1090,-1.6508,39.990
-157.4092,9.3698,39.986
116.1534,58.7239,39.971
-88.2393,26.5123,39.932
121.9320,24.3019,39.894
79.9406,-48.9931,39.878
-125.3088,42.5737,39.862
-143.4228,39.2752,39.854
135.0841,-16.0773,39.848
-162.6663,34.5701,39.841
150.2073,-12.3014,39.840
118.3903,-2.7580,39.836
173.3763,-8.6236,39.835
10.7028,-69.9838,39.834
83.7883,25.3111,39.833
-116.3802,31.5138,39.829
-108.8211,12.0914,39.820
4.4571,-76.1044,39.815
10.8989,-78.1674,39.794
-144.9611,1.6477,39.793
-43.5337,-76.9430,39.793
-143.3792,-41.3008,39.789
131.8000,-15.3002,39.789
-171.2000,37.3007,39.789
131.7000,-13.6002,39.789
66.1260,-53.1620,39.784
-143.9591,14.9707,39.783
2.1098,-57.5449,39.782
121.9644,-35.4394,39.780
44.1938,31.7774,39.779
11.1435,9.8188,39.774
74.3019,-29.2869,39.770
-43.4940,52.7408,39.760
-149.6047,-31.3401,39.739
-148.7003,-44.3783,39.719
144.7198,3.3435,39.683
129.7689,2.9224,39.676
96.4304,-33.5872,39.666
-97.9213,71.6881,39.659
53.3449,34.4546,39.640
133.2221,48.9610,39.635
-175.4759,-32.0962,39.607
75.8703,0.2033,39.594
35.5986,-62.1287,39.594
-125.9849,60.1982,39.586
120.5763,31.2366,39.552
76.0865,-33.5178,39.535
78.3025,-70.5410,39.530
163.1656,67.6249,39.529
47.5968,-19.2156,39.525
-174.0937,39.9613,39.521
128.2268,3.9062,39.499
101.2008,-8.2541,39.451
-21.2011,-33.2667,39.404
-161.7134,50.2220,39.403
-86.8361,-27.5426,39.392
33.3659,-73.1918,39.391
145.7996,-29.3165,39.385
101.5222,-35.0255,39.367
-173.6198,-17.8247,39.325
-101.0202,12.4793,39.303
20.1598,-52.9797,39.299
84.1390,-87.2990,39.299
178.2721,64.1241,39.297
9.1113,-25.2344,39.280
45.7541,40.6913,39.277
-62.7753,53.4280,39.253
-141.6230,-0.3375,39.235
43.9998,-11.9761,39.228
118.5512,54.0366,39.226
91.2706,-7.9375,39.211
-60.5067,-12.5317,39.208
-55.4843,-79.2162,39.205
-96.0662,24.2259,39.196
175.2328,-7.6299,39.182
20.0350,-34.0781,39.182
94.8889,-8.2051,39.166
-105.2471,-1.3864,39.157
63.8142,66.9013,39.128
10.2422,-80.9901,39.128
124.8226,27.1672,39.069
-94.7841,-3.6374,39.058
-132.1542,-66.2688,39.054
87.6160,-22.9451,39.051
154.1620,-24.5835,39.035
150.2570,-16.9884,39.030
-101.2926,41.4800,39.016
-146.6163,60.8288,39.008
-122.6120,-66.2042,39.008
3.7320,-21.4655,39.001
-162.3127,61.9916,38.994
31.8950,-37.4711,38.992
-173.0136,-15.1211,38.980
15.3686,-4.2561,38.970
-0.8124,-3.5180,38.970
162.6012,34.7190,38.965
-105.2350,71.1733,38.955
-104.0451,55.6833,38.954
36.0141,-61.0172,38.928
-60.3103,-30.4884,38.898
-139.7391,40.4525,38.896
-91.4105,14.6762,38.896
-116.4920,28.1990,38.894
-146.5228,39.8329,38.871
134.7436,-5.1328,38.863
47.2500,43.0515,38.856
-96.8000,51.3102,38.833
-165.4844,-79.1811,38.829
36.3967,25.3669,38.816
-134.2085,5.0789,38.798
-147.3397,-59.2176,38.795
-172.5000,-11.8002,38.795
1.5000,30.7005,38.795
-40.2000,45.7009,38.795
-71.1271,6.0382,38.793
-85.1869,-26.2968,38.772
73.1996,-5.7289,38.771
-177.3044,35.7098,38.760
-64.1188,-32.8836,38.755
105.4668,22.0354,38.752
-78.8604,-54.3900,38.744
-132.3377,-28.0825,38.736
-159.0751,-44.7981,38.729
176.0562,-63.9778,38.724
28.1904,45.0458,38.681
-72.8721,81.6543,38.681
-90.8426,69.1870,38.668
-170.9338,50.1223,38.607
56.5269,-66.3721,38.559
-9.7263,61.0577,38.558
44.4224,-9.9425,38.558
-122.7856,-11.1100,38.556
-155.8003,35.4914,38.556
-13.5330,-35.6333,38.544
121.8541,33.5074,38.544
40.9432,24.9677,38.516
-93.4726,-58.1955,38.514
8.7322,39.4411,38.510
2.6589,-50.3422,38.494
-34.3836,48.7750,38.485
61.5250,-40.7426,38.483
88.7514,-66.3397,38.478
81.8969,-38.1451,38.477
135.1406,-23.0827,38.468
158.3568,-14.3582,38.450
156.4269,-15.4231,38.405
171.4347,3.9671,38.396
168.0473,3.1131,38.377
119.9150,6.4428,38.370
-127.2454,68.6154,38.359
-130.5023,-65.6884,38.352
68.4049,-26.3642,38.337
-90.9744,49.9039,38.301
-130.2243,-53.1296,38.293
13.2793,-39.1147,38.285
178.9066,-12.4459,38.264
12.8109,-71.2094,38.241
14.1513,-32.6722,38.215
-21.8120,-54.1716,38.205
-56.1294,-27.2505,38.192
159.6295,16.3574,38.189
127.3174,4.5782,38.173
-85.1788,11.3912,38.161
80.0177,17.4463,38.154
119.0833,29.5047,38.142
-28.2722,53.5281,38.134
-166.6399,48.7268,38.126
101.6045,-55.5550,38.114
-84.1633,28.6863,38.063
171.4552,-20.9642,38.057
78.0192,0.5260,38.046
71.7327,-7.7227,38.041
-59.2302,-36.5958,37.980
-124.5845,-66.9596,37.972
90.5898,-33.8458,37.961
179.3000,-10.2714,37.960
-88.7192,-42.3383,37.958
-11.0840,-79.8394,37.923
-93.9819,-47.7531,37.914
-132.9299,53.9286,37.907
23.7509,-49.3757,37.904
-100.5789,48.6830,37.903
99.8900,-7.2663,37.895
-133.0240,-52.8588,37.889
-117.7028,50.2890,37.868
-125.7601,-88.5962,37.865
-160.4046,39.5788,37.856
-140.6391,33.3826,37.853
-110.9845,32.4825,37.850
160.6238,37.8152,37.844
7.3603,-43.3313,37.841
-137.5088,-39.0795,37.815
-164.0805,10.4492,37.811
-148.4470,-49.0305,37.810
-137.0877,-26.4944,37.800
-141.5183,23.5757,37.799
90.1141,4.9902,37.797
-161.3677,45.7266,37.796
133.0934,0.3571,37.791
17.2493,-35.6483,37.790
132.7888,14.9681,37.786
134.4000,-12.3002,37.783
129.7000,-12.8002,37.783
145.3000,-11.7002,37.783
175.4037,33.0005,37.783
86.7481,-2.5161,37.783
-26.0036,47.9026,37.781
175.4679,31.4486,37.773
-140.2571,-16.5062,37.773
128.7820,-28.4591,37.756
-168.1537,-34.4415,37.751
-57.4531,-80.5251,37.733
-140.0788,-29.6983,37.729
176.4563,-18.7183,37.698
119.3574,26.8405,37.693
-167.8809,51.6829,37.686
129.8362,57.8640,37.677
-52.5151,-74.6771,37.647
-108.6854,-16.3259,37.641
17.3505,63.2411,37.641
-176.0235,-53.1393,37.635
-46.4356,-37.1233,37.594
128.3102,-66.1491,37.587
-117.4119,-39.6600,37.577
152.8532,-62.7017,37.574
10.6037,-83.2170,37.555
159.6812,32.5218,37.541
-156.6702,18.7550,37.517
-134.1135,-64.0259,37.504
92.2163,-26.9103,37.500
-123.6831,67.2253,37.486
-80.5998,37.0629,37.463
73.4232,-38.0347,37.455
-79.8621,18.2701,37.408
26.3796,80.2313,37.401
-148.6473,68.5225,37.387
-82.5622,-9.2065,37.375
18.2150,-44.1451,37.368
-146.5680,-1.1369,37.353
160.9932,1.4167,37.289
-104.0273,72.4824,37.289
-12.1265,-63.3886,37.283
125.6031,32.3278,37.273
7.4896,-20.8016,37.242
79.3956,-65.9356,37.213
-3.8954,-2.4180,37.199
162.8295,-77.3349,37.196
161.2643,39.7734,37.182
-62.9288,-30.2573,37.173
81.4078,-36.0749,37.141
-98.7438,31.6706,37.129
19.7639,-22.6999,37.119
-17.7161,-36.3363,37.113
160.4311,-46.6700,37.104
-88.7498,43.2027,37.097
10.3243,-30.7610,37.095
115.3733,54.5880,37.075
123.0971,-16.7283,37.074
17.5971,-32.0748,37.071
153.7631,60.9598,37.070
101.7171,-0.5577,37.064
99.3947,-44.9877,37.052
133.5379,48.0893,37.031
169.5073,5.5921,36.987
9.0603,14.4063,36.958
-165.7958,11.5240,36.937
-85.9041,22.2110,36.934
5.0848,-20.6837,36.928
178.1618,-11.4757,36.914
-123.4341,27.3311,36.913
-143.0154,-79.2142,36.910
-27.1426,49.5759,36.897
-145.3778,56.3475,36.893
146.3559,-4.3520,36.892
-127.3211,38.7615,36.884
-112.8495,41.7712,36.880
-173.1318,-23.9555,36.873
92.5832,-59.8930,36.865
-163.8070,14.7014,36.838
155.9759,2.1661,36.838
-121.5725,-57.0952,36.822
36.7162,-8.4215,36.806
-153.3114,26.1749,36.806
163.2258,-10.2244,36.805
68.7033,-63.5759,36.802
124.2137,-48.3511,36.801
-163.7215,9.9928,36.799
-148.0873,27.5454,36.796
-154.1060,7.4350,36.790
-8.5570,-42.3143,36.784
-153.3973,-3.4068,36.780
-174.6973,-13.8297,36.776
-69.1763,26.4877,36.772
-81.6078,4.5890,36.771
71.0000,44.0007,36.770
-165.8060,-1.2705,36.769
-45.0501,-76.1868,36.754
104.9593,41.9809,36.747
102.1924,-33.6668,36.743
58.4817,-57.9699,36.743
41.7993,-49.7428,36.735
-149.1677,24.5672,36.727
-169.1232,-26.2599,36.725
-53.0340,-76.0275,36.709
64.5657,-43.0243,36.692
61.4194,-43.1916,36.677
131.2997,-33.5100,36.641
-59.1879,-37.9528,36.624
-26.4807,84.9454,36.621
-23.0026,-33.6265,36.615
80.6260,1.3193,36.611
-99.6530,33.3050,36.609
111.5880,54.5822,36.594
-142.5945,6.6421,36.567
-177.4967,-6.5674,36.565
127.3002,55.1543,36.564
172.9103,-11.9012,36.543
-105.7050,39.0160,36.540
-4.0610,-82.7986,36.530
124.7573,2.9531,36.523
110.2302,39.1594,36.517
-86.0490,5.6780,36.494
-101.8768,57.6861,36.470
163.9509,29.7067,36.466
-136.9275,-8.1321,36.464
-48.3878,-24.2410,36.429
96.5186,-22.3946,36.391
175.1965,40.7579,36.350
112.4660,51.9710,36.347
87.7961,-6.7725,36.332
98.2904,11.0445,36.326
107.3231,38.2081,36.324
131.2339,2.9272,36.322
-148.4351,37.6006,36.310
68.8959,-52.6816,36.308
139.2395,-50.9860,36.286
179.7062,47.1727,36.284
122.8790,77.2450,36.280
155.7386,8.5881,36.274
-104.1415,10.4509,36.250
61.7418,67.0143,36.250
-61.7427,-26.0012,36.232
141.3333,-36.8539,36.210
91.0210,52.5371,36.208
136.4854,-15.9423,36.204
81.5730,35.9821,36.199
-137.6768,-69.0142,36.169
153.8067,-14.7347,36.155
-79.4743,64.0654,36.130
1.7293,-37.6895,36.127
-18.8628,63.3844,36.107
137.2712,-15.3274,36.105
122.5912,-44.7563,36.102
-77.0655,46.6150,36.093
106.3845,26.6556,36.085
3.1913,-54.3648,36.081
84.9364,0.6848,36.059
-14.1993,-74.4661,36.053
-168.7587,-17.8968,36.053
160.7884,-44.5592,36.051
6.2262,-78.6732,36.039
118.5976,18.2891,36.035
-40.6556,-74.8971,36.032
123.1647,-5.2421,36.017
-143.3598,80.3538,35.992
-159.5093,-18.2101,35.961
165.3371,32.0257,35.935
67.9134,-38.1106,35.926
69.2014,-8.8605,35.922
76.5651,-34.5829,35.907
39.5984,-12.9194,35.900
78.4851,-9.0323,35.897
104.6659,-28.7913,35.895
-118.3423,55.3436,35.893
11.3122,-65.7738,35.886
35.0535,62.2836,35.875
-107.9997,54.9496,35.844
-136.2726,47.6118,35.828
-60.8872,-23.3780,35.827
16.6301,-5.3010,35.820
-119.2542,33.2036,35.816
-9.8520,-35.8911,35.810
-130.1571,12.5368,35.802
115.0901,8.0174,35.800
-137.0908,-33.2550,35.785
-152.8201,3.1323,35.781
-95.2454,15.6851,35.778
-14.2004,-37.8657,35.777
-143.5000,20.2003,35.776
-176.0000,-3.9000,35.776
-129.7933,-7.5455,35.774
-124.9542,-10.5456,35.773
-105.0514,-36.7308,35.769
76.8776,-68.1697,35.769
87.2299,-46.1318,35.762
-152.9770,-39.0040,35.751
121.1035,26.9798,35.738
-83.7361,-60.7567,35.732
87.9873,-59.7773,35.704
-63.4875,-33.3090,35.674
-124.6277,-45.1041,35.673
73.9932,-60.2761,35.667
69.8612,-60.1812,35.655
-58.3050,-33.2606,35.650
104.5327,28.6402,35.623
154.5761,6.1393,35.620
-145.4442,15.7871,35.619
111.6062,28.4149,35.609
105.6503,-50.3904,35.601
5.1208,-62.5771,35.596
-159.9025,46.2405,35.590
100.7474,0.8093,35.588
-169.3417,45.1966,35.585
109.0929,-21.1387,35.568
-2.2289,-39.0966,35.556
73.1014,-51.4295,35.530
127.2837,-8.9056,35.520
-32.7784,76.5056,35.516
102.8516,-22.5210,35.509
42.0884,59.3616,35.483
161.7722,-18.1723,35.463
-27.4241,-16.6441,35.428
-61.2246,-4.8596,35.424
112.1702,-5.4285,35.424
86.9911,31.6536,35.417
71.4091,-43.3200,35.396
-146.4607,-44.3124,35.395
161.7506,16.1058,35.393
9.6386,-58.6577,35.390
107.8858,0.2681,35.389
162.5628,-43.9929,35.382
-12.3791,-36.1605,35.382
129.6399,-33.0542,35.367
78.7365,41.1013,35.350
141.8270,40.7719,35.343
-38.6952,-40.7664,35.341
37.2836,42.0259,35.321
-105.1659,-25.1826,35.319
-164.5944,48.9110,35.294
-149.2668,47.2401,35.281
-148.6718,11.5888,35.273
70.2117,-27.1641,35.258
51.7144,14.5741,35.258
92.0649,6.6535,35.234
-60.1670,-26.3675,35.233
140.3264,40.1990,35.212
-65.4778,-44.9117,35.196
98.2127,-15.2794,35.196
10.4419,-59.8847,35.185
43.3929,-78.2130,35.168
-167.4340,1.5047,35.165
107.9224,3.8055,35.142
65.4213,-35.3853,35.128
126.4971,22.6152,35.092
119.8311,19.1773,35.074
131.5798,34.6913,35.053
170.8841,3.0457,35.045
90.6486,-1.7532,35.025
178.7723,-1.2672,35.025
56.8342,-34.8533,35.016
-64.2122,-26.8961,35.013
52.7181,42.6418,35.001
-98.1722,40.4070,34.983
67.3149,-41.9284,34.979
49.1960,81.6915,34.971
160.7641,-54.4286,34.967
91.6197,-0.6927,34.952
125.5902,18.1563,34.941
60.9097,-46.4529,34.937
25.7771,-74.9394,34.924
-158.6694,-16.8447,34.920
17.3768,-21.7192,34.918
28.3371,-72.1335,34.909
-139.1725,52.1526,34.899
67.8854,-62.4182,34.899
177.8214,65.3205,34.882
-102.5060,-58.1740,34.874
-123.8423,43.4827,34.854
65.1900,-50.2848,34.849
71.4961,-3.6741,34.832
134.0999,33.1956,34.826
34.7914,19.4039,34.821
-136.9165,-83.7242,34.817
-159.3181,-11.6207,34.812
-112.0391,52.9949,34.805
-125.6085,64.6549,34.798
-90.8243,60.0406,34.794
-77.6999,62.6884,34.794
140.0963,52.1206,34.793
-154.6859,-12.8055,34.790
-148.0423,-9.3787,34.789
53.6689,-27.3947,34.787
110.3716,-58.9530,34.786
-17.2910,-19.2662,34.772
-117.4511,4.3881,34.767
173.5000,34.5005,34.762
-169.3000,-21.1003,34.762
87.3000,-4.0000,34.762
-108.4574,-3.8666,34.759
72.8090,-1.3619,34.755
131.1653,-9.8606,34.754
-128.0299,-27.1912,34.748
-4.5922,-55.4359,34.721
-147.3042,33.8149,34.720
-158.7550,-33.0400,34.715
-149.6194,-79.2082,34.707
-160.6826,-34.9823,34.703
-177.3365,-85.1935,34.692
-162.5718,-23.2908,34.689
-150.6623,45.6466,34.684
-94.7676,-71.8542,34.682
81.4560,-17.9511,34.670
-179.4486,22.1743,34.664
-103.3405,-37.6686,34.656
115.8034,-38.1790,34.655
118.8963,-17.0800,34.655
63.0684,-12.1048,34.650
-48.3240,-74.9862,34.646
48.9479,-34.2290,34.620
-144.5719,-2.9081,34.617
176.7031,16.8272,34.594
-75.3992,55.5443,34.572
-4.4534,-54.7126,34.560
-1.4463,-36.9126,34.551
164.3142,-53.9008,34.551
48.1811,21.3865,34.550
19.8670,-74.2784,34.545
-162.5872,48.3059,34.535
-49.8245,23.2660,34.516
113.0022,26.2554,34.487
83.0386,-14.4441,34.484
23.5423,-40.9860,34.482
165.8540,42.2968,34.481
-156.6807,29.2381,34.470
125.9984,15.1533,34.465
139.2829,-10.9045,34.464
20.1342,-10.5750,34.459
143.9141,-37.1557,34.439
88.4338,-44.1573,34.419
117.1060,24.9194,34.419
112.5436,-20.1969,34.406
90.9420,20.5925,34.391
92.5887,-28.6783,34.390
56.9754,-53.5391,34.387
160.1951,-25.8077,34.384
156.5305,-26.5114,34.383
-125.1885,-45.7033,34.379
111.3812,22.8085,34.373
-94.6097,45.0305,34.361
-152.4927,48.1848,34.358
-76.7603,35.7457,34.344
103.9819,-55.2053,34.342
147.7045,-8.6293,34.327
-7.7832,-32.3824,34.318
84.9119,-39.6550,34.317
95.0381,-54.8573,34.306
-67.5917,70.3658,34.302
66.5006,77.1531,34.288
36.5675,-46.3060,34.257
-107.9385,27.8744,34.256
78.1264,-1.7239,34.254
57.0402,-19.8613,34.238
141.0845,77.4837,34.237
125.2460,4.6243,34.235
-168.3175,67.0333,34.232
116.1349,5.8584,34.208
126.7138,28.6171,34.206
71.8040,15.9511,34.205
117.7876,44.6416,34.202
111.8020,40.6908,34.194
96.0752,74.0183,34.165
14.6880,-49.0556,34.162
65.7100,-26.9292,34.161
-133.8952,-17.1739,34.135
58.4214,30.4569,34.126
-10.3629,-63.6158,34.124
46.1640,-52.0434,34.122
81.8575,-42.6488,34.112
-120.1718,-63.2769,34.106
-110.9843,10.6879,34.094
-131.0106,-18.5190,34.081
-59.7849,-24.6479,34.079
55.4916,-50.3486,34.073
128.7190,13.5153,34.071
176.7368,-22.3446,34.031
101.6542,-53.5594,34.030
-158.1921,40.3000,34.030
-147.0485,48.3288,34.023
115.2314,-42.6537,34.012
57.8552,-4.7183,33.978
20.1435,49.7794,33.964
-118.2474,13.0526,33.950
161.7933,32.6346,33.937
80.2475,-71.6966,33.935
158.6629,-36.4042,33.923
173.2113,-14.8539,33.917
37.0930,28.0431,33.914
21.7873,-38.6267,33.901
14.0098,-63.2514,33.898
163.3485,-25.9969,33.892
22.9874,-31.6828,33.885
-53.1880,-35.1439,33.874
125.5204,-50.9969,33.869
-125.5288,-20.7147,33.864
-130.2303,41.9615,33.864
-90.5659,34.3700,33.859
123.6996,1.4536,33.854
-111.3299,57.1739,33.851
10.6357,-30.2745,33.834
126.5513,23.8165,33.828
-90.8524,25.6123,33.807
-122.5162,-29.3300,33.804
177.5570,62.5009,33.790
128.1000,42.0401,33.789
-158.6510,12.7787,33.782
48.9191,-28.2417,33.781
-146.4604,31.2172,33.779
-172.9114,30.8453,33.774
-117.7602,-68.7713,33.769
-131.2908,-51.9402,33.769
99.3278,-4.6746,33.768
-45.8488,-48.8156,33.766
-134.6993,8.1124,33.759
-167.1946,9.8028,33.757
108.2868,-2.8314,33.756
66.8349,-1.0156,33.752
132.7000,-17.8002,33.746
-100.4541,-70.1420,33.737
-175.3973,-11.5692,33.736
54.8435,41.1106,33.722
-52.3640,-17.1781,33.721
177.7053,33.7653,33.717
-167.3973,-62.2576,33.715
-143.2369,-28.1399,33.709
164.9383,37.4097,33.706
-151.0033,-31.8259,33.705
165.3278,-15.0859,33.705
160.4097,2.6546,33.697
119.5793,-5.8480,33.671
57.1261,-54.1327,33.661
-149.8836,61.2528,33.646
-32.7554,-53.5362,33.638
111.3966,-45.5950,33.633
132.5254,-5.8165,33.632
153.5638,-37.3627,33.625
87.2393,-9.3412,33.624
-156.7792,-61.8407,33.616
-177.0478,-11.3141,33.594
175.6780,43.2348,33.589
107.0255,10.3501,33.579
-58.6314,-10.0270,33.565
36.1204,-48.7351,33.563
120.2195,-24.8306,33.546
5.6904,-18.0648,33.545
44.8318,-62.3618,33.532
83.5885,43.4977,33.512
150.0902,-35.2491,33.489
123.2562,18.8130,33.485
-139.3533,25.6093,33.476
178.0041,-2.6537,33.464
-14.6760,-39.9525,33.460
126.5817,-38.2488,33.456
39.9941,7.0841,33.449
111.1514,-36.0172,33.446
-8.1668,-11.8122,33.445
117.4194,27.5282,33.445
-148.8753,44.4552,33.443
-166.2591,40.7237,33.437
-29.1440,15.5271,33.419
10.6229,48.7195,33.412
-138.0037,6.3332,33.401
-54.6214,-35.5599,33.398
138.5867,49.9935,33.393
27.1235,-61.3065,33.382
42.1281,-48.8748,33.382
104.9379,1.5661,33.381
81.6542,-8.0911,33.376
-44.2730,83.6558,33.374
-84.1708,-35.1636,33.354
-63.5644,-18.7342,33.346
167.6503,7.6409,33.342
176.7117,10.4616,33.338
128.0593,-84.6420,33.336
131.6287,-2.2058,33.335
-56.7957,-15.9796,33.334
-57.8056,-55.3886,33.325
105.2133,4.4481,33.319
-144.4430,19.3277,33.296
-158.5159,-72.1233,33.294
-121.5426,58.1819,33.283
-81.4979,-71.9247,33.258
-80.9559,58.3829,33.228
179.0008,-16.9728,33.214
14.2173,11.1641,33.210
9.3909,-19.2825,33.203
118.7453,0.9052,33.176
173.0344,50.5283,33.170
-131.8731,-25.7573,33.165
-72.7786,62.1601,33.157
-61.6542,-27.9332,33.151
113.2842,-43.2301,33.151
76.2434,-79.8195,33.119
128.4706,-32.6029,33.115
-89.4498,45.7620,33.108
119.0249,-62.5521,33.100
170.9676,3.5984,33.095
-166.4165,-24.6491,33.094
-142.2775,37.4713,33.091
-69.0216,-20.8745,33.085
-144.5279,6.5840,33.085
22.0650,-55.0752,33.076
172.5622,-2.0259,33.071
-137.6606,-72.4688,33.060
133.7156,-39.6163,33.059
130.9186,-17.3356,33.051
-70.4621,-30.6789,33.038
-93.3317,22.3115,33.029
-145.3431,14.7055,33.026
28.2491,-65.9997,32.995
118.5501,43.7311,32.978
65.2603,-38.1296,32.959
13.8711,-7.7017,32.958
-39.4656,-58.3857,32.953
105.3175,8.5503,32.944
-178.0863,60.3094,32.939
-68.7856,58.5218,32.938
-87.0617,-33.6321,32.913
60.3919,1.8849,32.908
70.7780,86.6916,32.904
63.9931,-47.6958,32.903
58.4220,39.6036,32.887
12.3662,-10.4423,32.833
-135.0561,-24.2775,32.829
-153.6550,40.5327,32.820
-21.6925,-72.1675,32.809
178.0011,50.8606,32.808
-151.1294,-88.3569,32.808
-153.0282,-18.5069,32.802
90.0763,-8.4773,32.788
-98.1840,19.0766,32.786
148.3300,19.0803,32.786
179.0495,6.9985,32.777
-1.1927,-76.9306,32.774
107.2250,-0.8656,32.771
-128.6933,0.2486,32.754
-13.1000,26.7003,32.754
-132.8599,-0.2514,32.754
-81.3144,8.0382,32.752
135.8246,-10.0803,32.750
-39.7963,-15.5643,32.749
-142.0228,-30.1708,32.742
161.6563,9.1083,32.736
-104.2363,29.4215,32.734
-148.9323,40.3029,32.733
-109.4574,-40.1065,32.728
-24.3547,-33.4502,32.725
49.1170,-60.4630,32.723
15.5212,60.2379,32.723
-143.0372,17.5234,32.722
108.4738,45.1419,32.715
73.4465,-28.0058,32.712
-157.3736,39.5110,32.708
-143.4321,18.2454,32.703
128.8001,49.4075,32.702
-163.3819,-36.7541,32.700
18.6685,-32.0899,32.682
120.1411,50.5374,32.677
-63.2398,-23.0001,32.662
-96.7796,16.8402,32.650
77.1277,-1.1508,32.649
-161.5706,42.9445,32.647
172.5423,-5.4111,32.642
-88.9431,51.1596,32.639
-176.6793,-17.1023,32.635
-110.5418,14.6055,32.620
-55.9338,-57.7539,32.620
2.9061,-58.5811,32.608
-41.6828,86.2663,32.605
-38.0485,8.1249,32.598
-140.0677,22.6091,32.587
89.9032,6.5684,32.581
96.9305,-24.8448,32.577
19.9954,-62.3031,32.571
-32.6601,-26.8784,32.558
-144.7826,33.1079,32.543
117.0844,-40.4246,32.515
-173.1671,-61.8562,32.508
-18.0732,-46.5223,32.494
5.8223,-16.5363,32.494
52.1263,-46.7106,32.489
-59.4219,-30.3563,32.482
-0.6409,62.8858,32.478
39.9907,-16.2219,32.477
-96.9494,47.0862,32.457
-89.1194,72.1553,32.449
78.7880,39.7500,32.447
71.4504,-1.3313,32.441
30.7339,-52.5002,32.441
113.0929,1.1598,32.432
127.8994,27.5618,32.418
-129.6221,-40.9870,32.415
-96.0797,44.9046,32.384
143.8322,28.2258,32.344
-168.9540,-50.6650,32.325
-170.3329,-37.4306,32.323
-102.5585,24.8708,32.314
-79.1828,31.3461,32.300
95.7698,11.7714,32.298
-171.4760,-17.7480,32.297
63.9893,10.1776,32.285
-96.5259,33.5242,32.279
39.5688,31.3973,32.275
175.2318,57.6870,32.266
17.9376,-55.9330,32.251
-49.6284,-30.2122,32.246
39.0230,24.2892,32.235
10.1687,1.8212,32.220
84.0995,-12.0163,32.217
-155.9971,-23.4349,32.211
-120.9327,56.1374,32.209
50.2426,61.7293,32.204
120.5323,-36.2449,32.201
-73.9692,-32.0791,32.198
45.1811,74.5776,32.197
60.0295,-56.8022,32.172
38.1626,71.4855,32.167
-84.0463,20.5464,32.150
117.5718,-23.2903,32.148
51.6892,29.5722,32.145
-28.0133,-68.4434,32.128
-156.4833,24.3284,32.115
171.5162,-1.5405,32.091
68.9369,39.1177,32.087
-126.5437,-45.9581,32.087
114.8932,16.9221,32.084
146.0256,-45.1100,32.064
-170.3564,66.4221,32.046
101.9945,-18.0048,32.045
113.7477,-27.8094,32.023
112.3622,24.3539,32.005
157.7511,29.0595,31.980
-14.0634,-70.4051,31.977
-153.6842,46.0938,31.971
156.5948,66.1669,31.970
-51.8000,-47.2578,31.963
31.4506,-46.7882,31.939
-178.2535,39.9643,31.924
-168.0240,26.2296,31.922
99.3899,-54.2074,31.916
158.2111,33.0168,31.913
-85.9233,27.4470,31.905
-129.6473,-25.7696,31.901
132.7554,-24.2688,31.897
146.3763,48.4866,31.896
-134.5454,40.1705,31.862
-46.8295,-23.1164,31.855
140.1935,46.5442,31.854
52.8197,12.3032,31.851
179.6110,13.2976,31.846
-67.3400,-0.4315,31.839
-116.0574,50.3433,31.823
112.8126,-45.5161,31.822
-110.0694,52.5887,31.814
-119.8845,-71.2108,31.811
112.0570,6.6371,31.808
-142.1255,44.7610,31.803
-146.3792,38.3045,31.802
-169.2155,2.5319,31.800
152.2490,-35.2830,31.790
-160.5729,-0.1974,31.785
43.5893,51.1974,31.783
-131.5845,10.5673,31.782
-21.6858,-68.1680,31.780
60.6640,-50.4020,31.773
-112.2785,43.1642,31.772
143.6604,-14.7990,31.767
-161.9040,-25.8030,31.764
70.9523,45.1005,31.757
17.6875,-54.1604,31.753
-135.4877,-26.8246,31.747
-150.1550,-2.6054,31.742
-174.4101,3.1155,31.738
-140.5000,21.0002,31.737
13.0000,-7.0001,31.737
132.4000,-14.4001,31.737
-128.8908,-24.5002,31.737
67.5478,-3.2003,31.734
45.9343,77.7977,31.734
35.8316,17.8154,31.734
-169.5550,-7.9128,31.733
-170.9846,-7.4410,31.732
-172.9960,-32.0990,31.720
-124.6634,-15.6344,31.698
-7.7698,-38.3865,31.696
23.4996,-78.5815,31.695
-148.5550,-61.4997,31.687
27.4563,-71.0270,31.664
27.7199,-50.5957,31.659
-177.4683,-56.8750,31.648
-19.2253,-53.4732,31.644
1.5654,-14.1742,31.642
-8.0100,-44.9520,31.642
-75.7684,79.5935,31.641
67.2483,-39.4612,31.633
16.3619,-65.0670,31.608
178.8272,66.7047,31.604
139.8229,2.3646,31.602
97.1856,-5.7202,31.590
-137.8686,-16.5244,31.580
176.9363,-30.2541,31.580
-143.3154,37.9996,31.574
-50.8782,-25.8329,31.554
-28.0246,-5.9463,31.543
5.6797,-7.8908,31.541
134.3415,58.2239,31.538
-82.2675,56.8444,31.531
172.0743,-39.8938,31.528
-174.6737,73.5974,31.521
99.3546,1.6531,31.517
-80.1407,7.3502,31.506
117.4510,23.6359,31.502
-31.7165,-20.7902,31.495
115.8774,0.1616,31.482
-17.9646,-41.8942,31.481
107.1306,21.7481,31.472
59.2277,-55.6855,31.469
9.3219,-31.0590,31.468
-126.3382,-48.5531,31.466
0.8166,35.8153,31.464
124.5491,-10.2502,31.457
-102.8562,31.3478,31.443
30.5770,42.7235,31.438
-73.1648,0.5495,31.435
33.7577,26.7018,31.427
114.7477,-5.8544,31.423
13.6248,-58.5238,31.422
64.8894,-18.4801,31.421
34.6369,29.9449,31.409
99.9917,-51.3406,31.405
-114.2070,42.1566,31.393
42.6956,12.7244,31.377
28.8658,66.2344,31.365
-0.3132,-38.1732,31.357
134.0044,-24.2835,31.354
52.0544,-61.2499,31.347
7.7754,-62.1169,31.320
36.9173,-55.3726,31.319
37.0770,-27.6111,31.307
-80.4434,73.8217,31.300
74.0531,-75.1458,31.288
52.9748,-75.4444,31.284
115.1799,-39.6173,31.278
-92.3667,51.3323,31.267
4.9297,-57.1515,31.249
12.0436,3.7344,31.238
147.3361,13.7678,31.226
141.8299,44.1831,31.210
39.9654,-40.4348,31.169
-155.0077,36.6084,31.166
24.7306,-46.3757,31.153
99.1483,-23.3724,31.147
-128.0378,-8.5625,31.144
-100.1893,12.3345,31.137
131.4261,40.9739,31.136
-55.0392,6.9209,31.111
-101.4379,-52.8693,31.089
-174.6258,48.8045,31.079
78.5037,-10.1570,31.078
116.7553,12.2908,31.075
69.4884,-6.0281,31.058
2.4218,-17.4673,31.044
48.2372,-41.5449,31.038
-155.7594,74.6838,31.035
-123.7578,-46.4595,31.019
164.1962,-20.6947,31.018
3.7704,-52.9866,31.018
64.3754,38.7874,31.015
78.5726,89.3241,31.007
150.9780,16.1599,30.999
77.0904,56.5387,30.990
150.7059,-85.1215,30.971
-139.3363,-39.5141,30.955
21.8956,-36.6729,30.955
142.0388,56.6130,30.954
70.3910,-61.8067,30.948
-58.6377,77.5465,30.946
77.9925,3.2192,30.936
30.0545,-25.0275,30.934
122.9732,-38.8683,30.925
86.5385,-41.5775,30.924
-177.7345,33.2142,30.920
-78.0089,34.3984,30.914
-55.6584,59.1659,30.911
35.3600,-81.2114,30.909
-38.0973,-68.8759,30.892
49.6280,-20.3987,30.858
-156.8184,-5.7102,30.853
124.5172,-33.4595,30.848
109.1603,41.0683,30.846
-41.0062,83.0989,30.841
83.0311,-7.9500,30.825
66.8958,-7.8772,30.815
38.4546,-9.8888,30.814
-92.8243,61.5192,30.808
-161.3691,34.6212,30.807
128.8459,55.9922,30.801
167.0752,19.6816,30.791
-136.9785,40.0976,30.787
171.9747,-12.8100,30.778
75.6956,-36.7529,30.774
121.7521,52.0078,30.768
138.8909,-25.4752,30.762
-162.8409,26.7902,30.760
41.2505,-48.6418,30.730
-152.7691,-4.2477,30.725
-170.4832,9.7296,30.721
-106.3060,27.7851,30.720
129.6000,-14.6001,30.718
3.5000,-33.5003,30.718
-170.0000,33.6003,30.718
135.1631,19.0002,30.718
-172.3184,0.9908,30.717
4.9895,58.8387,30.717
138.0221,-20.6033,30.717
-168.5523,-3.6396,30.714
67.2602,-33.6025,30.696
-140.9883,61.1654,30.685
149.0352,-38.4567,30.666
170.1975,35.8167,30.647
125.9105,-6.9279,30.646
-130.9897,40.3004,30.639
-131.1619,43.0681,30.628
60.1600,27.0844,30.621
59.6902,47.5583,30.614
-125.9364,11.8339,30.602
90.7096,-62.2095,30.580
-53.8736,-39.4663,30.571
171.0062,35.0941,30.564
-52.7048,-32.3646,30.562
-13.6597,-39.3432,30.556
145.1062,17.2127,30.498
37.8461,-10.8999,30.496
1.2274,-18.5510,30.492
-72.3643,64.4802,30.487
136.5795,66.4105,30.480
-97.5304,50.0749,30.476
89.8293,-29.5349,30.473
98.9029,83.1447,30.472
-178.3899,-2.8120,30.458
-15.8949,-51.7895,30.453
-162.1366,20.2329,30.445
72.8620,-60.8515,30.441
51.8975,-47.5060,30.434
40.1393,-17.8418,30.422
121.6069,80.2464,30.403
-12.8040,-69.3424,30.392
-39.7457,-40.9930,30.388
117.8409,-37.0605,30.385
-88.0293,-88.4978,30.367
-79.3906,49.0900,30.363
-112.6489,7.4144,30.360
90.1669,-28.5432,30.358
36.6045,-1.9914,30.358
157.9750,-11.1957,30.351
24.5640,-80.4246,30.337
-49.1012,-40.9551,30.328
152.4595,18.7818,30.327
-87.7208,59.0812,30.324
21.2713,-34.9766,30.303
161.1590,-23.2816,30.299
17.5655,-43.0896,30.298
-78.9377,38.2219,30.297
17.2351,82.0685,30.293
-162.1473,11.6714,30.269
161.5974,-62.8172,30.257
0.0607,-50.2536,30.256
-116.1234,49.8702,30.248
40.1675,26.2255,30.248
158.8938,-46.3603,30.240
136.9291,-17.2088,30.226
85.5068,-46.1484,30.213
174.1447,-64.2302,30.212
35.5457,-36.9210,30.204
108.1904,18.0155,30.203
-147.9370,-35.9414,30.203
-103.8250,65.8649,30.200
150.6779,54.6696,30.197
-176.3914,38.1979,30.188
-71.0653,-15.5038,30.178
93.5552,-9.2418,30.168
-165.5927,44.0782,30.168
-117.2798,-7.4122,30.157
53.9378,78.1651,30.151
106.8890,-57.4585,30.141
105.8385,2.2338,30.140
0.8190,-46.0821,30.135
1.8294,77.3587,30.134
47.0170,34.7345,30.131
99.7272,39.4139,30.110
-126.3287,-64.3205,30.091
10.6151,-26.0963,30.083
-21.0003,25.7618,30.071
-87.0287,20.3229,30.070
31.3157,17.6625,29.997
85.0069,-63.2425,29.988
-127.2447,-20.0476,29.982
-156.0128,28.5008,29.979
-142.4642,-36.8204,29.969
159.8876,13.3595,29.949
41.8989,-15.7442,29.933
34.5520,-64.1015,29.919
143.4377,-17.8775,29.901
-8.7419,-37.7350,29.899
18.7444,-35.6597,29.899
-136.2996,69.1637,29.897
21.8711,-56.4559,29.884
154.5168,-22.2315,29.861
57.7968,-5.8459,29.842
-117.3905,68.7347,29.838
93.0150,-51.1272,29.833
29.7101,-11.0306,29.822
-173.9961,43.0298,29.820
46.9794,60.4932,29.819
179.9881,54.3107,29.818
173.5823,40.1775,29.814
-127.4299,50.1280,29.812
33.1119,-38.7556,29.809
-73.8025,69.0614,29.797
-36.6763,4.5787,29.787
98.9706,35.9335,29.787
-104.7785,39.7430,29.783
5.8325,-4.0060,29.779
71.1943,-27.4765,29.767
-75.1384,72.9210,29.766
-120.2492,-75.3023,29.759
-145.0282,-10.8068,29.752
-87.6778,-48.6608,29.749
-154.9040,-20.6747,29.749
-150.9423,-10.1491,29.748
11.2370,-82.2838,29.745
68.4073,-3.8810,29.740
-144.2443,7.9900,29.738
-177.6242,-21.4015,29.737
138.8567,-15.8878,29.735
-37.0597,-15.0175,29.735
-137.5423,31.0549,29.734
-171.2268,10.4437,29.729
-169.1577,-25.1861,29.729
142.4000,8.0001,29.727
-166.8497,-3.7410,29.724
-145.0074,-15.9847,29.721
-149.6369,-18.4129,29.717
10.0267,-45.9497,29.708
-140.1542,-47.4762,29.705
-16.2834,-37.7362,29.700
21.6710,-11.6752,29.697
45.4337,15.9183,29.697
88.6714,54.2100,29.695
-2.6286,-32.9169,29.690
-159.0537,-34.0117,29.690
-60.1428,51.8915,29.684
44.9826,-12.6844,29.677
88.6820,-57.9019,29.675
24.2560,-69.3784,29.670
101.9285,74.1904,29.670
120.3488,61.8648,29.670
-109.4649,43.6156,29.666
-129.0722,26.3919,29.661
20.0596,1.3379,29.661
71.3107,-14.1535,29.658
-128.7892,-54.5918,29.647
178.9441,-47.9738,29.646
102.9569,22.5307,29.644
31.8046,-57.0186,29.622
136.1292,75.9060,29.605
-127.9708,-1.4013,29.603
-101.2262,64.7402,29.602
-124.8454,17.6685,29.588
-173.6879,-57.5954,29.567
100.6445,8.6663,29.562
53.3342,9.4329,29.555
-172.3237,40.8625,29.543
149.5915,-2.7102,29.518
-153.9775,80.1779,29.514
3.4827,-38.3920,29.513
-84.6265,68.3915,29.509
-22.3966,-74.3922,29.491
0.4963,-21.0097,29.488
-25.6942,-16.5147,29.478
167.5759,-15.9143,29.477
150.2750,28.5662,29.468
57.7659,-52.5915,29.466
-78.4694,20.6636,29.417
65.7233,-31.4833,29.408
-149.6649,23.1114,29.400
179.3477,-19.7770,29.375
162.9662,-21.3579,29.367
-134.2117,-51.5415,29.343
-101.2324,72.7112,29.343
94.7278,-38.5637,29.329
29.2099,-44.5110,29.326
-149.5195,-0.8833,29.319
37.5271,-77.0779,29.317
-177.9872,74.3592,29.316
90.9647,-41.2546,29.308
-93.2983,27.9943,29.291
84.5385,-9.1104,29.285
159.2513,-35.6467,29.284
23.8957,-60.8842,29.284
-49.8664,-67.5843,29.282
78.1417,13.7153,29.282
128.6471,-0.4170,29.279
50.7452,-47.4448,29.278
-154.9506,50.1111,29.274
152.9946,-53.8936,29.268
27.4342,-58.1220,29.265
166.2887,4.3950,29.254
113.2666,-33.8783,29.251
102.2973,61.8891,29.240
156.9391,-8.9687,29.225
-60.5996,-78.6037,29.224
104.8742,43.2436,29.204
7.0390,-58.6559,29.203
-146.0918,-53.8840,29.200
-2.2865,-47.8756,29.194
53.9761,-45.9652,29.194
-45.8754,-73.0343,29.178
74.2995,-66.6035,29.171
10.6863,38.8903,29.170
149.7503,-33.1254,29.164
-99.4780,75.2818,29.159
84.6221,1.9251,29.157
-120.4899,-69.7526,29.153
129.9901,44.9452,29.148
98.4877,9.0471,29.144
-159.8928,-15.1269,29.143
44.7369,-28.2600,29.142
175.2036,-61.7307,29.140
-91.9024,20.9954,29.139
148.2720,67.1666,29.109
151.5572,20.1333,29.109
100.4874,6.9514,29.107
-87.8600,-49.4939,29.106
-99.0270,-0.5857,29.105
19.1626,1.9472,29.103
-31.4829,-68.6878,29.102
177.8573,-61.8694,29.098
97.7787,13.0780,29.065
-166.3916,-76.8902,29.054
77.3122,21.3335,29.051
70.8413,-60.5726,29.033
142.1574,-39.9273,29.031
22.6416,-4.2747,29.023
-131.8557,79.7490,29.016
14.2863,-4.3535,28.998
105.2524,2.0938,28.996
-142.2357,16.3217,28.993
-174.6699,-44.6681,28.982
21.2957,-59.2142,28.974
-132.2713,-26.5770,28.967
43.0539,32.2806,28.967
89.8576,-44.5602,28.965
94.2856,69.3850,28.934
-118.8998,49.8297,28.931
90.0657,-81.6800,28.922
85.0771,70.9799,28.918
-112.8419,68.9832,28.916
130.6281,-6.9326,28.914
117.1620,5.2238,28.909
175.3778,-70.6973,28.903
128.2760,50.7240,28.901
158.1038,-12.4239,28.890
-141.9974,-8.7420,28.881
-99.1284,14.1905,28.878
-4.1317,-53.4089,28.878
-162.1230,33.4773,28.875
-4.0932,-39.3351,28.872
-70.9769,-59.0971,28.869
170.6517,6.2840,28.860
124.5807,29.2547,28.852
42.6709,70.7276,28.841
3.9101,-58.2626,28.825
92.3312,-6.3985,28.817
-147.8676,-40.2556,28.815
108.0927,-0.2872,28.812
-140.3914,17.2729,28.807
-137.4309,49.7386,28.802
-42.2820,-65.9412,28.795
-176.1618,-58.7893,28.794
-120.9937,51.3734,28.777
163.6883,-70.8720,28.773
-142.9143,33.3616,28.773
-134.0065,-16.2062,28.759
99.9119,10.7388,28.754
128.8716,46.5240,28.753
-152.9732,-23.3056,28.749
150.3938,-32.3840,28.747
158.1048,-4.1022,28.735
-115.1060,-56.0249,28.734
-29.4957,-63.4515,28.734
-110.6426,-52.5400,28.726
-155.0705,30.8734,28.725
-74.2514,-51.0400,28.725
149.5924,-15.3153,28.724
-9.0782,-64.5737,28.722
-163.9765,6.2618,28.715
-116.1877,24.5245,28.714
136.7000,17.7199,28.712
-114.7542,20.8396,28.712
-82.9206,73.0408,28.707
32.9834,-4.5389,28.707
-135.7028,-14.2850,28.707
72.1000,39.7004,28.706
177.9000,-47.7005,28.706
-173.2000,8.5001,28.706
-101.3514,21.8153,28.704
-86.9725,59.9268,28.701
21.1002,-63.6966,28.697
-143.5778,-13.4115,28.693
-89.4185,30.8535,28.693
7.1667,-45.3953,28.690
-8.9957,-45.8684,28.685
-73.1392,36.9835,28.682
-171.7832,-30.8835,28.678
80.1322,52.2529,28.678
159.3963,0.6177,28.672
80.7344,-37.4279,28.652
-126.7574,-38.9183,28.642
-43.1117,-40.4823,28.637
148.7878,-83.5229,28.627
110.6645,74.8119,28.626
160.5721,-67.1466,28.596
-167.6045,66.1430,28.596
56.5422,-64.4996,28.594
-34.3117,-53.9030,28.589
53.2290,-30.1943,28.588
-117.3026,31.7316,28.586
115.4003,44.0527,28.583
-2.0488,-2.7389,28.572
116.7251,36.4516,28.568
-173.7434,42.3176,28.564
-41.3853,-71.2542,28.560
-27.1842,-37.5430,28.552
103.4168,4.9628,28.546
32.9589,-76.5309,28.543
-24.2364,-52.9453,28.539
118.1103,-83.9812,28.533
-131.5564,47.4182,28.529
15.1821,-67.9206,28.528
-39.5062,-70.9762,28.524
-7.0356,2.7082,28.522
-145.8467,61.0031,28.513
-172.4829,48.1549,28.507
92.8986,-46.6551,28.507
153.1077,20.1099,28.497
-31.0928,-56.6358,28.495
173.8813,24.7010,28.495
173.9696,-28.2965,28.491
51.4934,-50.1279,28.487
42.4103,-8.1629,28.479
178.8469,3.8868,28.475
-155.3657,22.7189,28.474
-56.2898,-61.7808,28.462
103.8045,23.5405,28.446
-124.3924,-28.1728,28.437
-174.3177,-35.9129,28.428
175.4239,-13.9239,28.428
119.8618,0.7118,28.418
-172.5016,47.1508,28.416
-64.2973,-30.1741,28.396
51.4696,28.7164,28.396
178.0173,-20.1987,28.396
-172.3272,-2.3416,28.395
-123.6781,-51.5389,28.392
22.2367,-47.2587,28.384
63.7775,-36.3255,28.368
109.4852,1.2841,28.368
-2.5615,-78.8030,28.365
72.3402,-58.7809,28.363
106.2732,-1.3139,28.360
114.4057,44.6739,28.336
-9.3846,-34.7523,28.328
-83.0777,39.0786,28.327
-123.0520,-26.3221,28.305
-110.7429,34.8098,28.298
-91.5044,76.2156,28.296
-72.4337,-65.2580,28.264
-8.0585,-45.9766,28.260
130.0152,77.4682,28.259
35.2466,-25.9335,28.258
-62.7711,-37.1473,28.258
-67.2854,-24.0518,28.257
63.3628,-46.2104,28.257
0.2428,70.2174,28.240
-74.5544,68.4315,28.238
-175.9115,32.8577,28.235
-143.1414,29.3977,28.224
143.5608,-2.2523,28.222
114.3293,23.7601,28.220
118.5023,79.0762,28.219
-33.6116,-59.7181,28.212
156.7404,6.8804,28.204
128.5952,16.2940,28.200
-168.2491,-11.8565,28.195
56.9619,-35.6636,28.184
75.8299,-59.4114,28.178
144.3666,31.6880,28.176
13.7604,-66.1951,28.163
166.0491,-19.9039,28.152
-70.1964,-60.1402,28.145
-98.2691,24.3812,28.143
-12.5472,-58.8149,28.140
-21.7295,50.3214,28.139
14.5943,2.2427,28.127
65.9902,-46.9163,28.106
127.5017,43.8978,28.087
67.1488,65.2560,28.084
154.6135,-38.3668,28.080
148.1904,-1.6216,28.071
-130.0408,-59.8655,28.071
76.7756,21.7547,28.063
39.1855,28.4508,28.056
-25.5901,-52.3486,28.046
-25.3461,-44.5813,28.043
-28.8632,-55.7414,28.028
97.5730,-15.8901,28.026
113.9212,31.8646,28.024
174.8479,-4.1521,28.023
-32.9090,-75.9118,27.991
-70.1439,61.8077,27.987
144.3853,59.3198,27.971
-32.4900,-51.7726,27.960
174.7971,6.2272,27.956
16.1247,-31.4529,27.945
34.6204,-70.7912,27.938
47.5628,-61.8835,27.937
34.1589,-3.0980,27.934
67.7321,-48.0770,27.933
61.8455,29.1738,27.929
163.5325,-18.0798,27.928
93.0530,-10.0561,27.919
30.6756,-27.3808,27.918
101.0262,9.3856,27.912
93.0951,-13.8358,27.910
16.4503,-68.6578,27.906
-121.9450,29.3068,27.897
149.3836,-14.4887,27.896
53.4442,-52.9238,27.888
-149.9898,76.6368,27.881
-58.6276,-30.7598,27.880
171.1344,-5.6261,27.879
78.6246,-33.8498,27.876
59.8936,57.6797,27.875
-179.1871,47.4069,27.870
-164.1527,47.3629,27.868
-175.0215,1.2101,27.861
124.2872,-3.1233,27.857
-145.4650,-2.2195,27.851
62.0303,43.9554,27.850
130.8455,15.1844,27.850
-16.6680,-22.7112,27.841
134.5557,-2.1748,27.836
49.5614,56.7945,27.836
11.1295,73.0848,27.824
59.9715,-65.8019,27.821
-158.5946,45.9917,27.819
-110.9363,77.3576,27.811
118.3519,-56.8600,27.806
115.6160,-52.8278,27.803
114.2943,22.9731,27.793
-121.2423,36.2763,27.792
-166.7651,24.5237,27.792
112.2070,-57.7220,27.786
-136.6028,-59.6341,27.785
144.0351,45.7798,27.784
-124.9458,-51.6572,27.780
-4.3717,-1.4298,27.776
151.0594,-26.3218,27.767
160.8285,84.1517,27.765
-168.7691,13.2873,27.722
-159.6523,4.2591,27.719
-111.5405,-70.6213,27.718
136.2735,-52.7497,27.717
-159.4228,0.5718,27.716
67.8000,40.5003,27.716
168.9375,32.8223,27.714
99.3540,23.4459,27.707
45.7545,33.6687,27.696
60.5770,58.3714,27.685
-105.0293,-20.9121,27.682
-151.4315,-37.6258,27.674
67.0105,-34.4925,27.668
47.7727,54.8212,27.668
170.8000,-46.0090,27.664
107.3600,-23.9114,27.656
-150.6493,55.9414,27.652
-167.4302,-49.6387,27.620
-172.1541,-14.0445,27.618
169.5996,-49.2718,27.607
-7.5666,0.1446,27.602
124.5042,45.4179,27.589
-136.1426,22.4055,27.577
17.6908,-63.9523,27.555
179.3796,26.9407,27.541
109.1703,3.9773,27.539
30.0130,-42.5294,27.535
173.5085,17.0108,27.527
-177.5982,-16.5755,27.517
-62.7908,-3.8988,27.500
18.3063,-58.8684,27.497
164.6634,34.8693,27.497
48.5358,23.7380,27.494
-144.2980,34.5494,27.489
134.1458,9.6147,27.485
17.7833,-21.6899,27.484
-167.6339,40.0900,27.481
-148.1428,26.2901,27.477
81.4193,-16.3627,27.472
-122.0186,40.6452,27.470
156.3827,-56.8459,27.467
134.6785,36.2409,27.465
-162.6932,16.8455,27.453
-147.5547,25.5697,27.447
85.4667,41.3561,27.445
96.4782,48.9236,27.419
51.4891,-65.3301,27.407
32.9808,40.3040,27.404
53.4848,-54.2639,27.397
0.7904,-51.5058,27.389
83.2233,-39.5833,27.381
168.1911,21.2267,27.349
-164.0510,55.0587,27.342
72.9905,-65.3223,27.333
140.3400,54.6438,27.326
145.0186,39.3082,27.319
42.6317,31.3269,27.309
170.3866,-6.5747,27.306
-122.7525,26.5868,27.303
-82.9193,12.7019,27.296
-131.7691,13.5026,27.289
75.2543,19.6722,27.283
15.9528,16.2756,27.273
-5.7495,-25.5049,27.272
101.9177,-30.3375,27.261
145.9289,-5.2434,27.227
-124.8408,-4.7544,27.223
12.1876,-32.4112,27.223
109.9731,40.1983,27.210
72.4510,2.0766,27.209
63.8327,-34.8454,27.207
122.6894,49.2520,27.194
-122.1765,46.4229,27.172
102.3895,-12.3726,27.168
-51.4862,-32.2168,27.161
86.4389,-37.6990,27.160
-112.9646,-11.6321,27.153
36.5559,-43.4439,27.153
-112.2444,34.1023,27.150
8.4455,-17.6830,27.131
110.9886,-43.6607,27.116
100.6962,35.7860,27.113
177.8573,17.8551,27.109
177.0226,17.2876,27.107
50.9528,68.1251,27.103
-121.7326,51.2540,27.097
106.0907,-7.2070,27.086
16.2558,-53.0026,27.085
-49.0506,-64.8780,27.081
3.8266,70.5732,27.075
55.7343,83.5770,27.058
85.8443,-36.2871,27.056
-93.6822,64.5203,27.050
3.7093,-47.4566,27.049
31.3538,-38.2419,27.047
11.1263,-24.4191,27.035
-128.1946,-21.3171,27.027
121.1964,13.5094,27.023
20.6443,-60.6536,27.022
154.2374,-16.3203,27.015
-21.6734,4.2883,27.011
91.5888,-12.3947,27.010
-178.5353,63.2050,26.979
-159.0634,-63.1916,26.979
100.0359,-59.6333,26.971
-130.0183,3.6805,26.968
-129.9440,40.7459,26.967
-115.2089,45.6288,26.966
-25.3028,-56.8300,26.948
-87.4705,-45.6693,26.933
-78.3730,47.0911,26.930
53.3853,67.3029,26.930
151.2212,75.1816,26.923
-68.5018,10.8156,26.921
21.4216,-44.9756,26.919
10.8623,-34.4088,26.915
-178.4175,51.4895,26.913
-12.2946,-48.3699,26.905
-115.3972,-41.9703,26.876
-24.5267,-36.5283,26.876
-122.1643,-30.3716,26.872
158.6338,49.0381,26.866
86.1247,35.3099,26.865
165.7267,21.0367,26.857
50.1947,-68.8137,26.853
46.8437,16.0549,26.851
-54.2931,-61.7336,26.848
177.2236,41.0426,26.842
141.5397,53.2666,26.839
149.3844,-25.5025,26.825
118.0014,16.7078,26.825
47.4172,-85.5472,26.822
-2.5088,-56.3764,26.822
37.1930,-22.5673,26.821
141.2408,-0.9697,26.820
-7.3380,-9.3595,26.819
38.3968,-56.1730,26.805
-177.4046,-12.8651,26.805
46.8712,67.6411,26.801
53.7870,36.5430,26.799
176.1408,37.1570,26.779
-153.4087,57.3033,26.765
99.9815,22.6475,26.758
-170.3368,46.3621,26.751
-156.3818,26.9381,26.739
-77.6236,34.8217,26.736
61.5409,-39.5620,26.730
99.6647,18.7626,26.728
21.4964,-27.8837,26.726
129.1094,-49.5659,26.724
-153.1832,23.7183,26.722
-155.3846,27.1747,26.720
-153.7282,31.5875,26.709
-85.7313,-45.6195,26.704
147.3284,-14.0717,26.700
-178.8564,8.7591,26.698
-119.4208,5.5183,26.697
-127.5028,-30.2699,26.697
140.8604,-11.3519,26.695
-135.7666,-15.9850,26.694
-83.1211,15.6850,26.694
-176.4000,12.7001,26.693
138.0000,38.0003,26.693
-178.4000,-10.5001,26.693
2.8000,-23.5002,26.693
-128.4782,-0.6968,26.692
38.6620,36.9599,26.690
22.0615,-60.6078,26.674
-149.5181,15.0421,26.669
31.4073,21.5035,26.661
101.0912,19.3991,26.659
172.4446,-67.3862,26.649
118.9274,33.6031,26.641
-176.1391,-44.0847,26.641
-145.7268,-59.5416,26.637
-155.8741,29.6363,26.614
143.3014,67.7077,26.613
7.2815,-7.9113,26.603
-48.3841,-39.6062,26.597
105.5918,11.1563,26.592
84.7368,-11.7408,26.592
103.1348,-47.6929,26.588
-123.2393,68.6011,26.587
122.5813,15.1525,26.571
170.3229,-44.0395,26.567
-176.8389,-56.0811,26.562
-157.1960,-32.3326,26.556
-38.9434,84.6214,26.546
101.7754,67.3302,26.542
-45.3077,-71.9351,26.540
153.7514,-50.8449,26.531
85.4734,-40.2803,26.529
43.9425,-29.4382,26.528
-76.2436,75.6648,26.516
53.4209,64.2093,26.505
-4.5673,-10.2037,26.494
-140.1679,38.8540,26.493
-126.9346,-16.6601,26.487
-79.2639,45.9028,26.485
7.9682,-43.3712,26.470
154.9459,-53.4093,26.467
121.4928,63.2592,26.466
-104.4956,47.0083,26.460
-155.2864,21.2596,26.444
159.7581,-59.5532,26.442
4.7007,-19.2810,26.439
-77.1926,29.3801,26.434
95.9474,-21.1353,26.423
90.0785,-15.7530,26.418
-162.7812,39.1192,26.405
-129.0605,-28.9703,26.396
-8.7492,20.2663,26.392
-167.9017,-27.4963,26.380
122.3793,80.8175,26.379
59.7430,46.8393,26.375
121.3806,32.3108,26.374
-103.3413,-58.0201,26.361
150.3399,-36.0222,26.358
-123.0783,62.2888,26.354
86.7046,-53.4390,26.337
-5.8820,-0.6541,26.336
157.3620,-39.1367,26.316
154.1639,-35.8656,26.309
69.2942,-34.7088,26.306
-178.2451,-5.7795,26.305
119.2762,-4.9127,26.295
122.3487,-24.4847,26.287
16.4830,-29.7159,26.284
-100.8378,19.8538,26.283
-31.9196,-32.9381,26.282
123.2816,4.8675,26.280
30.5792,-72.4371,26.274
32.6978,-73.9022,26.267
62.5545,54.6556,26.262
34.0189,-0.0145,26.259
89.5489,49.5758,26.255
-139.9211,-20.1939,26.251
173.3527,-56.2408,26.250
98.7627,-11.3147,26.242
-20.8074,13.8915,26.241
135.8094,25.8735,26.238
3.3263,-60.1452,26.235
113.4545,37.9748,26.225
-95.7276,11.7675,26.221
49.5801,23.2500,26.215
-149.7350,-36.3401,26.211
86.2496,-71.3623,26.203
72.0821,42.4178,26.187
-82.3491,41.9103,26.186
165.9859,-24.4278,26.182
-172.8042,35.5873,26.157
-179.2672,-9.7068,26.150
119.2938,52.9964,26.146
13.5305,-37.5394,26.136
134.3677,-52.3148,26.129
-127.2493,-55.5537,26.109
-163.6987,-51.7078,26.109
-99.7506,-80.9534,26.104
-163.3091,-12.6459,26.104
85.9126,-17.2363,26.097
-126.6471,50.4106,26.095
174.8631,-10.3819,26.091
-164.5762,-44.4679,26.088
61.0572,53.3378,26.075
-14.5596,-8.9079,26.073
56.8606,4.8428,26.064
153.5221,11.4134,26.060
135.3232,-61.9355,26.058
-31.6164,-55.4945,26.057
116.2096,7.5030,26.052
167.2443,10.3780,26.051
46.8633,-67.4331,26.045
11.0814,-9.8067,26.043
112.7300,31.8888,26.029
-173.9048,-18.8242,26.021
173.3203,-63.5369,26.021
65.6634,-63.9124,26.017
82.8670,44.8991,26.006
160.5538,27.1972,25.992
138.4651,-4.1957,25.983
29.6411,-43.2046,25.981
96.1178,-13.8436,25.980
143.8245,18.5770,25.978
-153.0839,-71.2641,25.960
-145.8290,28.7911,25.955
70.8674,-35.1084,25.954
0.4456,-61.5156,25.936
-65.5537,-12.9179,25.935
114.1100,41.7077,25.928
-138.8097,48.1106,25.914
30.8004,-21.8554,25.907
-169.9240,19.6317,25.898
-14.1927,-45.5622,25.896
-51.3118,-63.5335,25.895
-70.4613,62.7263,25.894
-135.8046,38.0389,25.891
81.7706,-58.7360,25.889
172.0202,-20.0332,25.885
140.9601,-9.0324,25.883
152.9368,48.6548,25.881
144.1233,61.8627,25.877
-140.4504,28.1191,25.871
163.5536,36.8757,25.870
89.5399,-26.1125,25.869
-63.0312,-22.4116,25.867
-179.0272,0.5151,25.846
-150.7047,-65.9484,25.845
179.4049,35.7937,25.842
148.8229,66.2870,25.837
142.5698,17.6425,25.804
-55.4905,-72.5684,25.793
162.0949,65.3082,25.785
6.9057,-51.8814,25.782
-92.8628,55.0883,25.782
158.6805,25.3682,25.781
103.5778,-46.5046,25.771
-152.2564,53.2763,25.764
-21.9531,-66.6334,25.764
-119.8274,-2.6563,25.760
158.4353,-17.9857,25.759
-138.2968,-71.3647,25.757
85.7465,31.4332,25.748
-132.5937,52.5430,25.742
127.0432,42.0363,25.742
-132.6165,-62.2564,25.733
122.0691,-2.0918,25.733
-166.0060,23.6800,25.728
145.8307,3.3487,25.725
73.2612,-39.9147,25.724
-15.2486,0.9271,25.722
-136.0429,-43.5906,25.715
57.4824,64.7741,25.715
-108.1088,44.3884,25.713
-163.3678,25.8337,25.706
-133.9482,-49.0490,25.705
94.5476,-53.1249,25.701
-154.3510,14.1786,25.696
-167.7013,37.4734,25.688
-84.3559,21.4101,25.688
-128.8028,-42.2095,25.685
-170.7450,28.9874,25.680
-123.2754,19.9487,25.679
-119.4466,26.1363,25.677
139.9567,-15.3878,25.673
-80.6514,-42.7852,25.669
141.1604,-12.6519,25.669
-151.7960,-0.4759,25.667
-40.6000,-14.7001,25.666
-121.5000,29.7002,25.666
-174.2000,9.6001,25.666
122.9864,-36.4002,25.665
-122.0997,-22.3910,25.658
76.7080,-53.6201,25.652
-29.1623,-54.8932,25.652
104.2627,-24.9961,25.649
-122.3271,-33.5214,25.648
132.1888,19.8729,25.644
-175.8141,-40.7271,25.642
85.3100,-80.6979,25.640
-29.2067,23.2704,25.630
43.2848,29.1608,25.625
31.1532,-27.7051,25.622
21.7612,11.6540,25.611
176.8991,-59.7808,25.605
-107.5774,39.7525,25.602
87.5729,-17.3018,25.598
-171.9517,42.2251,25.580
155.8319,-40.1820,25.566
-169.1448,41.0801,25.553
94.0137,49.1632,25.548
171.8400,-50.9735,25.545
-136.4832,-5.2880,25.544
113.5338,0.5376,25.536
147.0094,68.0674,25.523
121.2804,43.1070,25.520
-63.7031,-28.0252,25.519
164.3184,-47.9344,25.517
-77.1072,-55.3792,25.516
-118.5218,31.4026,25.509
73.3492,49.7435,25.501
61.4072,53.8381,25.501
36.6396,-9.6397,25.496
-127.7339,35.1193,25.493
167.9357,-82.3563,25.481
139.5062,33.0410,25.479
65.5087,-3.4324,25.474
-152.8728,25.1375,25.473
-2.1875,-54.1852,25.472
-38.1692,-36.5364,25.469
-155.4677,20.1470,25.469
62.0348,47.5292,25.468
-2.8550,-23.9980,25.468
-21.6171,-22.2125,25.467
-62.1109,-73.1436,25.465
178.8769,0.5006,25.461
63.4137,-48.3147,25.453
-154.6655,-1.0326,25.446
119.6156,51.8450,25.443
-1.7636,-4.2932,25.438
-141.2626,54.4312,25.435
179.0562,54.4930,25.434
107.0912,-74.2122,25.430
147.6721,-41.7039,25.430
37.9935,25.3075,25.427
-127.0990,-60.3326,25.419
-23.5513,-35.5063,25.418
-155.6713,46.1003,25.412
134.6472,-47.2881,25.412
45.7440,-67.8720,25.399
-119.9972,-28.5120,25.395
-128.0465,-28.8130,25.391
109.7165,31.1497,25.386
173.7981,54.9416,25.383
12.4867,-46.4683,25.370
-177.7859,-12.3360,25.363
115.2208,11.2805,25.357
-12.0868,-39.9263,25.354
-72.4228,-16.6122,25.350
15.2553,-18.3776,25.345
-62.8061,-16.0204,25.338
-131.9112,-4.5751,25.334
117.4494,48.9554,25.327
-96.9959,35.9098,25.321
-174.1333,-12.3416,25.313
176.0196,70.9989,25.305
-119.5727,37.8159,25.302
18.4611,-60.6196,25.302
-136.3357,-10.7024,25.299
-118.5333,21.6822,25.295
-79.7285,39.7944,25.286
172.6773,71.0847,25.285
158.4023,-59.1907,25.284
156.6890,10.4735,25.283
-24.5931,-56.0807,25.283
-159.2384,55.6820,25.283
19.6490,-56.1851,25.268
153.4451,63.7941,25.253
-34.6867,29.9572,25.251
-178.5037,59.0362,25.250
63.0774,-72.3465,25.244
-86.0933,32.7204,25.239
-116.8183,20.4774,25.230
124.7211,29.8608,25.221
-92.0773,39.1907,25.216
124.4454,-0.9871,25.215
17.2927,-37.4431,25.213
-17.7973,-46.8061,25.191
71.3607,-44.4644,25.181
132.7965,40.8214,25.178
48.7301,15.2623,25.174
179.3461,23.6216,25.170
87.6431,-7.6385,25.165
-162.6310,40.1324,25.160
95.3537,-4.2357,25.160
-135.0059,-28.8860,25.159
8.1427,-1.2366,25.147
39.6614,59.6487,25.143
-102.9078,-59.5647,25.115
146.0585,-64.5182,25.091
74.9519,19.6647,25.075
6.1482,-59.5858,25.068
177.0759,-13.1337,25.058
-164.9776,-3.3014,25.052
48.6544,-34.9246,25.040
-96.6601,59.3062,25.038
138.6463,-34.5385,25.033
-118.8800,9.5693,25.028
79.0041,22.5776,25.024
108.1494,-42.8501,25.017
-151.1414,46.9309,25.013
-174.6822,75.0940,25.008
-150.6702,0.3536,25.000
133.2843,-25.0479,24.999
141.4439,-68.0541,24.997
21.4364,6.1385,24.996
130.8910,9.1715,24.990
167.7976,-59.7595,24.990
7.2764,2.8934,24.980
129.1587,32.9236,24.977
-14.5957,-34.9137,24.976
19.0176,-21.2111,24.966
-97.4439,53.5456,24.965
-154.0797,31.2088,24.963
174.5926,-9.8731,24.956
177.5733,-58.4215,24.952
-66.7665,-13.6279,24.946
-66.0579,-73.2299,24.935
-25.3997,-65.1984,24.922
64.6876,-12.3316,24.918
-120.6014,76.6993,24.914
49.7877,-14.7696,24.909
38.0149,-55.0309,24.909
15.4933,82.9423,24.904
-172.8797,54.5037,24.891
71.0701,-37.0163,24.889
165.2829,-21.5555,24.883
-130.5843,-42.5335,24.882
161.6760,54.0796,24.867
24.3143,-20.3761,24.867
39.7544,-1.6420,24.867
-177.0000,60.8214,24.866
39.7036,-48.8038,24.861
-105.6722,69.4434,24.828
-65.0827,-29.8792,24.823
151.7278,-64.3446,24.823
-146.9523,59.5200,24.820
102.8987,-25.1060,24.808
-67.4616,-12.5649,24.797
-112.8679,39.3472,24.794
69.8413,-30.5427,24.790
-157.2268,50.9917,24.789
66.9582,10.6921,24.780
115.3982,16.9029,24.774
-136.9757,-62.0735,24.772
3.5829,4.1688,24.770
-81.0200,-49.1371,24.768
-21.9975,-37.3766,24.767
95.2359,-11.1974,24.756
7.2510,35.2911,24.755
-67.0053,-65.3153,24.754
101.0876,-37.1713,24.731
49.6865,50.3900,24.721
-137.5694,29.7822,24.719
130.5036,-5.3071,24.717
-167.5215,22.2901,24.707
98.1252,0.4927,24.702
-153.4550,30.1311,24.700
176.4214,40.0723,24.698
-57.1310,70.6185,24.693
52.9936,49.7003,24.690
-122.0268,7.2578,24.686
-98.0394,44.7700,24.685
-79.7908,-41.7003,24.679
-176.1000,20.2001,24.679
64.0188,-0.6011,24.676
-145.7523,-22.6565,24.674
-70.9127,28.1637,24.672
-145.4805,-18.6269,24.670
-125.5754,-19.8212,24.670
-142.2215,-49.9427,24.668
119.9098,56.6143,24.667
96.8113,71.5593,24.667
-122.7370,-47.7758,24.666
-137.8361,71.1587,24.657
31.1394,35.4366,24.650
-49.6436,-66.5965,24.649
0.7927,-13.3189,24.647
62.9367,35.3329,24.643
155.8484,-35.6926,24.642
-167.6000,-64.0993,24.635
-156.1174,-38.4680,24.633
-170.6207,40.1531,24.618
162.1393,12.0368,24.618
1.5656,-40.4126,24.616
-125.7092,-28.3627,24.615
72.8889,32.2090,24.610
-97.7074,12.2684,24.610
98.4304,-21.1978,24.597
-97.0210,32.3028,24.597
0.2074,-52.0342,24.593
31.8372,-27.9057,24.591
-116.4084,-20.5366,24.586
-76.4682,11.5695,24.566
-0.3327,-63.5123,24.564
50.1781,-15.3033,24.556
-112.4745,-63.2858,24.555
-97.0641,14.0205,24.551
157.1360,11.5424,24.548
89.6239,-5.5053,24.548
-122.0904,-46.6649,24.532
-179.9074,-2.1240,24.532
-40.9130,58.8211,24.530
-131.9345,8.7994,24.528
12.8176,-61.5807,24.508
15.2820,-74.7367,24.508
142.4731,31.5151,24.508
-174.8608,-55.4058,24.506
13.8600,13.0545,24.500
77.2499,-4.4641,24.498
144.9906,-62.4352,24.495
-46.0825,59.0849,24.476
-88.1623,45.5718,24.475
4.1578,-56.6311,24.470
15.4029,-30.0680,24.468
-127.3545,55.8554,24.464
-124.3741,-74.0550,24.456
153.7794,29.1696,24.452
88.4465,-16.5989,24.447
169.1993,-23.3615,24.440
77.8894,-16.8938,24.425
-23.1227,40.4388,24.425
30.4727,49.7588,24.423
127.2577,-12.4492,24.421
-131.8986,33.3241,24.417
152.8021,-24.0037,24.416
-91.9217,-38.6020,24.397
128.7875,-45.7605,24.396
36.4286,-70.7463,24.394
161.5958,3.3016,24.393
155.6880,23.0701,24.388
69.1284,-44.3662,24.380
-110.2045,3.9093,24.373
-0.2769,16.8745,24.373
11.6150,-58.6259,24.370
-85.6313,9.7585,24.370
-119.7699,41.9165,24.359
168.1037,23.8664,24.359
13.7543,67.1584,24.349
105.2413,-32.8691,24.339
61.7026,-46.7947,24.333
179.7807,39.1484,24.321
-57.7178,-54.7534,24.315
-117.9386,-5.4036,24.315
82.8999,-9.5927,24.308
-74.1872,-49.5354,24.305
23.5258,-22.1062,24.305
116.9196,35.2161,24.300
107.5489,-87.1367,24.297
-94.8027,12.3077,24.294
5.8309,-15.1376,24.285
50.0026,-35.3445,24.283
108.8532,12.7330,24.258
175.3557,-9.2609,24.255
81.4426,-64.0195,24.251
160.2161,-3.5259,24.250
107.8246,-61.4577,24.211
124.4962,34.6599,24.201
-48.0387,-49.5272,24.194
-161.6055,12.4664,24.194
43.0869,57.2007,24.194
127.0556,-11.4877,24.193
-120.7863,-51.2404,24.191
147.2489,-18.6494,24.187
140.4896,24.2746,24.181
-107.4425,33.7804,24.180
91.6810,-2.3801,24.172
140.5385,30.7730,24.164
-166.7049,70.0702,24.160
125.5662,-12.7852,24.158
162.4937,-19.4136,24.155
-104.4098,-62.4298,24.151
174.1342,-71.8605,24.138
127.0596,-36.7558,24.136
78.9112,-19.0458,24.120
-119.1330,47.0581,24.120
114.6226,-49.5792,24.116
-102.6088,66.7575,24.105
63.5437,79.3646,24.101
6.0258,36.9923,24.099
81.8877,31.3439,24.095
-142.4790,35.2952,24.084
30.3902,-47.7985,24.084
-161.3564,40.5065,24.081
-153.8709,12.0660,24.078
112.7664,-23.3979,24.076
-0.7976,-21.6685,24.072
68.1031,85.5490,24.060
-82.4097,31.5129,24.056
50.3656,12.1694,24.051
33.3294,-45.6678,24.047
-40.4933,59.2589,24.026
76.8551,-7.9808,24.020
163.9688,21.3056,24.011
92.5903,84.9815,24.003
1.7611,-16.9809,24.001
42.2713,-24.2948,23.998
45.5348,65.0182,23.993
-177.0608,36.0657,23.991
123.4491,30.8813,23.985
53.7362,57.8843,23.974
-98.8382,44.8379,23.966
96.0246,-31.8856,23.964
-97.9706,-14.7495,23.952
-172.9084,7.8895,23.949
142.4591,28.6163,23.949
22.7202,-71.8560,23.945
157.5142,61.0968,23.942
97.9861,19.0540,23.931
-58.8087,23.3753,23.929
174.2243,-32.2772,23.927
-71.6678,43.5606,23.915
122.0601,-22.7909,23.908
-130.3812,-16.5654,23.901
-123.6019,25.9000,23.900
159.1004,-44.7630,23.899
137.4160,4.7698,23.897
140.2287,16.6165,23.892
78.9798,5.3155,23.886
40.7016,-29.9422,23.885
107.7627,52.5239,23.871
64.2863,9.3221,23.871
141.4198,50.7233,23.867
-48.7671,-14.5196,23.866
149.5763,47.7712,23.865
-29.5040,-41.7074,23.862
-101.7932,3.2934,23.854
106.3512,25.7775,23.847
135.3898,-33.0065,23.845
116.0224,-14.4985,23.843
-124.7192,26.7950,23.839
43.5706,73.2190,23.835
-91.3651,40.2167,23.834
179.6063,19.5581,23.832
-69.6303,-59.9610,23.832
59.3514,42.1229,23.821
-126.2224,-3.9567,23.812
82.3259,83.2002,23.800
-122.0004,75.8439,23.800
21.5838,-70.0047,23.791
36.5145,-67.1275,23.787
59.9941,-0.9620,23.787
112.9554,35.1823,23.776
150.7049,57.4310,23.762
-175.8162,63.1881,23.752
-96.8757,56.3127,23.739
76.5330,-16.1314,23.734
138.7891,-14.8348,23.730
-149.7101,50.3044,23.724
139.1050,55.0658,23.717
-79.1323,19.6017,23.714
156.9080,-58.7998,23.712
-179.0423,29.7928,23.710
97.7301,9.2572,23.707
-169.3732,53.5172,23.701
-133.6057,76.3059,23.694
-170.2715,-19.0760,23.692
56.8153,9.3534,23.684
-138.6845,-36.5185,23.677
-118.1089,-34.6443,23.676
-64.5293,53.2710,23.675
-141.2817,34.9488,23.671
24.0906,-73.4274,23.669
74.3283,-16.7623,23.663
-174.9577,37.3157,23.663
-132.5930,83.3105,23.657
-150.9091,-34.1611,23.657
-93.9135,-33.6828,23.656
144.7888,-19.3359,23.654
-178.5987,-8.2155,23.652
123.4469,14.2474,23.651
-98.9373,-2.2315,23.650
-178.6000,24.9001,23.649
-78.2890,6.8000,23.649
-71.8653,4.9509,23.649
-124.1905,-7.8060,23.647
-39.1925,-27.8322,23.646
-134.6877,-37.7305,23.645
73.8642,39.3323,23.644
-149.8299,-73.5795,23.631
-120.1028,-41.9062,23.630
124.5991,-32.5067,23.625
103.4926,31.9509,23.623
76.8631,20.5648,23.623
-119.6223,-22.5136,23.620
44.5850,24.6861,23.615
156.0420,-44.5000,23.609
167.8233,4.0416,23.609
146.5526,-44.2069,23.595
-163.6302,-42.3962,23.594
-7.0485,-4.6988,23.594
65.1858,-40.2356,23.582
-145.3378,65.0924,23.581
-126.7407,17.2601,23.576
-7.9402,-15.4597,23.575
-69.3024,-2.9359,23.562
47.4629,-72.8381,23.559
157.2499,-34.1467,23.556
101.7646,-16.8453,23.541
8.3201,-35.0112,23.538
2.1648,-53.6320,23.524
-106.0149,19.4883,23.518
-40.2383,-42.5847,23.514
38.5892,-2.7300,23.508
76.2569,41.2074,23.506
-105.9921,57.5481,23.505
114.0374,16.7850,23.503
-95.6401,48.1874,23.497
71.8539,-81.5070,23.492
-122.5889,42.6775,23.488
-157.2684,-16.9852,23.480
-178.6849,42.2669,23.478
57.9867,-38.9724,23.474
-113.8143,29.2628,23.459
-18.8546,-40.0516,23.458
99.1400,-20.7816,23.457
-127.8689,47.9944,23.455
-179.8678,-4.1132,23.453
169.2108,1.1923,23.439
160.9087,-48.7015,23.436
-22.9702,-54.3354,23.432
92.1112,26.1414,23.428
-66.0545,84.0313,23.427
27.5887,-47.8081,23.426
126.5588,-30.9923,23.426
-24.7083,-24.2113,23.426
-116.4043,9.0237,23.424
141.6809,-66.4330,23.424
138.5694,85.9052,23.421
-126.8186,19.2288,23.416
-166.7231,-7.0999,23.415
-153.0685,4.1797,23.411
6.9407,-18.7145,23.409
83.3627,-70.5960,23.408
-73.4480,56.8282,23.407
40.2532,16.5762,23.393
-175.2213,78.4067,23.392
23.1869,-58.5087,23.391
48.0941,-65.1152,23.389
50.6569,-13.5268,23.389
-167.8965,-25.1427,23.383
-40.2744,-36.0612,23.381
33.4035,18.3693,23.375
-166.4229,-23.7019,23.372
-133.5381,25.8276,23.371
-148.1355,-25.4215,23.370
-104.4479,17.1824,23.365
-113.7787,-39.7741,23.364
78.0559,-59.7215,23.358
38.8138,30.2940,23.353
98.1762,33.4869,23.348
106.6424,31.2575,23.348
75.1184,81.4905,23.345
121.9578,-27.1117,23.341
-124.1607,-47.4567,23.334
111.3948,-0.7354,23.332
69.3999,43.0866,23.314
-109.8675,71.0349,23.308
33.4038,26.1247,23.302
171.0858,-52.7682,23.297
17.6247,-65.8107,23.288
-148.9697,-26.7747,23.276
-145.9561,-1.9551,23.269
-39.9254,50.4732,23.268
108.1574,4.5204,23.263
113.0254,-88.2248,23.261
31.5357,-63.1317,23.250
21.0379,-42.4984,23.248
66.4596,-32.6103,23.242
83.8167,-76.5259,23.237
-130.7608,-50.8894,23.233
84.1367,20.5023,23.221
-114.9295,-37.1782,23.216
118.8677,17.1996,23.206
-45.6686,29.0106,23.194
-149.8254,67.9434,23.188
172.8998,-6.6594,23.176
-141.6749,-17.6970,23.174
84.1079,-66.3428,23.169
-96.1050,76.7434,23.169
-71.1202,-60.6727,23.168
-16.7130,-63.2306,23.164
-119.4848,10.5345,23.157
34.9512,-64.8640,23.156
51.0493,32.1458,23.145
115.9214,19.3039,23.144
62.2668,-40.5089,23.130
111.6194,7.4884,23.128
156.6539,-60.4039,23.120
-153.8015,-63.3828,23.113
-25.4581,-36.8394,23.112
-39.8632,41.7300,23.105
160.1433,-62.5500,23.098
166.7044,38.9589,23.092
-0.0149,-22.4821,23.085
70.0310,-65.2346,23.080
178.2381,-50.9702,23.068
-12.5733,-46.0948,23.067
154.6366,-17.0500,23.051
0.4459,-63.8206,23.047
56.8398,77.6748,23.022
65.4534,-12.1677,23.020
125.7594,53.4504,23.019
117.5677,-35.3373,23.015
35.7310,-1.6578,23.009
-165.8853,50.5273,23.004
-170.7918,30.7828,22.995
131.2591,-39.2370,22.972
76.7148,52.2998,22.966
-115.0580,56.8404,22.964
-95.9159,19.7243,22.963
2.8168,76.3394,22.962
80.7185,18.2273,22.950
65.3983,-40.8759,22.938
-3.1245,-60.0369,22.933
142.0368,-43.9252,22.928
176.5345,50.6542,22.924
-57.4085,-60.4791,22.924
100.7416,-53.2040,22.924
17.0431,59.2473,22.922
107.7531,-15.8508,22.918
8.4625,-11.1112,22.913
37.3259,32.7808,22.912
102.3102,-19.0166,22.909
131.9653,0.5553,22.909
-118.6855,-56.6787,22.904
-68.3701,-58.3907,22.895
69.4233,-50.5966,22.876
106.7313,-12.4429,22.869
-110.6613,4.5269,22.868
28.8323,-44.1132,22.868
31.8360,-44.5537,22.867
110.4592,2.0028,22.865
-0.2465,-13.2256,22.860
-54.2621,-25.4431,22.856
77.8125,-36.3511,22.855
111.6195,-8.3214,22.846
160.1680,-23.0034,22.843
-155.5660,-78.4462,22.842
-101.6733,37.9203,22.831
-142.3471,12.7400,22.822
-157.2227,14.3710,22.805
-139.3450,38.4436,22.804
-83.8337,51.0752,22.791
159.3332,-48.2922,22.784
55.4496,64.5491,22.780
120.5389,-0.8312,22.775
-21.4033,-83.8098,22.774
93.5551,-32.0696,22.758
9.0405,63.8227,22.744
-31.4928,-49.7608,22.731
27.6130,65.1932,22.728
137.4978,6.9585,22.727
94.7203,-54.3153,22.726
-102.3041,2.7404,22.725
176.2857,36.3609,22.724
-25.1236,-46.1019,22.706
-105.5814,61.8582,22.705
-21.9642,-23.4241,22.704
125.7898,17.0602,22.692
176.3107,28.6892,22.690
-102.5441,77.2439,22.668
171.1820,8.3822,22.667
-45.4111,47.0342,22.663
-59.3328,-61.4123,22.663
-160.1579,18.7878,22.662
-124.0574,38.0974,22.662
49.7813,80.0954,22.661
28.7305,-36.2582,22.660
-105.7486,-60.0945,22.651
113.6783,-20.5350,22.651
-178.8913,52.8346,22.644
-143.4751,-24.2346,22.638
10.1185,-32.6170,22.638
-86.3469,-41.1802,22.636
-154.2409,29.5451,22.632
-140.8028,-40.3094,22.630
-107.4789,-55.3549,22.628
70.3293,-38.9346,22.626
-43.9438,-36.9385,22.625
168.5764,-52.5465,22.616
-144.1523,-9.7719,22.615
-96.8666,25.4001,22.615
-173.6000,6.1000,22.615
132.2000,-16.2001,22.615
-171.7000,33.8002,22.615
-168.8000,6.2000,22.615
-172.3000,7.9000,22.615
-73.7763,27.1128,22.613
-128.7943,-49.2360,22.613
-133.9785,-33.5153,22.613
127.9833,30.0165,22.612
-140.7507,-3.6574,22.611
61.1898,70.5670,22.610
-97.2908,20.7607,22.610
120.4718,-37.6603,22.608
-71.5968,-49.8306,22.608
101.7870,-20.8505,22.602
-83.5508,11.8744,22.602
-90.0314,26.5705,22.601
149.5877,60.2526,22.601
177.8007,37.1761,22.596
115.2262,-15.9553,22.582
59.9135,-35.4202,22.576
-130.6462,-62.8726,22.568
-130.9473,-5.3906,22.566
65.5628,36.8748,22.564
113.6551,5.4092,22.561
-117.1408,-52.0772,22.560
30.7290,33.7908,22.559
-175.1928,35.3236,22.559
-144.6057,-37.6150,22.554
-136.0317,45.2845,22.551
107.1502,-50.0010,22.547
126.4645,40.0738,22.546
92.7009,-0.8576,22.545
178.5774,65.8550,22.541
158.2607,33.7145,22.540
-133.8245,-84.4672,22.531
77.7782,-17.2955,22.530
78.9366,0.0329,22.528
-53.8916,84.3635,22.527
-171.7613,-46.2963,22.524
46.4992,-30.3726,22.524
-142.6138,-45.0032,22.522
167.3435,-44.3198,22.514
173.1127,66.4595,22.503
167.1254,-21.5658,22.499
-121.3695,-0.0542,22.498
-107.0315,31.0765,22.496
-154.1758,-1.8360,22.492
-68.1079,-10.9692,22.488
-156.5068,12.4719,22.486
50.8477,-31.6894,22.482
-152.5078,-56.4526,22.472
152.1068,43.2040,22.463
-120.5646,-36.4865,22.449
-78.6382,11.8978,22.446
-0.8598,-14.9875,22.446
-128.8522,33.7009,22.445
-154.9026,14.8007,22.445
2.0163,-7.7028,22.438
-23.9761,-48.4583,22.433
76.5892,-40.4180,22.430
-62.5272,-13.9775,22.429
-80.0170,12.6425,22.428
16.3424,-47.4967,22.419
98.9156,-8.4391,22.414
44.2086,28.7055,22.413
142.9726,68.5827,22.412
124.3312,-40.9639,22.405
61.2628,46.7802,22.397
30.0473,2.1424,22.397
-145.8065,36.0688,22.396
-35.2414,-53.6239,22.391
157.7619,-0.1947,22.391
89.7548,29.0233,22.391
48.6260,-86.3117,22.391
139.1074,53.3361,22.391
63.6664,65.1957,22.381
78.0934,-58.4021,22.379
13.2218,-25.9465,22.355
135.9767,-8.4230,22.338
-35.8517,52.3398,22.337
28.4149,-31.8050,22.336
-166.9648,47.4859,22.331
-89.0177,35.0283,22.329
68.5353,-55.9041,22.324
51.3964,11.1335,22.314
57.5963,5.7287,22.314
-86.5439,37.4772,22.313
-63.9013,78.7890,22.303
179.7883,13.9503,22.298
161.4015,-20.0342,22.293
-99.9252,35.4549,22.277
61.2550,22.3818,22.268
-143.7837,-12.1686,22.262
-62.8828,-54.0269,22.258
-70.9139,77.7749,22.250
-96.9269,18.6415,22.250
165.0929,-37.8956,22.246
-178.5610,22.0727,22.229
176.0042,-9.7434,22.228
-151.0530,5.1071,22.214
99.3761,-3.8266,22.198
54.7042,14.5481,22.198
-127.8592,39.3583,22.190
161.5082,31.1322,22.190
-89.2427,-45.6977,22.186
144.2860,60.1908,22.182
-126.2289,-22.5332,22.181
-121.5599,0.6109,22.178
-131.1488,15.6437,22.177
78.9274,19.2131,22.176
-76.3975,65.3362,22.176
-104.3692,-26.5060,22.167
-129.7267,-48.1902,22.164
-104.6360,63.0927,22.163
-116.2911,-40.1265,22.155
127.7341,-13.9566,22.155
-32.8740,-22.6460,22.152
171.7081,35.8083,22.149
145.4152,55.9833,22.147
-65.2686,-39.9628,22.141
-13.7837,53.0508,22.129
100.1807,-52.8655,22.122
-132.7098,-5.3727,22.110
68.2368,-64.8320,22.108
101.8169,-13.6909,22.108
119.1271,2.6507,22.103
-21.4568,-58.7695,22.099
155.3135,34.2158,22.094
-122.7717,15.7319,22.087
-131.8417,-19.3725,22.083
-45.7180,-60.8200,22.076
66.9112,0.7373,22.073
-147.3286,34.9354,22.070
-170.1419,68.9548,22.054
36.0008,-65.5004,22.042
131.7026,71.6983,22.033
-176.0455,42.4613,22.033
66.5326,33.9691,22.032
17.0454,-63.6601,22.027
-147.1934,-7.7714,22.026
84.4191,46.0403,22.018
169.3833,-5.4171,22.006
-60.9631,-23.8572,22.005
-75.4263,65.9286,22.004
64.1526,-56.5321,21.985
-28.3227,-64.5250,21.980
-49.3076,82.0374,21.979
-132.4347,-47.0305,21.976
-8.6483,-4.4679,21.965
28.6822,13.5589,21.955
51.0033,-28.3155,21.945
-124.2251,-32.2253,21.940
152.7494,12.9184,21.938
-110.2068,15.2712,21.934
-67.7471,-51.5360,21.933
-30.4126,-40.9044,21.930
-167.2349,23.7894,21.926
-26.4010,-36.4143,21.925
-155.6435,20.6053,21.923
-133.7353,48.3107,21.923
75.2959,7.0259,21.903
64.3734,-44.8673,21.901
-135.5237,-54.6601,21.900
116.6755,31.5705,21.895
57.6193,-36.9553,21.894
97.1305,-33.1530,21.892
67.3080,-8.6798,21.888
52.5981,-31.1097,21.887
-173.0035,57.8955,21.886
-64.5477,-71.0664,21.885
-138.3245,39.0926,21.883
30.9659,-80.0676,21.882
123.4744,-37.0386,21.880
-93.6006,79.5231,21.877
168.1048,52.6206,21.870
85.6535,46.9703,21.865
178.0422,14.0368,21.861
49.5061,45.3360,21.860
-131.1119,23.4002,21.858
-128.6953,21.4775,21.857
-151.4144,-24.6756,21.848
-134.0550,47.4228,21.842
50.1380,10.0862,21.831
76.4337,-61.0516,21.829
-90.9425,12.3993,21.829
159.7986,-34.7252,21.827
120.4150,-23.2064,21.826
95.5660,-54.4137,21.819
-10.8084,-38.0049,21.819
144.3827,57.9998,21.819
-9.2100,-48.4729,21.810
-85.5054,-57.6227,21.807
57.7184,-33.7227,21.801
-155.7101,2.9615,21.796
0.5272,-55.4475,21.793
-87.0009,-50.7703,21.792
121.1914,17.3340,21.789
103.2851,-24.6988,21.787
-144.2963,-39.7401,21.781
-137.8528,-63.3762,21.779
-112.5120,26.7458,21.777
-116.7225,32.4412,21.774
79.4544,-56.7045,21.773
-123.8770,-38.8556,21.771
171.8585,39.5922,21.769
135.6380,48.3837,21.766
33.2364,-42.8674,21.757
138.8593,34.0704,21.748
128.6898,80.5658,21.744
148.8215,35.0071,21.743
28.0693,-42.9180,21.734
-129.5287,22.3463,21.733
-172.9597,75.8208,21.713
-114.3182,22.3869,21.710
-77.3803,-60.9695,21.699
-137.2001,-17.6293,21.698
-168.5513,-47.3263,21.694
-36.1882,-54.6782,21.694
-29.7800,-21.0992,21.693
-172.9625,38.9479,21.687
-25.1977,-39.1522,21.676
103.2941,-10.6425,21.675
-92.7432,52.4186,21.664
54.5945,28.6012,21.661
-115.2148,34.2730,21.661
43.3100,7.3406,21.660
74.6418,39.2592,21.658
-157.3336,-25.7323,21.656
-150.4718,-11.9209,21.651
-16.1826,67.5807,21.648
-139.6542,33.5790,21.646
-136.4877,23.1184,21.646
-131.5218,-63.0703,21.646
-128.9391,-56.0549,21.644
-5.8578,-30.0059,21.641
-128.0602,24.0941,21.640
-157.8268,-4.1181,21.635
-106.1817,16.2395,21.635
-156.3114,-3.6463,21.634
40.3268,19.5550,21.634
-176.2396,0.9859,21.631
-104.8908,27.6001,21.631
-130.1933,-0.1514,21.631
-79.8271,9.0127,21.631
-97.9873,37.9948,21.628
9.8449,0.1309,21.627
152.6402,-1.8890,21.623
129.2387,52.1153,21.611
136.1604,-48.2771,21.611
-117.5757,-40.0795,21.610
144.2912,51.5926,21.602
146.1231,81.7018,21.588
-154.4994,15.8540,21.584
42.8063,-10.9441,21.583
-3.4177,-37.2546,21.582
-151.6278,28.3344,21.579
97.9084,-4.3951,21.572
135.0055,51.1172,21.568
167.1279,68.4386,21.547
39.7773,30.2933,21.546
36.0612,-56.7834,21.532
83.6170,-30.7739,21.530
118.0349,34.6770,21.511
122.2663,26.8137,21.505
116.5184,33.9516,21.502
32.4862,-55.8028,21.502
74.8431,78.3762,21.493
-40.7344,-45.4571,21.491
-44.3374,-4.4878,21.490
-85.0049,51.6866,21.487
10.7701,-77.0790,21.486
-90.0324,65.9480,21.481
-163.0058,43.9767,21.479
60.8432,36.3881,21.473
-174.7125,30.0805,21.469
-29.8548,-35.4031,21.460
40.8381,31.4679,21.435
28.2477,-48.7297,21.432
-103.5142,17.9665,21.429
56.9241,-56.3994,21.425
-22.1600,-45.8980,21.420
-63.9652,-10.3017,21.417
113.6697,21.4311,21.416
-128.1776,14.9127,21.416
115.5106,13.9189,21.409
106.0581,-11.8550,21.408
-153.6747,-65.6242,21.405
-146.5508,35.0530,21.402
-141.7673,-29.3061,21.399
10.4076,-22.7956,21.386
81.1118,49.5304,21.367
-83.6769,6.4427,21.362
70.2149,78.5775,21.360
57.1406,80.6407,21.360
-124.7510,48.4747,21.357
127.6253,44.6569,21.351
-167.3699,7.2702,21.350
61.9527,76.8607,21.336
85.5966,27.0714,21.334
-128.5316,-25.5751,21.328
78.8365,-1.0784,21.325
-45.9888,-50.2741,21.318
-114.4855,62.8379,21.317
124.8993,33.9353,21.314
-102.8657,60.8755,21.307
144.9646,54.2084,21.302
112.9333,41.5216,21.300
-39.8531,-78.5523,21.299
96.0970,-29.9606,21.275
-128.2326,-10.0582,21.274
169.3609,11.4177,21.269
-94.3343,38.8567,21.268
43.5637,2.3726,21.261
51.1859,-14.2022,21.259
129.8749,52.0155,21.252
-86.6273,65.2021,21.250
-66.1974,-51.4828,21.242
146.0572,61.4438,21.241
52.6826,-39.0877,21.240
8.6464,-33.1422,21.231
129.1595,-54.0231,21.229
66.8804,-45.0121,21.225
-117.7704,-1.2779,21.209
74.4072,26.2602,21.208
-132.5698,-35.3334,21.199
7.3162,56.0235,21.199
22.7104,-38.9379,21.191
-79.7161,60.9546,21.185
57.1926,-34.8447,21.179
-78.2345,26.3908,21.178
67.9426,-50.6178,21.178
-156.3588,0.5325,21.176
105.7916,61.1236,21.171
-92.1813,67.8561,21.167
-158.7374,-65.4739,21.158
1.9612,21.6665,21.156
100.8533,2.9933,21.148
90.4622,-4.7165,21.128
-90.8672,-42.0956,21.123
109.0803,9.9304,21.107
75.0927,41.7740,21.094
1.3535,7.6793,21.088
102.7557,35.8836,21.084
84.9744,30.9066,21.082
82.2890,-52.3810,21.063
51.6752,-44.8229,21.059
136.1654,-0.9619,21.058
157.7888,66.0299,21.055
16.1144,-55.1706,21.054
-91.8345,13.8111,21.044
22.2062,-24.0809,21.034
-95.8111,47.5319,21.033
26.4904,-49.1376,21.026
-67.9162,-51.2956,21.021
-93.5124,-78.3706,21.020
-26.2922,-41.5271,21.010
-157.5061,-39.7666,21.010
26.3854,-39.9275,20.997
40.5255,13.5742,20.997
72.8457,47.3522,20.990
93.0027,-26.2099,20.986
18.9414,-5.4139,20.980
95.2898,-12.7315,20.972
-161.3995,77.6040,20.960
-127.6213,-25.7882,20.945
-67.5219,-61.1600,20.937
83.4492,41.4088,20.937
168.0733,67.9770,20.936
-111.8160,18.1530,20.934
64.9722,-64.4943,20.930
10.4606,-60.8846,20.923
-179.8987,-60.0710,20.917
132.6283,49.2963,20.910
-29.8251,-47.9367,20.898
67.7262,26.4057,20.897
109.4286,-49.9868,20.889
-61.6534,-72.4204,20.878
158.4427,63.3843,20.875
-141.4157,-49.8090,20.869
88.0490,35.2523,20.854
-150.2862,-53.4013,20.850
-4.9975,-21.5953,20.847
-156.6987,47.4831,20.843
41.8981,35.9617,20.842
34.4333,-68.6595,20.842
153.6145,73.5790,20.837
-145.8794,-21.2353,20.834
-135.6740,49.0411,20.833
-128.8418,-62.9843,20.831
172.3280,38.6090,20.828
-156.1250,71.9697,20.824
-113.0565,15.9256,20.823
128.4757,-89.6652,20.816
76.6835,43.5859,20.814
136.2755,56.7645,20.806
-158.3619,22.3978,20.801
121.5844,50.0432,20.786
-82.0525,13.1236,20.786
-100.6003,34.4777,20.785
-83.8354,4.3361,20.780
33.2429,-33.9655,20.779
-174.6585,8.2989,20.774
-27.5658,-55.3117,20.769
28.0353,-45.6436,20.755
21.4388,-40.9279,20.746
123.2970,49.7500,20.739
-69.5812,-53.9593,20.727
91.2503,9.5654,20.727
158.7089,2.3354,20.726
-168.4637,69.7278,20.725
74.8525,-41.4364,20.714
16.1338,-20.6555,20.711
9.4268,-13.2383,20.707
126.9257,57.6450,20.706
174.1451,39.1656,20.698
74.8413,-51.1244,20.695
130.1170,-39.0039,20.692
-130.2302,27.3711,20.686
-114.3778,-65.3188,20.679
-21.7377,-44.0972,20.672
-1.6675,-49.4293,20.670
-83.1441,-53.4830,20.668
-141.7780,68.1634,20.667
-1.0509,-31.0470,20.664
-141.1555,22.2701,20.661
-114.3662,59.2732,20.661
135.4859,-46.4480,20.661
124.8332,1.2341,20.650
-75.9935,-71.2071,20.647
51.9296,-28.6146,20.642
156.5263,59.6261,20.632
-124.7180,32.3519,20.632
-138.0742,40.8139,20.626
28.5137,-4.7045,20.624
-148.3096,29.9228,20.621
-107.8542,36.9882,20.621
-137.2939,79.5032,20.616
66.6380,-49.8296,20.615
-104.2997,50.9094,20.612
-129.7303,-50.3094,20.612
-93.5899,11.9899,20.608
-149.1295,-8.8349,20.605
-74.7060,-42.0396,20.602
142.7154,-55.0719,20.601
-148.0000,-7.5195,20.601
-121.6997,24.6941,20.601
-114.6650,28.6518,20.598
-142.8873,15.3155,20.596
143.4888,-18.7359,20.596
-125.1419,-1.2892,20.592
-172.1000,13.5000,20.592
2.0000,-35.8001,20.592
-76.7000,6.8000,20.592
-83.3000,25.2001,20.592
-141.1268,-10.1817,20.586
176.3338,-39.5813,20.585
171.0820,11.2490,20.574
-171.0691,-40.3116,20.560
57.1021,23.9606,20.559
102.4172,-57.0821,20.557
60.0192,-31.5576,20.548
-159.5765,-48.6257,20.546
91.8077,-31.5945,20.539
-47.8050,-31.6339,20.538
-41.7216,-70.6338,20.537
-114.7685,17.2934,20.535
174.7636,-48.0885,20.533
-21.5976,-34.8020,20.531
-161.1522,19.9036,20.528
-139.0129,4.6195,20.498
170.2922,47.3491,20.487
66.4094,-4.0534,20.486
17.1476,15.0394,20.468
74.9632,26.2506,20.463
4.9885,-52.9347,20.459
-59.1839,-47.0838,20.450
-146.4896,-6.4178,20.447
-155.2899,48.2949,20.446
-118.6795,-20.9310,20.443
129.1386,56.9986,20.436
137.0684,52.8076,20.429
-51.1357,87.9583,20.427
60.2231,-29.4735,20.417
-86.1729,52.0023,20.393
-88.5796,-50.1308,20.393
-141.6931,-10.7408,20.392
2.1741,7.9654,20.386
51.6940,-14.8657,20.385
-137.2172,34.6428,20.383
34.3755,-43.1498,20.383
136.4639,-7.9745,20.364
-168.9689,21.1221,20.363
64.9360,70.0900,20.357
-124.8901,35.6162,20.352
45.3423,-46.4721,20.351
-63.8059,-24.5061,20.346
83.7690,9.9128,20.338
-151.9005,20.1064,20.333
-73.7929,67.1570,20.329
42.0879,36.7502,20.325
-67.7021,31.8463,20.325
50.0486,66.4283,20.318
125.2711,-64.0343,20.313
167.4105,50.7093,20.312
130.1597,53.7422,20.310
-85.2137,0.0742,20.303
-127.2050,-56.1925,20.285
58.3826,-42.8610,20.284
78.5020,4.2169,20.280
151.1540,56.7805,20.265
-8.4585,-33.9107,20.262
-147.3852,-15.1391,20.258
151.9305,63.0088,20.255
-134.2742,45.8975,20.251
135.6088,54.6405,20.250
-100.0838,38.9091,20.246
-177.3008,-18.0645,20.246
1.9052,-43.3855,20.246
-165.2210,37.2175,20.244
95.8738,-68.6459,20.231
22.7011,-54.3063,20.224
-85.9329,34.7624,20.223
-60.3634,-19.6990,20.221
100.9984,-16.8609,20.219
-177.1693,-79.7043,20.218
117.5566,-19.4306,20.215
-22.1768,-44.6889,20.215
167.5219,65.9043,20.210
-173.3505,37.7140,20.209
110.3973,35.6314,20.206
45.0269,36.6599,20.187
-46.0213,-74.3148,20.184
178.7800,52.4325,20.176
-50.4434,-19.1335,20.170
116.8590,-1.1539,20.161
-75.3859,-74.3530,20.160
-48.5701,-32.2250,20.159
91.0989,4.6213,20.156
-36.3587,-34.3528,20.152
101.4740,-38.0966,20.136
50.7412,-34.7797,20.136
-83.0304,52.5248,20.135
-78.4672,54.8384,20.134
-166.4429,-17.4012,20.134
0.4848,-84.6768,20.132
16.2675,-50.8799,20.126
147.0076,-32.5344,20.109
-132.6077,36.9520,20.097
-162.8962,44.6308,20.097
-119.2065,11.7259,20.090
149.2355,-60.6033,20.071
107.8406,-1.9197,20.060
-31.7704,-53.0214,20.054
-105.5984,-71.7028,20.051
157.4154,1.5393,20.049
155.7477,-51.2658,20.047
-20.6179,40.3432,20.042
-107.7062,68.3749,20.040
-88.1923,36.9217,20.038
84.1708,-20.7058,20.037
-10.4324,-35.6082,20.032
15.9386,-57.1912,20.030
-60.6641,-61.2006,20.028
-67.4327,-38.7223,20.027
117.3931,-19.7915,20.026
46.9177,-45.7433,20.025
114.2181,52.8967,20.022
37.8045,-32.1436,20.018
64.6970,-45.2872,20.004
53.2904,-56.6956,20.003
150.9384,3.3831,19.997
-138.0283,12.0569,19.997
178.1798,17.2607,19.989
83.2492,29.4775,19.980
-158.4566,-0.5165,19.957
121.5583,-20.3960,19.950
166.9939,-5.4725,19.934
-107.7292,33.4889,19.928
3.1305,-43.4775,19.927
-90.8516,-54.4057,19.920
-104.7362,-13.3729,19.916
14.7671,-25.1609,19.914
-124.6530,25.9946,19.912
-7.8030,-48.0308,19.896
-139.1134,-19.6404,19.891
46.3413,-18.9253,19.888
160.2913,24.1872,19.857
-132.7315,-6.3192,19.856
-141.9765,-25.8904,19.831
-88.2793,-51.8556,19.829
119.9088,-21.6872,19.814
119.9355,16.5147,19.813
105.1330,9.9991,19.805
97.5974,-46.2384,19.795
68.8843,-54.7240,19.786
-139.2892,-15.3137,19.784
-159.4122,13.0416,19.783
35.9346,-28.6626,19.777
73.1081,-19.0198,19.774
-102.7504,23.0126,19.764
-11.0105,-34.0154,19.758
55.9898,-58.2014,19.752
-157.2522,18.8991,19.751
-162.2921,-32.6374,19.750
142.7888,-39.8037,19.743
-20.6092,20.5630,19.739
89.3247,42.1316,19.738
-170.7253,-9.2707,19.737
39.2398,-26.8241,19.732
100.0427,-20.7301,19.732
176.6791,25.9486,19.725
-147.8615,-50.9782,19.722
-164.2084,-2.0206,19.719
11.5198,-54.6865,19.715
-165.5477,43.1970,19.700
12.5609,-53.2067,19.699
-93.5104,56.3826,19.689
12.7382,9.0620,19.683
38.5528,-12.3289,19.679
-150.8866,-24.0243,19.675
-118.9062,28.7498,19.673
65.6879,9.4260,19.669
-120.7043,5.4897,19.666
87.8084,-9.5616,19.664
-128.3763,-47.8995,19.661
-17.6060,-39.7759,19.659
10.2843,-57.9750,19.653
35.5697,-58.5596,19.641
-162.5870,11.8978,19.637
154.5060,-5.3701,19.631
-116.3900,51.2867,19.631
-95.1858,18.3463,19.625
-159.9131,-7.9154,19.622
10.4663,-28.1276,19.618
119.5875,48.2649,19.616
-169.7247,-48.1183,19.616
99.7691,-3.1670,19.613
-97.9013,10.8203,19.606
123.9709,9.7437,19.596
-88.0255,44.0649,19.593
149.5501,-9.0920,19.589
36.3878,-47.5856,19.585
119.8831,-6.2643,19.583
147.0196,12.2529,19.573
128.0596,8.6125,19.571
-16.2625,-46.0582,19.559
66.7414,42.8275,19.555
120.4889,39.3376,19.553
49.8016,4.4369,19.544
-141.8133,-13.0429,19.542
-96.3266,33.7806,19.538
149.9304,-21.8532,19.526
-132.1827,-28.3007,19.523
145.5399,49.3340,19.521
-147.1267,-50.1002,19.518
79.4430,-33.1283,19.508
-179.6708,-8.7760,19.508
-141.7450,-5.1469,19.507
-89.8153,44.2013,19.507
102.0788,-31.0424,19.505
-158.8593,-52.0209,19.504
155.4224,31.5924,19.500
-165.6764,-11.6305,19.496
-2.2844,-25.4535,19.492
71.7878,-33.0921,19.489
-128.0879,-46.2731,19.478
-140.1608,26.0753,19.475
66.5607,11.9703,19.471
123.2553,-20.8133,19.470
-148.3963,-13.0998,19.469
-137.1249,-22.2118,19.464
49.2783,-33.4850,19.456
-137.1889,7.7265,19.452
90.7632,34.9366,19.444
137.1301,36.9149,19.424
-103.2221,-27.6881,19.424
52.7017,-33.4238,19.423
58.3871,-51.7375,19.418
-162.9050,38.1624,19.415
-76.5064,16.0196,19.414
179.3147,29.5123,19.412
33.3593,-59.4434,19.410
126.1337,14.4331,19.410
80.3961,-9.2068,19.403
-163.4306,35.2336,19.391
38.6791,-48.2469,19.389
-43.0583,-41.6875,19.380
177.0721,38.5857,19.373
-103.6689,27.0461,19.372
-81.5359,8.9078,19.371
69.7037,29.6785,19.360
-112.0372,9.8463,19.360
142.5206,22.4146,19.353
-118.1240,21.1529,19.351
-94.8593,13.9113,19.350
-119.2781,4.3438,19.348
-142.9906,28.0870,19.338
-120.3064,11.3774,19.331
73.2732,47.8672,19.324
105.3326,-8.9720,19.323
53.0975,-59.2629,19.323
-137.8235,-11.4130,19.313
-138.4090,23.5323,19.312
20.1226,10.5303,19.311
95.3763,-2.6397,19.309
-120.3460,12.9654,19.308
178.9341,14.9075,19.308
-91.6845,15.0780,19.306
138.4922,29.6842,19.304
-134.7632,0.9680,19.304
61.0116,-18.0864,19.303
-45.8355,-26.1413,19.302
173.4069,-21.7522,19.301
3.5995,-14.2121,19.295
-147.0619,24.3856,19.292
-163.1710,15.2778,19.290
5.6947,-14.4171,19.287
23.7494,-25.8393,19.283
-152.9417,27.8117,19.282
-126.8913,17.8609,19.276
95.2967,40.0225,19.273
-175.9916,41.8101,19.272
65.7783,-15.8754,19.263
-157.7916,-19.8544,19.260
89.8562,54.0805,19.256
-133.0019,23.5557,19.254
-142.7781,-24.5971,19.251
124.0196,31.4206,19.240
-109.4553,15.1731,19.240
-164.4720,-46.2651,19.232
164.2366,35.7927,19.231
133.9924,-48.6724,19.231
-108.9345,21.8786,19.231
-141.2915,-25.9705,19.230
106.5979,45.4472,19.228
131.3131,46.5804,19.223
153.9974,9.8730,19.208
30.7854,-47.1069,19.207
-116.9245,37.6937,19.206
53.3596,18.2528,19.205
171.7184,-49.8515,19.201
-166.3300,-48.0004,19.194
-126.2911,8.6558,19.193
-127.6756,-11.4059,19.180
157.9625,-38.1431,19.168
-149.7773,-33.2496,19.161
-79.7794,33.5336,19.147
16.9885,-18.5675,19.147
117.9999,-11.1381,19.146
11.8261,-39.3154,19.144
20.9424,-44.3131,19.144
-57.1308,-10.9332,19.141
-175.9731,34.6626,19.140
-140.5960,-25.3794,19.125
-166.5581,39.8189,19.124
-28.6987,-53.5015,19.119
88.7985,49.5363,19.117
-150.2445,-54.7777,19.117
-158.4698,6.1121,19.116
-158.1654,19.2126,19.112
82.9077,22.4521,19.111
-129.6583,-34.2679,19.106
-135.1727,-49.0692,19.092
150.3755,12.0459,19.082
-132.1741,-40.2443,19.057
-135.7868,27.3931,19.056
91.2495,-18.6802,19.051
134.7433,44.8774,19.043
128.5036,-48.3636,19.038
6.9817,-57.2301,19.035
45.9652,-26.0587,19.034
-134.6663,12.9172,19.031
-0.7477,-36.1842,19.025
140.9940,46.6110,19.013
-104.1728,49.4765,19.013
-155.5599,-50.7149,19.013
-177.0617,42.5904,19.010
107.9126,-17.3216,19.008
49.9892,-45.7132,19.007
-110.3186,34.4256,19.005
-176.2070,-57.3411,19.004
-90.6558,-45.0065,18.996
88.7529,52.3801,18.995
141.0680,14.5797,18.994
-122.2303,22.8894,18.989
113.2438,55.3869,18.989
-88.1237,-55.9496,18.980
119.4340,25.8201,18.979
-149.8959,-11.5824,18.979
177.7736,34.5808,18.973
-143.9368,-55.2596,18.972
-156.4930,-48.5650,18.969
-136.0359,41.7844,18.965
-87.3507,10.2883,18.962
130.0147,25.2247,18.959
-74.5069,3.9434,18.958
62.7878,-57.7041,18.957
2.0836,-15.3324,18.955
-78.8998,-56.3946,18.954
144.9194,55.1123,18.953
-155.2010,42.9347,18.949
-100.5715,15.1196,18.945
-150.8285,-19.3902,18.941
145.4285,-32.2700,18.937
41.7622,-31.4052,18.931
-151.0510,29.6040,18.930
124.4983,1.4608,18.929
151.6070,15.4080,18.927
-153.1431,-29.4927,18.912
137.5669,12.4584,18.910
24.2699,-59.1765,18.909
57.9389,32.9784,18.908
-168.3559,11.6177,18.893
-137.5093,-41.6549,18.893
179.1427,37.2534,18.877
-167.7404,33.2117,18.876
-141.0356,-18.7034,18.874
175.2373,26.6960,18.871
-35.4974,58.8861,18.871
49.8396,4.0718,18.861
-135.2915,-16.5877,18.858
7.2715,-36.3629,18.856
136.7075,-34.5823,18.851
-146.9459,8.3346,18.844
-150.8021,-14.7679,18.844
49.8928,-55.3148,18.837
143.9011,-20.4799,18.837
-156.2544,-49.9187,18.835
-137.1478,-21.5864,18.833
-89.6952,50.6040,18.828
-165.9206,20.3848,18.824
-137.3760,33.8750,18.823
-158.1549,21.2752,18.822
-123.5528,16.5375,18.820
156.6876,-2.2085,18.816
-134.7027,-0.7223,18.816
103.0818,-17.9158,18.806
80.7278,-6.2233,18.802
-163.8151,39.5134,18.796
62.7882,-39.3439,18.796
-119.4728,-43.9034,18.794
-33.0755,-11.3924,18.789
113.9311,11.4867,18.788
95.5895,-30.5608,18.787
49.9130,18.7376,18.768
12.9081,-19.0287,18.766
-91.3384,25.8057,18.756
156.5857,-21.3696,18.754
-89.6553,-52.0718,18.754
-150.0378,5.3497,18.749
43.1732,-30.7271,18.748
-51.8081,-54.5993,18.743
73.1281,-19.5062,18.743
50.5249,28.9195,18.741
-156.0044,24.0236,18.738
102.1761,6.3978,18.734
90.3059,-26.9691,18.719
-152.7776,19.0419,18.716
-158.3021,-15.1380,18.709
121.4059,16.4573,18.706
168.6710,-54.5959,18.701
-115.8991,20.6272,18.693
-161.8202,31.1493,18.692
-74.6358,58.1318,18.687
21.9571,-55.6408,18.684
115.5945,28.7009,18.682
-161.8209,-24.6680,18.682
125.7263,30.5043,18.675
171.2310,-4.6122,18.672
55.7947,40.7022,18.665
-145.9826,14.0009,18.656
-116.2743,7.4705,18.654
-141.1096,-51.4537,18.649
-46.1559,-57.7714,18.648
-163.1600,-31.6780,18.643
-131.6325,16.0270,18.641
13.0724,-16.1981,18.641
-143.1010,-55.0612,18.641
-89.6869,-52.0620,18.638
114.6327,17.8640,18.635
64.0740,-2.1631,18.635
-131.9448,-48.3400,18.628
-114.5858,-40.9316,18.624
-151.9004,24.1702,18.617
-159.2866,1.9868,18.610
92.9684,-45.0030,18.608
73.0180,-59.4281,18.604
-130.5955,55.2259,18.601
171.6121,-30.4604,18.600
12.8689,-52.4003,18.595
-97.7990,-30.0531,18.587
-160.0501,56.5991,18.579
-156.5255,13.0417,18.575
-90.2601,54.8322,18.573
71.9021,2.8702,18.570
71.0013,-37.3179,18.569
82.7684,36.5288,18.569
141.5740,35.7198,18.565
-161.4748,-43.7518,18.560
-152.6848,29.1198,18.553
90.9980,-24.1794,18.552
-165.9211,30.0331,18.546
-100.2564,45.8137,18.544
78.0303,-59.1150,18.539
67.1815,35.3880,18.531
120.6834,0.2291,18.531
-162.3309,-28.7981,18.527
-129.7297,-18.6187,18.526
-176.0051,44.7562,18.522
-128.3495,-43.4169,18.521
-164.9560,-18.2680,18.521
-148.1491,-17.9385,18.518
136.3301,33.4028,18.518
156.1428,12.9005,18.517
-63.0771,-39.9887,18.516
-122.2012,12.4422,18.516
-115.3522,-41.0799,18.511
-173.2245,50.4104,18.509
-86.5685,-51.2202,18.498
-155.1499,-14.3620,18.498
124.9632,-8.4093,18.496
-22.1772,-39.0852,18.493
167.7351,22.8280,18.491
91.5233,-6.4302,18.488
154.2489,-43.5727,18.484
-160.3444,-44.0109,18.473
-141.7693,-22.8954,18.470
-123.3942,2.1531,18.469
-140.2154,-24.2251,18.468
157.1011,12.7585,18.468
63.7543,-43.5350,18.467
68.3273,9.8528,18.465
-133.8224,44.6786,18.464
-129.0801,15.5119,18.459
19.0683,-34.7471,18.456
-150.8161,-3.6151,18.455
4.1430,-39.4765,18.453
-71.3011,-59.8579,18.450
-167.8932,-18.0044,18.448
-174.0284,17.3181,18.447
-153.4645,-10.4001,18.444
8.5108,-32.2298,18.442
-168.8612,-5.2873,18.434
-111.1203,4.9935,18.433
-83.5291,41.4399,18.431
92.3135,25.7418,18.428
70.8221,41.6773,18.426
-124.7761,-6.9476,18.425
135.2275,52.2833,18.425
-146.4213,-7.8084,18.425
-53.5358,-19.6861,18.421
-95.8427,29.4321,18.421
119.0015,31.3342,18.421
137.3712,-54.1865,18.414
96.7667,-6.4521,18.406
139.8240,-14.5392,18.406
-40.4825,-54.9238,18.402
158.8197,31.0589,18.401
-148.1649,22.7141,18.386
-157.2878,33.7712,18.381
-72.8919,-50.1751,18.381
113.6279,43.1737,18.378
-165.8296,-19.8078,18.358
15.7956,-2.4151,18.355
-94.1663,22.4386,18.345
-125.1348,-38.5189,18.344
15.4197,-0.8230,18.341
161.4487,21.1481,18.327
-127.7980,-6.7969,18.326
104.3507,6.2485,18.322
-85.8421,-53.8334,18.320
-105.4715,33.2962,18.314
48.1519,18.2765,18.310
-171.1019,-49.9941,18.307
-123.8032,31.5258,18.302
-85.7887,14.6464,18.301
78.4024,34.8437,18.297
-2.4370,6.7044,18.294
177.6591,25.0910,18.286
-131.3281,-48.2595,18.285
-112.9186,36.9561,18.284
54.8169,-51.6583,18.283
51.5834,-13.4292,18.282
108.8134,-7.0459,18.275
109.9646,10.5298,18.272
-133.8928,-3.7362,18.272
-133.4674,5.8081,18.269
-142.5807,10.4249,18.267
-131.0081,-44.0815,18.263
-96.9629,19.4400,18.262
101.4410,8.4805,18.262
-164.9629,-29.3001,18.256
-150.5980,-45.9072,18.255
-106.3174,-58.7485,18.252
84.3242,31.0243,18.251
-173.1631,51.1658,18.248
-29.2132,-1.4653,18.245
101.2854,42.3467,18.244
-59.4130,-38.3803,18.241
-109.1973,45.8521,18.241
25.0109,-28.6301,18.240
-161.2095,-14.9191,18.239
16.7269,-21.1769,18.231
85.9170,-50.6101,18.229
128.0139,32.4021,18.227
55.4462,43.0942,18.226
167.6081,-46.2954,18.225
12.7289,-37.3180,18.225
76.4865,3.3464,18.222
120.0265,34.7969,18.221
174.0318,-7.8040,18.219
-166.0294,12.3324,18.218
-173.4556,29.6701,18.215
-125.3075,11.8606,18.213
106.1785,-8.4228,18.211
-60.0921,-35.6611,18.211
156.8680,38.6852,18.208
-117.7455,28.1277,18.205
39.4940,-22.2998,18.202
96.7963,40.7680,18.201
69.4176,-42.5643,18.195
-140.6472,35.5858,18.194
75.5650,-1.7985,18.193
-173.5320,-47.9692,18.191
108.8677,-11.0588,18.189
68.6956,-43.1182,18.189
123.2547,26.4016,18.182
0.1609,-46.9991,18.181
-76.6206,36.4885,18.179
49.3676,21.9643,18.178
80.0203,42.3828,18.177
82.8828,23.5475,18.169
-129.2010,-49.7403,18.167
47.0190,-25.4390,18.166
66.4063,-9.8137,18.164
32.4636,26.8633,18.156
-117.8509,-47.0053,18.153
-120.1878,5.7805,18.146
130.1978,39.6765,18.145
149.2329,16.3504,18.144
-94.3396,18.2013,18.138
-175.0177,24.2630,18.133
177.9176,36.1644,18.131
166.8628,-38.9372,18.128
124.9885,-37.2726,18.121
-90.2261,18.1693,18.120
143.1107,-52.2494,18.119
-0.5466,-43.8043,18.119
-135.8571,15.1704,18.118
124.3091,-23.9788,18.117
-146.9590,-20.4002,18.113
139.9037,-39.1108,18.111
-121.3157,15.7922,18.109
93.8021,-33.4001,18.107
-148.2271,-14.3412,18.106
139.3805,37.1804,18.105
-4.6268,-27.7300,18.103
74.3870,41.4352,18.102
-147.3314,-22.2245,18.102
80.9665,-2.1192,18.101
-147.6369,15.5166,18.089
-161.8362,-10.2925,18.084
122.7008,-45.9175,18.078
97.6434,6.3200,18.078
171.1157,43.9519,18.077
57.5446,9.9672,18.073
157.9299,11.1560,18.069
87.9168,-15.3053,18.065
-152.8489,17.8348,18.064
68.9174,26.7289,18.056
111.8774,-4.6488,18.055
25.1664,-38.9467,18.053
155.2827,-15.9007,18.051
177.5583,-13.6247,18.040
-120.2654,11.8442,18.039
-32.5153,3.2175,18.038
142.0044,39.4831,18.037
92.0963,-44.4327,18.034
175.4052,-32.2349,18.033
143.1917,59.5036,18.033
-120.4168,-43.1984,18.032
32.0193,-58.5857,18.029
-145.7149,-10.4862,18.025
-177.9512,-55.0425,18.022
110.4128,37.4145,18.021
-113.3902,-49.5579,18.019
56.7593,-41.8039,18.016
62.4418,-43.9883,18.015
-178.5865,53.4433,18.015
-179.4372,36.0668,18.014
77.8359,-37.5279,18.012
109.1313,32.1776,18.012
18.6348,-52.4225,18.007
19.6004,-21.8328,18.000
-152.7906,17.1655,17.999
6.2124,-45.4402,17.998
-155.2628,4.8196,17.997
-176.2558,57.3283,17.996
115.8672,47.9641,17.995
-136.0375,-23.7739,17.994
-178.4873,-52.0086,17.992
121.0556,-53.4349,17.990
27.4754,-18.8763,17.989
172.8136,-26.4265,17.987
-172.8039,42.5846,17.987
126.8682,43.2169,17.987
150.1883,59.2935,17.965
-62.1910,-41.0018,17.941
4.1975,-16.7603,17.932
-118.6851,32.1742,17.928
169.6280,0.1109,17.927
17.5905,-41.0517,17.924
141.6550,33.4164,17.922
163.0148,-6.6307,17.921
-168.1980,-6.0675,17.914
47.5812,-54.5111,17.912
174.5490,-0.0470,17.912
16.1225,-24.0985,17.889
-148.5618,-26.1853,17.883
66.9960,-7.0166,17.883
176.6926,34.9119,17.879
127.0036,9.0604,17.878
-34.2925,27.6232,17.869
-171.2740,44.4565,17.868
-92.6113,49.6871,17.865
-110.2056,19.6188,17.860
-93.4632,13.9759,17.852
-163.0490,12.5320,17.847
156.2777,53.5790,17.845
-151.1697,38.6079,17.845
152.3470,0.2760,17.837
132.6747,47.9080,17.837
175.8904,-7.3468,17.836
-144.2597,37.9265,17.834
22.1088,-9.3684,17.832
-170.7969,6.0734,17.831
120.5902,43.2968,17.830
35.3604,4.1739,17.827
26.1341,-47.3306,17.824
-158.8341,27.4380,17.822
65.8614,-16.7756,17.819
-74.5907,-44.0694,17.816
-93.6391,-44.5196,17.815
103.2865,-10.3613,17.813
9.1471,-29.7427,17.806
-132.0548,-50.4678,17.801
-131.5902,-23.2199,17.799
120.8703,-4.5933,17.799
-150.7314,31.1587,17.787
145.5569,6.4675,17.786
71.3188,-47.0522,17.785
164.6761,-58.7809,17.784
-175.8071,-0.0393,17.784
121.8251,-30.0047,17.783
-88.1946,35.7239,17.780
124.0055,-32.2347,17.777
-161.8699,57.4441,17.776
-117.6863,-48.6356,17.771
120.5361,35.1459,17.767
115.7614,-57.3904,17.767
118.6217,36.2069,17.765
-120.4968,-38.1381,17.760
-88.4924,19.2870,17.760
107.1881,12.4849,17.758
137.6602,23.6150,17.756
68.2805,-35.7555,17.756
-150.3262,-5.0682,17.755
153.0178,7.5004,17.753
-98.8666,5.9566,17.745
101.0765,-23.8747,17.744
126.1800,19.6101,17.741
-126.5488,-33.7219,17.740
144.8135,53.5058,17.738
-159.0169,21.2782,17.736
82.1862,-6.8945,17.733
-167.4731,6.4838,17.729
-92.5747,-4.8995,17.728
-148.9771,-41.2235,17.721
-170.3200,-20.7459,17.718
104.9090,17.6202,17.714
81.2873,26.7060,17.710
63.1763,3.4408,17.709
-168.0398,-58.4584,17.707
22.9884,-22.3164,17.705
109.8902,-7.5803,17.704
-159.4833,1.1330,17.702
-163.5347,-26.1910,17.701
-152.1537,28.7556,17.699
-174.8476,-52.2177,17.699
-154.8235,35.7873,17.699
49.0406,5.4043,17.698
66.8107,-43.2654,17.696
124.8747,10.1566,17.692
-6.5343,-54.1238,17.692
27.8683,-53.5104,17.686
-173.9071,52.2995,17.685
137.0638,10.5914,17.684
171.7126,-6.5964,17.684
-47.5402,-37.7813,17.679
59.7540,-41.1350,17.677
-135.4595,-28.3649,17.676
-152.6516,24.8617,17.675
117.3548,51.1800,17.671
-168.2067,-20.6297,17.667
50.7357,12.8624,17.664
95.5510,43.3434,17.664
23.0611,-38.5144,17.657
-128.4859,-8.8622,17.654
160.6677,-16.4176,17.654
10.8389,-12.7948,17.653
-176.1923,25.1039,17.653
73.9641,-32.2270,17.650
-103.0483,24.0431,17.647
131.3172,-48.5657,17.646
110.3291,38.3254,17.644
76.5100,-2.5969,17.642
-132.2452,11.3137,17.642
84.1822,-10.2240,17.640
-83.9252,-58.0517,17.640
-152.4006,-19.7099,17.638
-158.0649,2.4971,17.631
-65.3489,-32.0925,17.630
-54.1639,-26.1315,17.630
171.1531,59.2517,17.627
94.5712,36.0117,17.624
140.8579,25.7814,17.623
56.5249,41.6949,17.622
111.0424,41.9835,17.620
162.0697,19.1344,17.620
48.0081,50.5480,17.613
-130.5109,-41.4051,17.612
3.4303,-49.5903,17.606
104.4864,-38.0682,17.603
152.8840,45.7894,17.599
95.7331,-13.3269,17.590
-44.4636,-10.7636,17.588
-174.4146,-18.6344,17.586
118.8093,32.1511,17.585
90.7197,-11.3846,17.576
128.8488,29.6290,17.576
-146.9186,22.5672,17.571
63.4173,20.9022,17.571
-46.5655,21.6656,17.570
106.1324,11.0077,17.570
1.3873,-16.1185,17.569
-123.3258,35.8053,17.568
-89.7325,19.4975,17.555
99.3947,-13.8602,17.553
175.0632,-21.0442,17.550
91.0749,-45.2070,17.549
125.0174,22.5388,17.548
-107.6693,-46.5341,17.547
72.1342,-38.6043,17.546
-30.1910,54.4333,17.546
48.1979,-12.4720,17.546
-110.9522,25.9289,17.543
136.5671,55.0137,17.542
98.0035,-1.2635,17.535
-160.5181,28.5972,17.535
-177.0554,-2.5164,17.526
146.1703,25.7641,17.524
-175.9032,-17.5481,17.522
103.4547,0.5990,17.518
33.8094,17.7577,17.518
-127.1210,23.7970,17.517
109.1072,30.4236,17.513
-135.1471,32.3643,17.512
-154.2611,37.4700,17.508
-156.3596,-18.8066,17.504
-22.8294,-43.5195,17.504
152.7462,58.9223,17.496
135.7503,41.1497,17.495
122.8028,19.2358,17.489
101.6106,40.2328,17.488
-152.3671,-45.6054,17.487
-150.5588,-49.6098,17.483
66.2722,51.2113,17.483
-30.4451,-51.3618,17.482
-175.2680,39.4315,17.482
-173.3863,0.2469,17.481
25.1873,-52.7906,17.481
-137.2797,-6.1774,17.465
-148.0669,-41.2209,17.464
-116.6973,45.6528,17.464
155.9385,-5.9815,17.464
-82.2764,45.0841,17.463
-161.7385,29.8045,17.462
-169.1766,-13.0859,17.460
-169.2005,36.8113,17.460
-19.5831,-37.8944,17.456
133.5582,-52.6682,17.452
63.5308,48.4142,17.450
-135.4696,-48.6923,17.449
-98.4377,39.4764,17.445
124.8608,-29.5634,17.441
81.9428,29.6272,17.440
39.3983,-50.4321,17.440
60.6450,9.5948,17.435
-103.2181,25.7048,17.434
22.1313,-47.7818,17.433
-109.5620,5.2424,17.432
126.6520,49.5037,17.428
123.7808,17.8663,17.425
157.3194,7.2501,17.423
136.0487,33.9294,17.420
31.7922,-26.1556,17.419
-87.0908,22.1905,17.418
138.7433,23.1770,17.414
154.6983,7.9742,17.414
86.0369,-0.5840,17.408
139.2144,37.5605,17.408
-121.0906,-39.7268,17.404
-101.6568,-21.2597,17.403
-137.6463,-45.2311,17.402
-117.2677,10.3368,17.399
2.2215,-47.6891,17.398
167.2063,18.4619,17.397
-124.1091,28.5391,17.390
-178.1364,2.6381,17.389
149.3945,-25.3541,17.386
-159.6827,-20.9492,17.385
-147.0069,41.6181,17.382
146.6608,27.4554,17.381
47.9928,15.6897,17.381
-110.4245,55.6794,17.380
-165.3622,12.9827,17.375
149.1584,-23.4905,17.371
91.9666,-24.9582,17.369
-93.3033,26.5488,17.368
-179.8018,55.6079,17.365
-122.3374,-36.1986,17.363
-177.6395,30.5543,17.361
131.2634,-55.4307,17.361
36.4310,-24.4494,17.361
-8.2988,-49.0204,17.357
86.4737,-7.9850,17.356
-79.0647,46.5326,17.355
103.4782,-34.9142,17.354
-99.7344,11.4481,17.354
-112.0329,15.1125,17.351
120.3999,34.4095,17.344
-89.5950,25.6876,17.342
-146.7220,-57.9596,17.341
167.4483,-17.2762,17.336
-86.2777,44.2209,17.327
-138.5070,-25.1812,17.326
-163.8854,-0.8933,17.323
123.4514,0.7372,17.314
-165.7879,18.8295,17.309
-131.1439,-16.4236,17.304
18.0247,-26.6055,17.302
67.9108,-39.1401,17.298
96.1917,-35.6780,17.298
-130.7676,-37.5585,17.296
158.0665,-2.2245,17.293
-168.7251,-56.7467,17.289
86.6920,34.5579,17.288
24.1445,-53.6350,17.288
51.8482,-13.9156,17.283
64.9540,-8.3208,17.282
-113.2781,11.9211,17.279
174.6719,-26.7618,17.263
167.1903,-46.8257,17.262
-75.0323,1.1094,17.262
131.7989,47.6724,17.261
71.8263,-0.0384,17.260
-150.4642,41.8066,17.257
62.6096,1.2747,17.257
-130.5140,25.5467,17.257
139.0145,31.0156,17.255
26.4176,-57.6721,17.253
125.1033,10.5591,17.250
130.1968,29.6768,17.249
90.6067,-22.0525,17.246
-121.9556,31.1059,17.246
17.6071,8.6953,17.246
-107.7101,2.8507,17.245
90.6189,-15.5363,17.244
-167.7615,-31.9621,17.241
-175.0886,45.4039,17.239
-153.4523,-15.2033,17.238
-167.9526,13.4975,17.234
76.8177,-36.2715,17.233
73.8245,-56.0528,17.221
-94.2583,-17.9024,17.220
-109.2844,28.9444,17.220
129.2516,58.4093,17.220
-107.2151,-10.1639,17.219
-93.7505,25.1975,17.218
174.5295,3.6175,17.217
-125.2285,-29.7204,17.217
-150.9776,-4.1350,17.216
66.2438,53.5878,17.215
-167.2734,1.1949,17.208
-169.9095,28.6361,17.202
-174.7676,34.7349,17.193
-164.1304,43.4293,17.186
130.4240,-53.6804,17.184
-133.6260,-18.3672,17.183
-96.0448,54.9623,17.182
169.2846,-45.1674,17.174
-158.2451,-24.1791,17.172
-125.9172,57.1394,17.166
169.0721,-41.1551,17.165
80.1241,-50.4823,17.162
71.4365,36.8500,17.157
-146.7037,-11.2624,17.156
-140.2325,14.7713,17.156
-72.2081,1.9192,17.155
-135.6502,-46.1733,17.150
152.8591,38.1473,17.145
-99.0526,24.9428,17.144
143.1274,33.3329,17.143
-136.8580,28.3027,17.141
-154.7561,17.5132,17.134
-96.1410,58.0698,17.131
-123.5038,23.1151,17.130
51.5235,39.0672,17.129
-141.6691,-37.3179,17.121
59.5064,3.4173,17.116
-85.6790,37.2093,17.116
-153.4072,39.6979,17.112
94.3801,-0.4042,17.111
133.4965,23.2908,17.107
-141.0342,-15.4200,17.106
121.6108,22.8936,17.102
-119.2387,19.3053,17.102
-136.5045,13.6548,17.101
-157.4218,10.3664,17.100
-48.0225,-48.4962,17.099
-138.5386,29.5111,17.097
-168.8868,49.5447,17.095
-81.3797,14.0112,17.093
116.8310,43.1819,17.089
-121.8366,-41.3249,17.088
-176.7328,-10.4498,17.082
-88.4441,-57.5123,17.081
109.3775,22.7538,17.080
-42.6711,47.6166,17.073
17.2834,2.7642,17.073
-109.1561,-1.1932,17.073
102.6830,17.6891,17.069
25.5677,-48.9815,17.061
173.2003,1.8749,17.057
-76.0271,51.9687,17.055
-152.5247,-54.4536,17.053
114.1025,-9.9141,17.045
60.3508,-43.4722,17.041
-108.8833,27.7646,17.040
39.6868,37.1208,17.040
-31.6690,58.8701,17.039
99.6397,3.7890,17.033
4.9151,-42.7018,17.032
-176.8645,38.7335,17.030
27.9836,-23.0361,17.029
-120.1840,10.1102,17.028
-107.8203,25.5685,17.025
-115.5059,24.6907,17.024
-156.9338,-43.9931,17.023
-99.3907,20.4042,17.013
114.5656,43.2085,17.007
140.7444,15.7386,17.006
140.0859,7.7038,17.005
68.8360,-7.3739,17.004
16.7349,-34.0849,17.003
-121.8947,-23.9869,17.001
129.9669,30.4749,17.001
93.6419,-7.1540,16.993
-139.3789,26.3037,16.992
129.3617,13.5320,16.989
34.7361,-27.2593,16.988
-110.4169,11.1855,16.977
73.5696,2.7354,16.976
119.8834,34.1582,16.974
126.3318,37.1148,16.969
-112.2586,16.2600,16.969
-113.6297,10.8329,16.969
-169.8540,-48.6876,16.968
-167.6387,-28.0452,16.963
67.4379,-44.1218,16.962
-170.5406,-14.0551,16.961
-172.8742,56.9089,16.960
18.4418,-49.4121,16.959
167.0583,25.8682,16.958
-107.6563,52.6612,16.956
-137.3109,28.1278,16.953
44.8501,-43.5722,16.949
138.2490,-27.7098,16.949
-138.0054,-49.7236,16.944
54.9698,-50.8992,16.943
-141.7547,33.1827,16.942
65.8206,11.7995,16.942
-115.4970,27.2801,16.941
-157.6621,39.1564,16.940
32.2565,-26.9433,16.939
-147.2753,45.7984,16.939
-154.0676,24.2567,16.936
159.0614,-37.2558,16.932
80.2781,34.6395,16.929
-136.9968,14.8788,16.928
116.8864,43.6702,16.927
-117.2122,19.5932,16.926
-132.8208,30.2808,16.926
90.2969,-56.3130,16.925
-113.9674,-48.2687,16.924
-17.2704,-43.1616,16.924
157.1949,59.1580,16.924
-176.7407,34.7552,16.914
-36.3962,-38.7532,16.909
12.1972,-11.6642,16.909
47.0300,27.4275,16.909
-112.5509,6.4459,16.908
-167.9208,-16.8694,16.908
-150.2086,-19.0582,16.907
-132.1779,-7.4291,16.905
-26.5327,-47.7029,16.901
-1.4053,-22.0959,16.899
97.8325,-23.4431,16.891
-150.0652,-43.4781,16.890
-14.0038,-52.0232,16.889
60.0686,-59.1073,16.887
-121.9152,20.3829,16.886
75.5153,-0.8405,16.884
112.2515,-41.6149,16.877
85.8075,26.5858,16.874
-122.1288,-36.8590,16.873
-90.1273,15.2514,16.873
95.8893,51.3786,16.870
-136.4779,-36.9174,16.869
65.2756,8.7795,16.869
-91.9817,-54.3849,16.866
11.9322,-52.4585,16.866
-97.3009,-44.5647,16.863
-170.5209,43.5741,16.861
-136.8230,-55.8054,16.857
-124.4091,29.4699,16.855
-70.3368,-10.6863,16.854
120.2638,54.5750,16.852
27.8848,-56.1788,16.850
126.5369,8.1258,16.850
-135.6911,-24.5235,16.850
129.2642,1.7673,16.846
43.8459,-33.4077,16.844
-144.9911,-24.5830,16.839
137.3677,-55.4900,16.838
-116.7671,28.3284,16.832
121.6913,38.9380,16.829
145.1785,24.2118,16.829
-150.5647,7.3583,16.828
-139.7610,18.3130,16.828
163.9421,41.4900,16.827
-128.2213,51.2633,16.827
-121.1908,39.9082,16.826
-141.4639,39.6984,16.823
-102.7521,42.9259,16.818
142.8291,-12.8543,16.812
78.2089,16.7555,16.809
-110.6048,11.4823,16.808
161.2113,-15.6717,16.807
-149.1763,32.9943,16.806
39.0318,-51.2780,16.803
98.7652,48.7785,16.803
159.8354,-24.1756,16.801
107.1099,13.8738,16.801
-133.4811,-53.7032,16.800
116.4026,-35.4626,16.799
-99.3047,15.9680,16.798
85.3334,-20.3423,16.798
-156.8866,29.1034,16.793
163.9124,57.9211,16.790
-155.9375,-26.3484,16.788
-0.5889,-45.2843,16.787
-119.4576,26.8736,16.786
163.5287,16.7496,16.784
170.6662,9.3176,16.780
158.2394,-41.4494,16.779
77.6810,-40.1988,16.774
-147.5198,14.9802,16.773
175.0465,-27.6766,16.769
120.6602,40.6739,16.768
149.8828,39.7191,16.766
138.8092,-17.1741,16.766
26.3534,17.2071,16.764
-91.4604,19.4664,16.763
-95.4198,-39.5424,16.762
-83.6310,53.2128,16.760
94.0318,-0.3258,16.756
-140.0791,48.2503,16.754
-116.2666,26.6658,16.754
-88.5016,11.8716,16.754
37.9621,-12.2286,16.751
-164.5477,-48.4132,16.751
-88.5587,22.2229,16.750
7.8393,-39.1782,16.746
56.2987,-56.6760,16.746
-143.6984,28.7676,16.739
-121.1513,2.3690,16.736
-98.0749,15.1391,16.734
-170.0046,-8.2530,16.732
179.6484,51.5847,16.728
-141.5592,34.4000,16.727
70.4779,-45.6720,16.722
177.6811,23.0319,16.721
65.2002,13.0746,16.721
-126.6482,-39.9178,16.721
-148.4764,-4.2428,16.719
124.8175,33.0707,16.718
156.3266,56.9186,16.715
108.3196,11.4339,16.714
117.7601,-31.2221,16.713
-169.1111,46.3496,16.713
138.6479,-32.0363,16.713
157.1927,-57.6629,16.709
-149.3351,14.2738,16.703
74.8004,11.7683,16.701
-128.4843,49.7991,16.699
-175.0190,47.3609,16.698
61.7953,-17.5655,16.697
-66.8946,-48.8263,16.695
150.1864,-30.2481,16.693
-156.0960,17.2024,16.693
-144.5847,35.7010,16.687
29.2715,-51.0974,16.687
112.7332,45.0081,16.686
-148.8154,9.2305,16.685
149.3835,19.2237,16.684
178.7977,-3.4919,16.682
-114.5701,13.8927,16.682
-150.3721,-38.0915,16.681
-95.1743,53.5111,16.679
4.7756,40.5296,16.678
127.4979,47.0159,16.676
26.7167,-43.5641,16.675
49.2738,-53.6638,16.669
-124.7351,-36.1110,16.668
75.7443,24.3631,16.666
175.1783,45.4636,16.666
-19.2387,-31.1412,16.657
-74.2110,6.8368,16.654
-160.9415,-47.7258,16.650
-16.3459,-47.0540,16.650
120.1782,18.3251,16.646
-129.2262,-52.0755,16.643
92.5157,-18.9983,16.641
87.2823,-11.4485,16.641
135.7904,51.9003,16.640
-66.3470,-23.4837,16.640
-133.1927,-12.0999,16.635
153.4117,7.9618,16.633
-160.3071,-41.8248,16.629
-135.8931,48.3260,16.627
-44.7011,-38.2173,16.626
-149.3967,39.9838,16.621
101.4812,6.9308,16.620
-41.0569,-33.1720,16.619
151.2267,50.1911,16.615
155.7134,5.7967,16.615
-127.0163,19.6892,16.610
-105.3962,-24.5392,16.607
9.8590,-48.2190,16.605
-113.7115,9.2693,16.603
21.2619,-51.2604,16.601
-157.1690,3.7099,16.599
-90.9396,19.3891,16.598
-106.9848,29.8635,16.596
-158.1011,20.6193,16.595
145.4950,-14.0522,16.594
-135.1973,-19.9244,16.592
-154.5757,-52.7745,16.590
127.2482,52.8667,16.586
-140.4640,-21.8824,16.584
-127.0493,-9.8393,16.580
22.3388,-27.9631,16.580
125.1433,39.9714,16.580
-157.7383,24.8358,16.578
-129.0092,-24.9563,16.577
-95.9375,22.0573,16.576
-171.7387,8.1887,16.575
-171.8526,10.1056,16.567
-129.0033,-2.8799,16.564
27.5048,-34.2778,16.564
175.6861,38.8017,16.564
81.9278,-5.4383,16.563
165.2294,-7.1682,16.556
8.5850,-34.1132,16.555
143.8079,-28.7478,16.550
101.5519,-39.8647,16.548
-171.6306,18.3782,16.548
-176.7177,23.4368,16.545
-157.6611,1.9521,16.542
131.1344,15.8123,16.542
114.4909,41.3096,16.538
-159.2481,30.3437,16.536
-141.4201,18.3126,16.536
-168.9821,-20.2442,16.532
-118.7691,-49.3985,16.531
-148.4514,16.2337,16.530
-110.8684,11.7293,16.526
-153.3482,6.1247,16.521
-165.5802,46.3637,16.518
-114.4048,16.5626,16.514
-101.4960,18.4738,16.511
104.2014,-8.6481,16.507
-144.9413,-53.2756,16.506
127.2016,1.9947,16.505
129.2629,16.9767,16.503
10.6162,-23.5416,16.501
-163.9556,-6.8890,16.498
-122.8795,-48.3423,16.496
110.9399,-17.6724,16.496
-140.8513,18.7827,16.495
119.4052,32.6821,16.493
-167.9904,-37.7964,16.489
-100.3178,21.2396,16.485
96.8474,-30.8301,16.481
-124.7690,-12.1856,16.479
-97.3859,49.0378,16.479
-77.9450,58.3276,16.476
66.6968,-36.4425,16.475
-88.4550,-57.5185,16.475
133.6954,51.4667,16.475
55.8782,-37.0614,16.473
-123.8641,32.8714,16.472
26.7101,10.6639,16.470
59.8052,37.3691,16.469
169.4821,13.7971,16.464
107.8579,-55.9474,16.462
173.5123,-50.4216,16.460
95.5043,-24.9817,16.458
82.5420,-51.6993,16.457
-113.2664,29.0766,16.453
-10.4426,-32.1429,16.453
-111.5214,5.3594,16.448
21.3260,-23.9779,16.448
80.9950,21.5995,16.445
-149.5440,37.5723,16.437
157.0195,16.8933,16.436
-116.5604,-43.9458,16.435
-155.6050,-36.6410,16.433
66.3388,-17.5432,16.431
143.7688,59.1314,16.431
66.3951,38.0700,16.424
60.0452,-45.5257,16.422
-127.5914,-23.0160,16.421
-105.1045,14.1165,16.421
-132.6985,-29.1081,16.416
2.8242,-32.0171,16.414
-102.9262,50.2507,16.412
26.2975,-46.7022,16.411
179.8611,36.5460,16.411
112.1142,48.3136,16.409
142.6448,19.4704,16.402
9.2890,-22.3167,16.401
-104.5598,20.0432,16.400
169.7534,29.7703,16.398
144.4703,1.6860,16.396
126.4963,33.3062,16.388
107.4419,3.0630,16.386
150.7948,-47.5483,16.382
101.9092,-49.8293,16.381
166.7053,1.2857,16.376
-145.4098,-41.9291,16.375
65.7769,7.3149,16.374
172.3876,15.2110,16.372
100.3277,-28.0590,16.370
-130.3844,-17.5795,16.370
26.0117,-35.3848,16.369
89.1461,34.7076,16.368
-143.5476,-9.2313,16.365
47.0519,-57.3177,16.363
71.8672,-44.0578,16.359
145.3618,-23.4131,16.358
65.8065,-54.1573,16.355
10.3119,-39.6843,16.355
-124.3048,-18.8319,16.355
153.0283,-44.5190,16.352
-119.6202,18.0802,16.350
-145.7995,23.1720,16.347
-78.0185,17.8127,16.346
-124.4586,22.9168,16.344
-118.5606,-0.8134,16.343
-98.6832,49.1289,16.341
-152.3513,-15.6262,16.339
164.7710,11.7381,16.337
-96.4637,40.7532,16.336
-151.4512,30.9797,16.335
79.8351,-36.1782,16.333
54.9698,-48.0086,16.332
-129.0478,20.2147,16.329
163.1570,38.8436,16.327
34.1894,-8.8072,16.326
125.0674,-13.7622,16.325
-88.4141,49.1992,16.325
119.6114,44.2078,16.323
152.1778,56.6874,16.323
28.8902,-40.3832,16.322
-144.3221,-5.4093,16.321
107.1490,15.3614,16.319
-134.8581,-44.8736,16.317
144.6793,-44.7506,16.314
-139.6741,41.2491,16.312
-137.7330,-10.5026,16.310
34.6831,-25.3962,16.310
61.8394,4.3348,16.308
-166.2362,-2.2161,16.306
140.4975,-32.0839,16.304
130.0709,51.4063,16.298
-40.1021,-35.7639,16.296
68.9741,-39.9458,16.295
130.7806,32.7960,16.290
47.9487,-42.5540,16.289
31.3902,48.7073,16.288
161.0248,-2.5102,16.287
51.4581,47.6065,16.287
77.8556,42.5545,16.287
-107.4657,22.6525,16.287
127.4373,3.3383,16.285
136.2086,52.8249,16.284
-170.3751,36.5563,16.274
-131.0943,-50.1311,16.273
132.0509,59.9033,16.271
-178.1967,8.7982,16.270
126.6452,-7.0665,16.269
155.1966,45.1089,16.267
-81.0063,15.7776,16.266
3.9147,-33.7014,16.266
-88.8969,21.1394,16.263
140.2322,-4.3641,16.262
128.8359,26.7933,16.261
-168.3913,27.7338,16.259
-11.3706,-29.8179,16.259
162.1543,42.5161,16.258
64.1776,-33.2875,16.257
-174.0295,-16.6862,16.256
76.1450,-41.7432,16.255
-140.8739,-49.2081,16.253
-152.9574,-33.9455,16.252
-155.3468,25.0320,16.251
-115.4876,-22.0596,16.249
131.2146,20.4259,16.248
-157.0151,31.8253,16.245
156.1610,25.6631,16.245
-170.6671,34.9247,16.244
100.7876,-20.9482,16.244
-78.4653,-23.9161,16.234
-87.6770,22.8511,16.233
65.9399,-41.6193,16.230
-162.8234,-10.4482,16.226
7.7422,-51.4133,16.222
-167.4918,28.2359,16.221
40.8154,20.9098,16.221
-151.4557,32.1529,16.218
-84.5854,22.3777,16.211
49.3402,13.1921,16.208
146.0539,34.5531,16.208
-133.8532,30.9779,16.207
125.1139,24.2887,16.204
62.3760,-50.0319,16.203
-134.6957,-6.0107,16.202
-134.1616,-54.2245,16.201
-107.6163,8.5414,16.200
-38.7851,38.6341,16.197
-135.0367,-1.8992,16.196
-138.7127,4.3467,16.188
28.5886,-45.4241,16.188
-65.2946,-51.0275,16.186
-161.4385,25.1494,16.185
157.8298,22.7476,16.183
-158.8185,-36.9395,16.181
134.2176,15.1040,16.181
-60.2143,-34.4187,16.178
-119.4787,21.1398,16.178
122.2087,-5.7799,16.175
-123.1697,-41.8229,16.174
79.7111,29.3255,16.174
61.3508,-38.9064,16.173
-146.0509,-10.0441,16.173
110.7072,20.3232,16.172
172.3237,16.8277,16.171
64.3413,22.1275,16.167
-132.6113,42.2068,16.167
44.5292,28.0058,16.167
-120.1994,25.0565,16.165
114.2970,29.7629,16.164
-159.5307,25.6370,16.162
-153.3247,37.3453,16.162
-166.3711,14.0422,16.161
19.4796,-42.4349,16.160
-122.9034,20.8889,16.158
13.7706,-53.0141,16.157
-156.9232,-51.2551,16.157
-120.6868,6.5306,16.155
-151.5836,-6.4204,16.146
-84.1981,-14.4098,16.145
-123.3678,37.7265,16.144
134.1325,53.6847,16.143
179.1115,2.6149,16.143
-155.8927,41.4023,16.142
-158.5390,50.7707,16.141
59.4972,5.7260,16.140
-173.7900,50.8916,16.140
8.2101,-7.4000,16.139
134.1647,-31.3516,16.138
-154.6198,19.0698,16.135
-97.3661,-3.6335,16.134
-146.4500,-2.7111,16.133
-22.7516,-28.3229,16.129
-130.6979,44.5350,16.128
133.2539,52.3972,16.127
141.6815,-57.8948,16.126
-168.8009,-16.8695,16.125
-75.0910,7.2103,16.120
-126.0302,31.3533,16.119
140.6062,35.3757,16.118
-165.5116,32.8175,16.118
-168.5861,4.2153,16.117
-135.1935,21.9442,16.115
31.4619,25.1636,16.106
170.1348,22.7498,16.105
-159.9448,-46.8414,16.103
-157.7954,-50.6191,16.102
-112.9683,51.6078,16.100
-179.2719,-10.8094,16.100
-164.8876,39.0283,16.099
113.8047,-8.3990,16.097
-117.0619,23.3760,16.089
-113.0451,-48.3441,16.089
113.8819,-54.4515,16.088
149.1532,-12.3068,16.088
13.4010,-48.1631,16.086
-162.1153,4.4404,16.084
153.8278,-28.1868,16.083
140.6926,15.0084,16.078
15.9801,-16.1602,16.077
-172.7579,-13.5993,16.074
130.5618,7.0556,16.072
140.0709,41.1763,16.070
-160.4303,19.6017,16.067
84.5714,33.1404,16.067
-118.2245,58.5285,16.066
110.8188,43.2393,16.064
-170.4109,41.1968,16.063
-167.4977,33.9928,16.062
76.9894,31.3826,16.061
-93.4524,49.7578,16.060
28.8520,-58.4731,16.058
-170.1604,-2.3855,16.058
146.0902,-22.6769,16.055
38.4204,-28.9551,16.054
-150.2427,-6.2350,16.052
-29.0809,-42.8217,16.051
-170.5664,4.5706,16.046
-146.6083,2.6484,16.045
8.9848,-27.9038,16.043
137.9130,48.1955,16.043
-90.6920,14.7494,16.042
146.3482,26.8246,16.041
130.7331,44.5224,16.040
-68.9749,-59.0378,16.039
98.3816,-4.9598,16.037
177.3511,16.2811,16.035
-147.1596,-41.6403,16.035
86.2498,32.3556,16.032
-131.7230,25.9421,16.031
-143.3761,16.3574,16.030
-19.5991,-41.6190,16.029
173.3973,-2.4605,16.029
20.9369,-49.2391,16.026
-144.6571,-29.7416,16.025
1.0532,-42.6113,16.024
-168.9447,47.2473,16.021
-151.1113,13.6777,16.019
-159.1501,3.1519,16.018
70.1543,-51.4925,16.017
41.4783,14.9194,16.017
45.0141,-45.8097,16.014
79.7637,-1.2894,16.012
179.1704,57.2510,16.009
-161.5052,48.5164,16.009
-64.8243,6.2625,16.006
-167.3500,-22.0152,16.006
-135.3937,-18.4429,16.006
-166.2028,4.1696,16.002
-94.9507,34.2267,16.002
132.4101,11.9381,15.994
42.3693,-15.8322,15.991
-129.6564,39.3296,15.991
90.5002,-51.1097,15.990
-127.4919,-10.6471,15.990
69.6553,-50.2458,15.987
129.8917,15.8768,15.986
-161.2571,-5.2244,15.982
-169.5114,7.1216,15.982
125.3923,43.3732,15.980
-97.0074,58.7029,15.979
-96.0837,25.2091,15.976
-157.1297,11.8961,15.974
27.8335,-16.2590,15.974
51.3998,55.4088,15.969
129.6083,27.5565,15.968
165.9122,-56.7921,15.963
-166.4799,21.9182,15.962
80.6660,54.4447,15.960
10.0032,-11.1661,15.959
-28.3140,15.2334,15.959
-165.4084,-17.4637,15.956
-94.4823,43.8519,15.954
-170.2257,-13.7508,15.954
-63.2913,-6.4410,15.951
-132.8584,-7.6581,15.949
114.6063,35.5909,15.946
-126.0847,-11.2637,15.940
130.4395,27.3910,15.940
-150.4965,34.4060,15.939
-125.6850,-8.6875,15.936
158.1179,36.1304,15.936
-93.6374,21.9131,15.935
-98.5269,19.8021,15.932
151.5779,-49.7260,15.931
59.6778,-52.1762,15.930
114.4764,-37.3965,15.927
35.4427,-41.9035,15.926
139.3884,22.6871,15.926
102.9200,-2.2046,15.924
127.3821,21.1072,15.921
169.2847,41.0188,15.921
1.1657,-17.6387,15.920
174.1675,-1.6868,15.918
-157.2115,23.3730,15.917
149.5434,-29.9862,15.916
-155.5915,-18.7054,15.916
-99.1223,59.7108,15.915
-35.4024,-43.1609,15.914
92.2776,-34.3506,15.914
46.3323,56.8427,15.911
-92.2268,26.4944,15.911
-63.7789,-11.1010,15.909
143.5109,1.7484,15.907
127.4668,-51.6544,15.907
34.5160,-24.6196,15.906
-86.5807,26.6601,15.906
153.5515,37.0898,15.902
37.2422,-32.4478,15.898
160.4953,-25.1275,15.895
-166.2180,17.8065,15.894
-137.3360,-54.2519,15.891
13.8098,-51.6859,15.890
61.4343,6.1370,15.887
37.6776,-7.4949,15.884
-112.7196,-57.7392,15.882
43.6486,-31.3053,15.880
-4.2577,-26.9709,15.879
-171.3540,15.5984,15.879
84.8017,40.3898,15.876
65.8821,42.7290,15.875
-47.0752,-19.2388,15.873
136.5271,47.0567,15.871
-107.9848,35.3787,15.870
74.3005,16.1642,15.868
-10.1925,-33.9108,15.862
-175.7489,-2.9905,15.859
19.2573,-54.8376,15.858
57.0337,-31.2621,15.858
-57.4731,-0.8810,15.856
-142.0248,19.5423,15.854
78.7575,-57.6882,15.852
163.2249,40.6288,15.847
51.1696,46.0570,15.847
157.4565,47.5251,15.844
-8.5908,-22.3636,15.842
-149.4995,36.2088,15.840
103.2758,-21.0583,15.836
88.4489,-8.8280,15.835
-99.5632,52.5269,15.834
107.9497,12.6504,15.833
100.2912,-25.4260,15.831
136.2317,49.3635,15.829
-44.7170,-38.9064,15.828
157.1508,15.3991,15.825
165.9014,8.4267,15.824
164.9669,42.3119,15.821
-135.2338,12.3219,15.817
-124.5389,58.4764,15.817
172.5101,-7.5893,15.816
-151.4456,15.3202,15.816
-0.6682,-44.8446,15.813
166.3954,-5.5929,15.808
89.4963,52.1718,15.807
-167.2371,-7.8349,15.802
5.7645,-43.8463,15.801
53.0183,-19.5707,15.798
99.0875,-30.0460,15.797
174.4426,22.8104,15.796
88.7258,-45.3497,15.787
67.2981,11.4952,15.786
-39.1001,-48.8909,15.782
108.8670,52.2115,15.782
-124.3432,-1.3746,15.781
77.7027,16.0398,15.781
131.6613,13.9272,15.780
39.7151,-51.1637,15.776
-139.0573,37.3165,15.775
123.8272,52.9533,15.774
-96.4322,47.9195,15.772
-39.7766,32.8901,15.770
-49.1759,-55.7939,15.765
67.9487,27.5518,15.763
106.6805,28.4798,15.762
88.4974,29.0670,15.760
-140.6616,22.4396,15.759
128.7646,-34.0665,15.759
176.8103,32.7487,15.758
72.6536,40.5731,15.756
60.8774,31.1493,15.755
-62.3392,-43.5194,15.751
69.9794,27.6885,15.749
168.6272,8.2723,15.747
-143.5805,-35.7329,15.742
163.3777,20.1505,15.740
158.8809,46.3261,15.738
157.8906,-5.6494,15.735
-94.0869,50.7559,15.731
97.6481,-52.4384,15.730
96.9301,5.6630,15.729
-159.3612,17.6982,15.728
121.3826,30.4476,15.728
-124.9959,23.2670,15.726
76.1759,16.5190,15.722
-28.4547,-23.2754,15.721
-91.3658,52.3502,15.717
65.7476,12.1558,15.711
-136.0717,-49.2013,15.707
175.1382,13.4062,15.704
-89.5443,52.9017,15.702
45.5259,-24.0642,15.702
116.0574,13.1650,15.700
174.1365,-3.3313,15.697
-144.4951,-11.4452,15.695
113.5807,46.0402,15.693
45.4067,-30.0884,15.693
59.7659,-41.7488,15.692
-118.5415,27.5734,15.690
88.5248,37.6498,15.678
7.8950,37.0539,15.678
128.8159,38.6289,15.677
85.8127,52.0293,15.673
139.3237,44.5311,15.671
-161.7122,-22.0692,15.671
162.9044,55.0722,15.671
64.3938,12.9098,15.670
-124.2036,33.0596,15.662
-164.0225,37.6853,15.661
150.0200,19.0133,15.660
165.9848,2.6894,15.655
-159.3625,30.9914,15.652
-164.7150,24.8874,15.652
-66.8633,-8.5191,15.652
170.7884,-3.2146,15.651
-85.0510,48.5828,15.650
-159.5519,2.6377,15.649
127.7388,37.8183,15.644
50.2810,47.3600,15.644
-172.6676,39.6099,15.639
-176.3648,11.1843,15.632
-62.8234,10.4879,15.630
-127.0954,46.5719,15.628
-7.1990,-24.8987,15.628
154.3417,-52.9970,15.626
87.5857,44.3779,15.626
140.5214,-21.5774,15.625
109.6214,29.4914,15.625
-135.7084,-51.4642,15.622
-109.6615,12.5752,15.618
127.6629,14.5582,15.616
-91.5231,22.8468,15.615
-45.3349,-43.8435,15.603
-133.4085,-30.0025,15.600
164.3282,37.7128,15.599
-113.2147,7.3886,15.598
-164.8698,-20.1781,15.595
153.8991,25.4923,15.595
48.7795,-40.4159,15.595
129.8989,50.4700,15.594
-152.1961,-22.5833,15.591
-156.8240,-4.6904,15.590
156.5303,-28.2237,15.590
-136.3682,-40.0662,15.588
123.7745,43.2301,15.587
-62.8981,-28.5225,15.585
-168.7137,10.0111,15.585
93.6747,51.0171,15.585
120.7413,1.9794,15.584
-175.1947,10.9344,15.582
-148.8974,-38.3555,15.582
-139.9885,29.8534,15.581
-15.7612,-46.7298,15.581
-102.1039,38.1301,15.581
-147.6731,-14.7182,15.581
137.7780,-45.2206,15.578
-138.7111,38.3700,15.575
151.9599,33.0259,15.573
57.9696,-54.9759,15.572
166.1143,5.1029,15.572
-112.8114,57.4704,15.571
-113.4830,14.9588,15.570
98.6368,19.1225,15.570
-161.8260,-17.5812,15.569
144.9984,32.0196,15.568
154.9595,22.1115,15.566
85.7009,32.8977,15.564
-138.1740,-10.8225,15.563
89.2118,35.8076,15.556
-132.2382,-2.5159,15.552
56.4047,-55.9058,15.550
-156.7321,5.5859,15.549
29.8353,-46.4106,15.547
14.1535,-43.5724,15.546
-9.0705,-46.9874,15.545
159.6672,1.6779,15.543
-167.1732,47.4129,15.541
-17.4501,-48.1466,15.539
-143.8760,39.0181,15.536
-81.6071,12.3827,15.534
83.8434,34.3107,15.533
-142.0980,25.3700,15.531
17.9179,21.7359,15.531
-170.5862,20.9398,15.531
-105.6458,40.9978,15.530
-102.3465,20.4544,15.529
-170.5078,-30.5118,15.528
-118.3512,59.2915,15.526
-152.1672,-31.6536,15.523
-159.6724,-50.0218,15.522
-171.5772,-38.1131,15.520
-81.8637,36.8231,15.520
-93.0016,15.8081,15.516
166.5457,-11.7950,15.515
-126.6636,-49.2666,15.513
74.8396,-14.7940,15.513
178.5403,9.5251,15.508
-151.8674,-52.7389,15.507
74.3959,23.0890,15.506
147.7314,1.2511,15.504
-112.7742,9.4073,15.500
144.4577,-3.6307,15.498
177.8152,7.1627,15.495
15.1862,-12.0811,15.495
153.3580,58.0409,15.490
30.5469,-58.7165,15.489
-154.2572,-9.4742,15.488
-160.0710,29.6192,15.487
-170.3725,-19.9764,15.486
-122.8602,23.4330,15.484
142.6619,11.3086,15.483
22.9960,-46.5212,15.482
80.8015,-59.3820,15.481
159.2236,-0.2795,15.480
-61.5783,-31.4234,15.480
178.6655,24.0538,15.479
-173.3658,16.0601,15.477
41.5594,-24.7358,15.476
100.9494,-5.9736,15.469
-151.7382,-45.3141,15.464
121.4976,-41.3942,15.463
-80.8409,26.9614,15.461
104.4256,-7.9687,15.460
132.6564,-27.9916,15.459
115.7545,18.2810,15.456
129.7273,57.5582,15.455
131.3022,37.5660,15.454
-86.1441,23.4397,15.453
160.9347,18.2442,15.449
117.0990,49.5433,15.447
-160.3207,-16.4525,15.446
-141.8342,25.6422,15.445
93.2677,51.2394,15.443
-20.9563,-47.9469,15.440
13.9239,-33.3441,15.437
68.4525,27.4281,15.433
-173.6979,-0.6251,15.430
-129.0981,-5.5094,15.430
60.1326,29.4312,15.428
109.8667,-18.4472,15.426
25.5528,-59.1592,15.423
-166.3543,-24.6722,15.423
159.6994,55.1808,15.422
35.8728,19.2037,15.420
-110.0789,48.9239,15.420
167.7959,48.6070,15.417
124.1495,32.5639,15.417
134.0868,51.1539,15.415
-140.7346,-6.3343,15.415
96.5578,58.5821,15.409
-94.2013,19.5316,15.406
44.2633,35.6891,15.405
42.3191,-46.1858,15.404
-169.6174,-6.7251,15.399
-169.1287,52.2347,15.397
22.2257,-4.9013,15.396
-161.6870,41.9567,15.394
-132.3764,10.4048,15.393
-136.1693,37.2027,15.393
14.0667,-36.9648,15.387
-118.9308,7.5626,15.385
83.3887,-56.4059,15.380
-71.1138,-20.5147,15.378
-143.9038,-7.9734,15.377
101.7833,-40.3951,15.376
141.8208,55.9067,15.375
138.3807,54.5245,15.372
-145.5423,34.2803,15.371
136.4107,-14.9417,15.371
-115.3161,30.3360,15.368
-164.7501,-41.1942,15.367
59.9383,5.6069,15.366
-90.4388,-9.0065,15.365
55.9920,-33.7802,15.360
-153.9885,-10.2827,15.358
143.1768,-9.9070,15.354
-174.0978,20.6940,15.354
174.5205,-5.6872,15.353
133.7367,27.1152,15.347
-128.7088,-52.8420,15.345
-140.4869,18.5235,15.341
50.6154,-33.1789,15.338
158.0516,-28.9631,15.337
64.3697,29.8459,15.337
54.0184,-39.5637,15.336
-158.1897,-17.5714,15.333
-10.9434,-49.8649,15.332
154.2742,10.8881,15.331
-132.8905,-2.7650,15.330
-123.5974,-18.8309,15.329
157.2619,36.4642,15.324
136.7564,3.9064,15.322
-173.1574,-30.6673,15.322
-138.8466,25.0521,15.318
-118.7301,-37.4531,15.317
174.3090,-21.4472,15.316
-72.7454,-14.0409,15.314
119.1843,10.4563,15.312
108.5792,16.2539,15.312
-165.9658,-19.4564,15.311
148.6925,16.1765,15.310
112.0344,-48.7155,15.308
1.8885,-14.5249,15.307
120.2053,26.0579,15.305
10.5664,-32.1339,15.304
164.3164,39.7519,15.302
165.6573,26.0886,15.299
-87.1630,15.1362,15.297
134.7958,-30.8376,15.297
-112.5356,13.0594,15.292
-154.2421,47.8909,15.290
-50.1654,-35.5709,15.287
149.0231,45.6486,15.285
157.7932,4.5421,15.284
-120.7258,29.1287,15.282
-175.8584,8.1774,15.278
-56.8158,-46.6537,15.275
-143.4599,-9.5823,15.275
-160.2193,-54.3692,15.275
-149.5626,-12.2764,15.274
104.9595,7.0606,15.271
26.8005,-18.7125,15.271
-108.7367,51.9435,15.270
145.8573,54.2006,15.268
-155.1840,39.3959,15.266
-87.0684,19.7529,15.262
-125.3460,46.1030,15.261
66.2539,21.9866,15.259
47.2861,30.5698,15.259
111.0384,-8.3016,15.259
148.9063,-20.4362,15.253
-154.3406,-32.3723,15.249
154.8199,18.2532,15.247
-46.0442,12.6040,15.245
-110.7545,32.9403,15.244
6.9902,-2.8753,15.242
-121.1189,28.7964,15.242
-104.1159,52.6138,15.242
91.3657,-14.0790,15.238
131.8323,2.3247,15.231
-91.5862,37.0953,15.227
114.2603,-36.1878,15.226
-138.7647,-37.5482,15.223
-81.6272,5.9270,15.221
111.9941,-7.4060,15.220
174.7962,-6.0170,15.219
-100.7855,26.8410,15.218
-179.8975,4.6411,15.214
19.9485,-30.7148,15.213
79.7606,12.1189,15.213
-93.5964,50.1408,15.209
129.1173,22.1335,15.208
-136.0820,-13.2745,15.204
-26.0016,12.2156,15.204
-121.9023,31.2461,15.203
117.5653,9.2968,15.202
131.8298,36.7194,15.201
143.5298,5.4633,15.200
-116.9519,48.8119,15.194
90.4142,-3.6109,15.194
96.4703,47.7100,15.194
3.2083,-31.4150,15.193
112.5745,6.0509,15.189
-67.7158,11.4504,15.181
-177.1142,-33.8250,15.174
-151.6448,28.9848,15.166
-167.4899,-17.7033,15.166
86.6405,-17.8350,15.162
169.2607,14.5012,15.161
-111.9048,13.3830,15.160
67.5814,-20.4660,15.159
-112.3655,35.8739,15.158
-166.8174,29.2789,15.158
12.3905,-33.0696,15.154
85.0903,-32.1359,15.151
-170.5150,31.9905,15.151
42.0741,21.4750,15.150
-109.1273,23.7617,15.150
-175.1791,41.2777,15.150
134.9228,27.5694,15.147
-26.5960,-40.1731,15.145
133.8328,17.2954,15.145
-25.4334,5.2391,15.145
141.6735,-12.1266,15.145
76.3716,-48.0084,15.142
115.9004,4.4470,15.142
166.7849,45.4426,15.142
-101.3165,31.8590,15.141
-88.2571,20.8988,15.139
-126.9959,-7.3344,15.137
172.5050,-46.4461,15.136
-142.8987,-32.1024,15.135
168.8366,14.2367,15.133
25.2104,-47.7101,15.133
-174.9088,-55.7896,15.128
-147.0464,-51.4962,15.128
-126.7816,0.4596,15.126
-166.1229,39.4655,15.125
69.8235,-43.1511,15.124
6.7976,-58.0520,15.124
-105.2525,44.2894,15.121
-112.4891,10.8047,15.119
26.8157,-34.3230,15.119
-150.8841,43.0331,15.117
34.0759,-4.2763,15.113
-132.5571,-7.9582,15.110
-116.4745,26.3314,15.108
161.8051,55.0145,15.107
121.4003,-3.3013,15.106
68.9158,42.4193,15.105
-165.6063,-28.3436,15.104
113.0477,47.1670,15.102
-123.2099,27.9905,15.101
143.2749,-43.8589,15.101
-172.7889,-52.1184,15.099
138.6737,-32.5126,15.097
-138.8025,56.1674,15.096
165.6936,21.9517,15.096
127.5237,-56.2282,15.094
-34.0447,-50.2731,15.092
-34.9954,-38.1213,15.090
159.2963,1.3549,15.090
-114.6664,9.4417,15.089
113.1066,-20.5846,15.088
-162.1243,-10.9962,15.086
-179.1391,52.3976,15.083
102.3320,-8.9425,15.080
-172.3015,46.0129,15.078
165.2405,43.4140,15.078
-23.7014,-49.0970,15.077
-167.2488,-26.1841,15.077
-23.5682,-14.6044,15.076
-110.2495,12.9836,15.075
-101.6561,51.8021,15.071
168.1072,11.9404,15.068
-139.9276,24.8430,15.067
72.8529,40.3046,15.067
80.9039,-58.5654,15.067
70.6666,-41.3202,15.066
65.3741,-14.9420,15.065
-169.7702,6.5369,15.063
171.9950,-9.5904,15.060
-131.1465,-21.9242,15.059
-176.3279,51.6524,15.056
-157.8095,-20.6882,15.056
-90.6196,-3.2787,15.054
-118.4741,-52.5844,15.051
95.6413,-34.2737,15.050
-152.8645,42.4101,15.049
-137.7102,-23.8382,15.049
39.9089,-9.0291,15.045
-145.7203,-29.8716,15.044
-163.6325,-48.3302,15.042
-77.4845,-37.0485,15.038
-59.2882,-15.9689,15.033
-122.8598,3.8703,15.031
57.4683,-44.2706,15.030
-130.8156,25.5748,15.029
168.0563,-10.7479,15.024
-52.2199,-6.7615,15.023
-88.0144,40.9600,15.023
-174.5630,32.4111,15.022
27.7514,-21.7741,15.021
-127.7414,50.8815,15.021
52.3441,-35.2813,15.019
-112.3012,6.0780,15.019
-177.4215,-5.4762,15.018
-166.0645,1.0980,15.016
18.4556,-21.0935,15.013
17.9348,-33.5053,15.013
-124.2930,-39.4040,15.012
-55.6217,-52.1073,15.011
35.6619,-9.7345,15.010
128.2898,-58.0134,15.008
-117.4839,9.8869,15.004
-172.1249,17.9298,15.000
-147.4680,-42.4743,14.997
-123.2939,30.5712,14.993
166.8278,-55.4270,14.988
59.2800,4.2379,14.987
-60.6397,-59.5490,14.980
145.3894,-6.5767,14.979
-135.7698,17.2956,14.977
121.1087,29.8157,14.977
107.2639,19.7314,14.975
-126.2503,-11.1308,14.974
-33.9654,-13.3564,14.974
-31.7039,-30.1205,14.973
69.3734,-2.5581,14.971
-77.9093,16.9231,14.970
160.5261,11.7399,14.969
117.1060,41.8994,14.968
103.3524,-26.6773,14.967
-163.2838,53.7462,14.965
-147.6784,-43.3322,14.965
93.3016,39.0728,14.961
-111.6178,34.5343,14.960
-117.4067,17.4430,14.959
71.8295,35.9951,14.957
-100.5682,48.8590,14.954
20.0015,4.5752,14.953
-167.1432,-0.4411,14.952
-37.9850,-58.7118,14.947
-123.8657,-11.6988,14.942
149.6009,-20.1842,14.942
116.1083,-2.1219,14.941
-26.0844,-42.6629,14.936
35.5862,-33.3755,14.934
157.7524,10.4214,14.931
101.9636,3.4249,14.929
-12.4958,-21.9498,14.929
-174.5120,32.9092,14.927
77.2949,-41.8331,14.926
81.2337,-6.0240,14.921
58.7528,-42.2882,14.914
97.9673,-19.4415,14.913
101.3332,-18.2941,14.911
116.5135,3.4835,14.910
-176.9860,34.0351,14.910
-178.3021,-4.4845,14.908
-84.3066,-56.5718,14.906
-68.5808,-28.1584,14.903
105.3728,-45.8701,14.903
97.9616,-26.5519,14.900
-114.6259,14.3327,14.899
-116.0513,-43.4997,14.898
178.7296,50.4382,14.894
158.1460,48.1711,14.894
-120.9902,23.5311,14.894
-154.0794,19.5678,14.892
161.4732,18.7724,14.888
177.7930,53.3400,14.887
-94.0602,-57.6052,14.886
160.2683,-45.8431,14.886
38.3409,-21.1932,14.883
-149.9861,20.9639,14.882
165.3672,2.3345,14.879
160.0754,0.4818,14.878
-134.4133,-5.6713,14.874
-124.4847,2.8555,14.874
-134.5970,41.5949,14.872
-119.2918,30.9678,14.872
50.7838,-26.8434,14.869
149.8887,-40.5585,14.865
-39.0406,-35.4571,14.863
61.6375,23.9809,14.863
47.4746,-23.0807,14.863
-158.1734,34.1281,14.861
48.8280,-22.2052,14.861
109.8110,-12.1889,14.856
-141.0719,27.6649,14.854
141.6468,-10.8880,14.849
-175.7196,5.8478,14.848
179.2108,56.4581,14.847
176.7462,39.5831,14.837
-127.7688,4.5840,14.835
129.0140,55.1146,14.835
-165.3162,-41.2200,14.833
137.5005,39.9671,14.832
-135.8241,37.5346,14.825
156.1257,24.1342,14.825
-165.4325,-25.6510,14.822
19.2733,-31.4494,14.820
-100.3453,17.4454,14.820
111.6084,2.6346,14.817
145.9870,-30.0320,14.817
68.9168,12.8477,14.815
-95.1945,42.5324,14.815
176.3298,-12.3633,14.811
-159.2446,50.7067,14.810
-71.1478,-9.7662,14.808
-140.6791,37.8003,14.806
-105.0967,16.9233,14.805
124.7270,58.6762,14.804
137.9331,46.9584,14.801
-135.8906,38.6335,14.799
19.2640,-36.9808,14.797
-159.9845,10.5091,14.796
-139.8505,54.5865,14.793
110.9255,41.2263,14.792
-97.5900,34.3623,14.783
-169.2056,2.4381,14.783
67.9033,20.1245,14.776
74.8357,22.9500,14.775
177.0874,55.1001,14.774
-89.0576,18.9253,14.773
78.1194,52.0320,14.773
26.9503,-55.5702,14.771
-118.3183,-54.8173,14.770
26.5456,-35.3591,14.770
140.9579,22.2525,14.770
141.3566,43.1907,14.770
-158.4155,5.6106,14.769
19.2101,-46.9995,14.767
176.5291,-56.3550,14.766
-12.7334,-51.4988,14.766
-30.1765,-43.2609,14.765
-170.7690,15.9935,14.764
44.1415,-17.4403,14.763
29.5984,-19.9289,14.763
-92.9763,14.5011,14.762
-75.3110,23.2757,14.757
-148.1637,33.4544,14.756
-29.5052,57.1108,14.752
27.5792,33.6053,14.751
-139.5493,-24.8234,14.751
144.7378,2.3742,14.750
52.7335,-14.9701,14.750
64.8464,25.5313,14.749
78.6808,-35.9962,14.747
102.0578,16.3826,14.746
1.1508,-43.0896,14.744
14.9121,48.9225,14.743
49.9052,-46.3634,14.740
-15.4254,-35.7485,14.739
-151.2066,-17.2647,14.738
-49.0596,-52.2890,14.736
-120.1852,30.8467,14.735
-151.6223,42.6034,14.735
82.8528,21.4718,14.733
138.2235,-35.6119,14.732
-65.3376,-17.5067,14.731
-159.3626,37.1009,14.729
-87.8774,13.6423,14.729
147.9739,32.0196,14.728
-141.5363,-17.0950,14.728
108.2863,2.5978,14.727
-108.3756,14.1795,14.727
-172.3360,32.7086,14.719
115.5779,-12.2670,14.718
-166.4725,26.9214,14.718
-117.7543,-59.3585,14.717
7.4013,-31.6901,14.717
62.9457,-29.0585,14.716
0.2225,-4.3195,14.716
131.5416,57.8058,14.716
-63.0413,-12.8356,14.715
35.3405,-29.3424,14.712
-135.9318,16.9589,14.711
-174.4570,-57.4824,14.711
119.6920,1.4089,14.711
-166.3940,32.5732,14.710
-118.8744,22.3963,14.706
127.9634,21.0227,14.704
-156.9454,-26.6995,14.702
137.9505,36.2638,14.699
118.2776,49.9738,14.697
-124.5672,3.2521,14.695
-4.1081,-37.9675,14.694
-130.3953,-45.7231,14.693
81.8337,-7.5404,14.690
178.1331,26.3653,14.689
-159.3252,-9.5619,14.689
-67.1434,-50.9135,14.689
128.8122,54.1504,14.687
-168.6660,41.5752,14.687
56.1945,50.9851,14.686
102.1428,5.0860,14.686
-51.6869,-21.0657,14.684
-33.7263,-52.2137,14.682
165.4489,5.1064,14.680
-88.5455,-45.6082,14.679
156.5423,-6.0426,14.679
-154.2238,-35.8680,14.675
-179.6620,14.8311,14.674
73.5886,-27.1450,14.673
87.7161,42.6392,14.673
-87.8851,35.0355,14.671
126.7278,-1.7956,14.668
-131.2880,-45.2627,14.667
-159.8410,-31.2918,14.666
-132.6767,-29.8443,14.666
-96.2210,43.3615,14.663
-125.5833,-37.5440,14.663
-145.6434,-19.4500,14.657
-168.6564,43.3558,14.654
83.6719,-52.9278,14.653
-89.7749,53.4062,14.651
129.3381,38.4705,14.650
-167.0615,57.5588,14.650
-175.0428,32.4165,14.647
-153.4899,11.5909,14.647
175.9142,18.8033,14.647
-6.1924,-39.4126,14.647
178.4425,2.1340,14.646
-33.7008,-33.2832,14.644
96.3673,1.8230,14.640
-152.9401,-17.2865,14.640
-17.0701,-30.1286,14.637
66.8319,-6.0465,14.634
-24.4286,-37.9973,14.632
80.6429,-26.0496,14.631
-127.3252,15.6693,14.631
-146.1172,-3.2798,14.628
129.5096,-46.1608,14.627
110.3137,-49.2639,14.627
134.3389,14.1558,14.624
160.3447,-39.0769,14.620
74.6231,-35.1705,14.618
107.6709,-8.7466,14.616
30.2393,57.5313,14.616
93.8433,-47.2961,14.615
-88.1921,39.5349,14.613
-132.8126,59.0553,14.610
48.5762,30.8000,14.606
-19.3722,-33.1948,14.606
159.7471,7.1951,14.605
-30.7843,-58.1908,14.600
55.5815,56.4451,14.598
126.5433,55.9525,14.598
-101.2039,15.8395,14.597
45.1606,-16.4395,14.595
-160.1938,29.2028,14.593
16.3693,-14.4947,14.590
-167.2345,-4.0442,14.586
-161.3276,2.5664,14.586
112.7625,-19.5902,14.585
177.2304,14.7159,14.585
-103.6984,18.3353,14.583
140.2152,55.4115,14.583
126.5924,28.6635,14.581
-15.3015,-14.5832,14.579
-122.2656,3.5967,14.578
-162.8239,36.0327,14.575
-125.7851,45.7222,14.573
-170.1858,-27.5227,14.570
58.2185,4.3923,14.570
-156.7817,-10.0798,14.566
-95.7968,40.2380,14.562
-153.9054,45.1657,14.559
-122.2004,-24.0307,14.552
-80.4044,11.6577,14.551
153.1491,59.3442,14.550
-125.4674,-37.3667,14.544
-133.3148,-27.1320,14.542
133.2807,-50.3438,14.538
-156.6200,35.5843,14.538
170.9128,37.5819,14.537
-50.8262,-54.3414,14.535
111.3744,35.8963,14.535
173.7859,8.7426,14.534
-155.3988,40.6163,14.533
150.0049,7.3502,14.532
52.8753,58.9859,14.532
-93.6717,33.4883,14.532
-174.4894,-15.6620,14.531
101.8351,-32.3081,14.529
132.0755,51.4750,14.529
165.8579,23.8950,14.528
30.3823,-26.4754,14.527
-135.2091,-6.9379,14.526
162.4676,1.5103,14.524
-87.4464,13.1513,14.522
-61.7296,-40.7171,14.522
-149.4082,6.1501,14.518
-104.9665,48.3461,14.518
-15.7818,-30.6484,14.517
-169.2433,37.4680,14.510
-127.3257,9.3417,14.510
97.5824,-13.9170,14.509
-131.4342,1.8948,14.508
167.2853,27.1292,14.508
157.0869,9.6317,14.504
-122.1071,27.8520,14.504
149.2956,-18.3484,14.503
-154.0518,22.2620,14.503
-74.0032,23.9037,14.503
-10.0910,-52.5025,14.502
-172.9897,31.6442,14.501
14.7038,-21.8504,14.499
41.9909,1.8659,14.498
125.3854,6.0939,14.498
107.6536,28.4991,14.498
113.4440,36.9992,14.494
-83.2720,32.6111,14.494
18.5983,-9.7584,14.491
111.0506,42.6894,14.490
-76.7118,10.0128,14.490
-146.6627,-19.3257,14.489
-84.0842,38.0529,14.487
166.6574,10.6946,14.485
-107.6501,45.2096,14.485
81.7863,28.8266,14.484
-137.2884,-24.9117,14.484
51.8163,31.5088,14.483
89.3439,44.1345,14.483
-3.6779,-50.3376,14.482
-170.5540,35.9195,14.481
140.0010,-53.9456,14.479
46.9538,-27.0126,14.478
-132.9900,-26.6512,14.478
-157.0725,10.9734,14.477
-135.8848,-54.8162,14.475
-88.2227,31.2493,14.471
144.9284,20.7174,14.470
155.5058,4.7196,14.467
142.1170,-43.0859,14.467
136.1494,32.6173,14.467
-47.6948,-56.0235,14.467
-30.9812,-36.6461,14.467
169.7362,34.2732,14.466
34.5261,-35.5713,14.464
141.2236,20.6501,14.463
-119.2134,-49.4633,14.459
-122.3224,8.5782,14.458
15.8048,-22.3123,14.456
8.7535,-35.6844,14.450
79.7959,19.5623,14.449
-175.4783,55.0168,14.446
-125.4728,57.6104,14.446
-85.2555,23.4922,14.445
-110.4038,27.1866,14.445
55.7691,-34.5894,14.436
-119.8430,-0.9161,14.436
17.4004,-32.4650,14.435
18.3852,-36.7174,14.429
-179.8867,55.2341,14.427
162.1341,17.4763,14.427
-125.4093,12.8303,14.426
-169.9686,18.8148,14.426
122.8070,-58.7233,14.426
-114.3801,8.8489,14.425
-135.4395,-20.9910,14.423
-92.7774,34.4659,14.422
84.3848,22.5559,14.421
-125.1541,-19.0831,14.418
123.4121,-23.3238,14.417
-173.6397,11.0187,14.417
-138.9446,34.6831,14.416
-0.0516,-23.0016,14.416
84.9389,33.9364,14.416
124.4700,-39.2540,14.415
-93.0272,13.1870,14.413
61.8003,-33.5009,14.413
162.0065,-43.4528,14.411
149.8537,-50.9546,14.410
58.8222,-45.0047,14.410
-159.9820,27.0067,14.409
122.4226,7.5833,14.407
-156.6827,6.3097,14.407
120.3200,-7.3142,14.406
99.3560,4.6058,14.405
62.8429,45.2244,14.402
-101.9202,13.7280,14.400
-91.2300,17.0366,14.399
-129.5207,21.9218,14.395
79.7212,22.8442,14.393
47.8053,-14.6124,14.392
161.5430,13.1471,14.391
66.5658,-15.8344,14.384
-160.7897,-8.8231,14.384
-167.9217,6.2436,14.381
158.6805,6.0363,14.376
171.3551,-27.6119,14.375
-132.7835,-8.6147,14.372
-155.9266,8.2937,14.372
60.9574,41.5547,14.372
68.1161,-53.7794,14.368
122.6062,17.7094,14.366
-96.4765,24.8378,14.366
118.0563,33.3624,14.365
168.5552,26.6420,14.364
154.3119,45.7580,14.364
144.3127,-15.9298,14.361
-122.1691,15.0258,14.357
-167.9953,33.7705,14.356
139.3739,54.3023,14.350
-167.8143,42.2283,14.350
175.7930,-2.1020,14.349
-127.7959,-43.8449,14.347
90.9621,51.0921,14.346
-27.9897,6.4573,14.342
-88.5467,-45.6147,14.339
89.4606,-13.2787,14.338
-118.3079,22.9836,14.338
163.8300,-30.2552,14.335
-15.4406,-48.4230,14.334
9.8913,-12.3861,14.333
-115.9584,27.8873,14.332
154.4700,24.3790,14.330
-130.2503,19.0313,14.330
91.5135,-48.4005,14.326
-172.1483,-13.5353,14.326
152.0506,17.0388,14.325
105.8477,37.1178,14.324
-148.6849,-14.8837,14.324
158.7178,13.8197,14.324
-24.7526,50.6600,14.322
-88.0734,46.3449,14.318
-129.4087,51.6909,14.317
13.8620,-57.4141,14.315
-134.9820,-4.7907,14.315
-133.2690,-5.8993,14.314
142.0388,-10.3255,14.314
167.5997,-2.7302,14.313
-154.6346,51.8163,14.311
-172.6767,3.7516,14.309
99.8159,-47.7995,14.308
115.8768,41.6470,14.308
-112.2091,38.0346,14.307
-176.3352,-6.0577,14.307
127.3054,32.1976,14.304
113.9172,20.3886,14.302
11.8477,-55.7323,14.302
155.1443,37.8371,14.301
-123.1065,10.0998,14.299
159.7619,41.2067,14.298
-174.0751,42.9906,14.298
-129.2584,-44.6667,14.298
-143.4537,-18.2252,14.296
-117.9141,11.2149,14.296
84.4404,-37.5397,14.295
-173.1731,19.1836,14.294
-84.8617,-50.6521,14.294
149.5276,1.7248,14.293
124.3170,13.0318,14.293
-125.9608,-49.9667,14.292
120.6978,23.9632,14.292
-123.7895,-56.0578,14.287
152.2527,-46.3553,14.286
-132.4602,6.6994,14.282
167.6225,42.6915,14.277
125.4754,19.4427,14.275
156.4821,-13.7790,14.273
-158.9477,29.8771,14.272
159.8819,59.9638,14.271
-127.8049,-19.2952,14.270
-5.9803,-51.9159,14.265
-164.4024,17.1978,14.262
117.1353,50.5513,14.260
13.2852,-36.9525,14.258
-172.1864,47.5668,14.258
87.5576,51.5127,14.257
-146.0703,-56.2008,14.257
-67.2750,-11.9577,14.256
-168.8355,18.6280,14.246
-140.9141,30.2049,14.245
121.6533,52.8551,14.244
-139.5336,-37.3356,14.242
-126.4287,-50.1154,14.239
-132.9767,-6.0335,14.239
-155.5385,37.4293,14.239
-44.7683,-42.7952,14.238
71.6133,-23.1879,14.237
-60.5255,-45.5026,14.235
87.7393,12.9508,14.235
-149.2860,11.1450,14.235
122.4920,42.4501,14.234
146.0003,-16.9067,14.232
-113.3229,22.2065,14.231
169.0779,12.6006,14.231
-50.9541,-51.2982,14.231
143.6707,27.4020,14.230
88.9657,-9.6941,14.229
155.9601,15.4311,14.223
124.3185,17.1138,14.220
81.1570,45.1668,14.220
175.4044,17.0637,14.219
31.0243,33.1713,14.218
-156.8281,25.7401,14.217
-31.1583,-44.5853,14.216
-175.3562,12.2709,14.214
73.8672,-31.3138,14.212
58.6900,33.8921,14.211
23.3938,-18.8866,14.211
123.1486,37.0951,14.209
-33.0479,-34.0254,14.203
-77.4110,-53.4663,14.202
178.4638,-1.7950,14.201
-31.5481,-49.3114,14.200
-157.8011,13.7399,14.200
49.3417,-31.7629,14.199
116.8581,1.4066,14.197
-84.2804,28.1826,14.194
-122.1624,56.4413,14.191
-118.6142,37.6318,14.191
-1.4337,-22.6617,14.188
-113.2078,13.4970,14.187
13.1759,-8.4807,14.187
-75.4701,40.3798,14.187
-98.8531,41.7693,14.187
119.6576,8.3415,14.186
99.6437,-32.7504,14.184
-50.2270,-28.7008,14.184
83.8307,-35.7358,14.182
-31.2959,-53.4832,14.182
-173.1153,15.6834,14.178
-96.1027,27.4507,14.174
156.6285,40.1629,14.174
133.3377,28.8088,14.173
149.9046,46.5171,14.172
-158.7961,-54.1161,14.172
118.0877,36.0708,14.165
-58.0851,-26.0392,14.165
-165.7562,-18.4227,14.165
-118.6964,25.2009,14.163
-133.6580,33.3409,14.163
118.3286,-33.9591,14.162
102.8355,-24.0594,14.162
-125.5705,2.8079,14.161
130.8991,42.8488,14.158
-136.3666,59.8562,14.158
-36.9255,20.8978,14.158
-165.2876,-50.8032,14.157
71.1077,-41.4560,14.156
142.1359,53.4491,14.156
-116.5653,-42.1874,14.155
-174.0007,39.0077,14.155
-165.0432,44.7339,14.149
-125.1415,-11.7186,14.148
127.0734,17.5731,14.145
-168.8711,32.3718,14.143
-151.7179,5.9119,14.142
-125.4821,-18.6154,14.141
112.1876,19.0883,14.140
-156.2548,13.6717,14.140
152.6529,-14.7738,14.139
91.4458,35.8076,14.138
155.6797,12.1143,14.137
-80.5410,59.4689,14.134
142.6588,-12.5320,14.133
-79.3661,18.5691,14.131
168.8601,57.9760,14.129
-113.9481,16.8099,14.127
-147.7255,-17.3633,14.126
127.2265,-4.8694,14.126
80.8867,6.0727,14.125
9.5139,-11.6626,14.124
-173.0913,-7.1331,14.124
40.5056,-38.9478,14.116
-178.8411,9.5182,14.115
-150.3127,-23.4798,14.112
7.3980,-5.0325,14.108
-116.8626,26.7703,14.107
128.7385,24.7558,14.106
-168.1522,55.4197,14.106
86.1046,33.6711,14.105
52.8894,-5.4121,14.104
1.3523,-21.2448,14.100
34.0428,-34.7352,14.100
171.8801,-32.5307,14.100
167.7718,15.7665,14.099
-168.0580,42.6571,14.099
-123.5379,-38.7982,14.094
165.5971,-23.8391,14.094
-170.4842,19.0764,14.094
-48.6333,-29.2391,14.093
129.4704,27.9997,14.092
78.9785,17.7595,14.091
-97.9308,52.9008,14.086
174.7909,42.7255,14.083
-105.7793,18.2734,14.083
-172.8877,-59.4090,14.082
-117.6657,14.7511,14.082
159.4046,7.6654,14.079
-64.5732,-29.5263,14.076
76.7339,23.8421,14.075
-73.1488,0.6396,14.074
-119.3148,27.9608,14.074
-116.0002,-32.3486,14.071
153.7453,15.9629,14.071
-125.5268,-9.0558,14.070
127.5818,28.5826,14.070
-91.1748,26.8343,14.068
-137.4702,13.1634,14.066
169.4326,26.7974,14.063
115.7555,27.7686,14.060
-124.6116,-41.4732,14.059
7.7529,-48.6723,14.056
-102.9560,54.9399,14.056
-142.5903,29.7943,14.055
-160.7124,18.8957,14.052
-84.9386,23.7169,14.051
-115.4733,39.9260,14.051
95.8455,-38.9130,14.049
171.8469,19.3367,14.046
-143.0839,-56.4407,14.045
-137.3513,-17.0602,14.044
144.2089,34.8798,14.044
121.2228,48.8954,14.040
-49.9929,-22.5162,14.040
58.6899,-56.3468,14.035
179.0591,-10.1889,14.033
-173.6753,-14.4877,14.033
-157.1127,21.5281,14.032
103.8636,6.3702,14.032
106.6539,2.9688,14.027
-111.4672,12.9500,14.025
-120.7289,3.6830,14.025
-136.5058,-23.3219,14.023
71.2366,-45.2296,14.022
-132.9739,-21.3024,14.021
-105.6660,28.9653,14.021
-139.3593,24.4870,14.021
168.4595,-12.7439,14.013
-162.5887,-31.8020,14.012
-103.7094,13.9717,14.007
-65.1794,-32.7295,14.007
126.3590,32.7710,14.003
-133.8008,12.0293,14.002
-110.1275,19.1725,14.002
-68.2299,2.8473,14.001
22.1065,-25.5213,14.000
86.7692,29.4253,13.997
109.5158,41.8625,13.996
-165.4134,-43.6806,13.994
41.1041,-18.6662,13.993
169.5857,34.7444,13.991
36.1945,-7.1644,13.991
41.7829,-3.9837,13.990
-173.0869,5.2341,13.989
-172.8727,-25.6475,13.986
-129.6651,-38.3489,13.984
8.1560,-32.6987,13.982
119.8931,-21.0426,13.980
146.9476,-8.9414,13.977
-114.1658,-41.7424,13.977
165.3521,-53.5415,13.975
160.3457,-20.1354,13.974
-134.5309,-53.3041,13.972
155.0444,15.2004,13.971
-139.2500,25.2509,13.967
-148.6105,27.6720,13.966
102.7864,-26.6223,13.963
125.2298,1.9535,13.962
-76.2919,11.1807,13.961
-110.4149,15.7888,13.958
-91.6941,48.9403,13.958
139.9182,12.3822,13.957
73.5361,23.5164,13.956
35.1983,-5.1363,13.956
-155.0128,31.6549,13.954
106.3947,20.0070,13.954
-166.9933,30.4418,13.952
131.9413,45.2444,13.952
58.0014,-48.3208,13.950
80.0884,21.8194,13.949
113.1180,52.9468,13.949
56.3327,-56.1885,13.948
132.8733,54.9182,13.948
90.7631,-50.7117,13.946
-131.8491,-54.6166,13.946
-142.3865,33.6165,13.944
133.8250,51.9247,13.944
-6.9230,-25.8620,13.943
-122.7853,-43.3612,13.943
147.1498,-41.1451,13.943
21.5419,-43.8883,13.940
70.5961,24.2780,13.938
-30.6100,-56.5575,13.935
-6.5008,-34.1008,13.934
-173.3495,10.4756,13.934
-111.8377,5.6765,13.929
163.9919,17.4776,13.927
148.8573,-54.6349,13.924
45.0995,-47.3624,13.924
-135.8088,-46.7029,13.921
63.8563,-39.9206,13.919
75.8252,59.7833,13.919
174.7568,40.0464,13.919
3.2090,-7.5820,13.918
-53.8351,-48.0069,13.917
-171.0247,-9.7890,13.916
101.3355,-10.1360,13.916
86.6789,-17.1320,13.915
125.9459,16.0265,13.914
-172.9176,52.4256,13.913
-116.7475,-53.5498,13.912
157.5916,-13.7818,13.908
33.6350,-53.7549,13.907
5.8295,-52.7873,13.904
-19.0275,-46.5991,13.903
141.0215,59.7553,13.902
127.9835,34.9934,13.899
-7.5662,-49.7054,13.893
-135.4561,20.7771,13.893
158.1810,-23.8280,13.892
-143.8896,35.8520,13.890
42.2401,13.3287,13.890
-161.6017,-31.1934,13.889
-135.9869,11.2109,13.888
-87.5886,20.0667,13.887
111.4397,24.3005,13.887
-131.2336,4.7666,13.886
47.7765,-46.6170,13.884
-141.1847,40.0894,13.882
-152.3095,15.1871,13.880
146.1125,49.9633,13.879
-8.0760,-38.7571,13.876
167.8197,-2.2511,13.875
132.8032,-26.7036,13.872
-86.2121,-18.3246,13.871
129.3844,-2.5805,13.871
-41.6200,-47.2655,13.869
35.4344,-9.2256,13.867
-53.2991,-7.6909,13.866
-141.8785,-38.3899,13.865
60.0616,-48.0357,13.865
-11.1058,-32.1548,13.865
-155.4409,29.4870,13.861
-112.2756,29.4607,13.861
-123.2792,39.7676,13.861
-127.1430,-11.6979,13.859
-123.0632,-10.0300,13.858
-133.3428,-16.8048,13.858
-127.9353,6.9795,13.854
19.6354,-45.2019,13.854
7.3415,2.0734,13.852
-117.6329,11.5114,13.850
-71.3376,-5.3949,13.847
-24.5344,-46.5149,13.846
114.7457,-26.5908,13.845
156.3608,-14.2660,13.845
-32.3185,-37.5264,13.843
-93.4626,25.5563,13.842
85.8792,-13.0958,13.838
-160.3388,4.1216,13.835
-118.6032,41.1035,13.834
6.2757,-33.3630,13.832
134.5812,48.8569,13.832
-121.7106,26.3974,13.830
170.4550,8.9023,13.829
163.1195,59.4584,13.828
18.8454,-29.1538,13.826
-107.0717,34.1498,13.825
47.6492,48.5078,13.824
-151.5804,39.8360,13.823
-58.4154,-5.2254,13.823
-118.0710,-22.9669,13.819
28.2467,-47.3545,13.819
-133.2706,-23.9942,13.816
47.6539,-1.9043,13.815
-32.3056,-49.5681,13.811
157.8614,43.4912,13.810
-125.1695,-32.8736,13.809
29.8179,-31.2104,13.808
172.3625,28.5996,13.807
142.9910,-3.7447,13.806
-52.0442,-28.5693,13.805
-97.3329,43.6855,13.802
141.5274,4.3472,13.801
-137.1947,17.1271,13.801
76.0648,-16.3936,13.799
-130.3955,-36.3687,13.798
153.1917,12.1108,13.798
-98.2798,-21.7778,13.797
15.0882,3.9490,13.797
-142.8358,8.2466,13.793
20.0847,45.8199,13.792
101.0807,-13.7651,13.791
-153.1065,-9.2036,13.790
-120.7674,13.5888,13.790
47.4927,-44.8783,13.789
-69.0406,-57.9493,13.789
-117.1839,21.2096,13.786
-119.2431,20.6403,13.783
-103.3788,50.8669,13.781
109.7849,30.1097,13.781
94.7263,22.0601,13.780
69.9032,-38.5923,13.780
38.9564,-26.9535,13.779
130.2999,54.5005,13.779
119.8015,-58.9499,13.778
145.0530,-3.1142,13.778
171.1152,14.7248,13.777
-102.8236,18.3178,13.777
136.3478,58.2718,13.776
-92.6760,-27.1039,13.775
-164.8646,-16.0371,13.774
-44.0754,-29.4131,13.774
-69.5429,-0.7360,13.773
8.8976,-25.7178,13.773
-73.5096,3.8314,13.773
104.5219,-6.9723,13.772
80.1181,42.1003,13.771
176.4818,23.4387,13.767
73.6900,10.1644,13.765
27.5769,-41.2139,13.764
-112.3754,10.3734,13.764
-156.9368,22.1086,13.763
70.8133,41.2462,13.763
-87.1313,27.3714,13.762
-143.9292,-45.1886,13.761
-101.7483,11.5776,13.756
-123.6850,13.3951,13.756
164.3025,7.0549,13.754
100.1547,-24.4997,13.752
69.6159,-7.4291,13.745
11.2115,-52.2849,13.744
-52.7921,-28.8074,13.743
-151.6984,-26.8707,13.743
50.3026,19.7813,13.742
97.8995,-37.2171,13.742
-170.4382,23.2816,13.739
130.2317,30.1678,13.738
156.0780,-52.0546,13.738
44.3470,-40.1628,13.737
106.8480,11.7969,13.737
-124.8063,24.1058,13.737
172.1641,36.7233,13.736
159.6969,-49.5613,13.732
-147.2365,-30.0618,13.728
-81.9898,14.0238,13.727
60.3522,-41.1793,13.727
-69.8908,0.8026,13.726
-58.5444,-28.6653,13.725
115.8446,17.9153,13.720
-114.2942,42.9489,13.719
-18.0103,-44.2021,13.719
-144.1633,-18.4677,13.715
178.8249,48.1840,13.714
-155.4891,11.4598,13.713
168.8440,28.0805,13.713
175.1400,-0.9663,13.713
-83.1230,-52.1550,13.708
42.7084,-56.0443,13.707
167.7180,42.5096,13.706
-85.6646,14.3350,13.706
-83.1165,42.1114,13.706
-76.9479,-59.3682,13.706
-178.4176,-20.5496,13.706
145.0490,-34.8091,13.703
78.6723,26.7377,13.702
179.9299,57.0158,13.702
-77.1353,18.9769,13.699
-123.1099,-50.7902,13.698
57.4037,-51.2567,13.696
72.6383,-18.5043,13.695
150.3089,-41.9324,13.694
127.8828,-1.9594,13.694
-174.0782,38.3581,13.688
77.3052,-14.6987,13.686
-91.8436,50.5634,13.685
100.6573,-12.5546,13.677
-146.4217,-13.4556,13.674
-144.9120,34.9287,13.673
-139.5953,-12.4815,13.673
144.1002,-48.0048,13.669
163.1046,7.2537,13.668
-175.9451,43.8434,13.668
99.0760,23.7009,13.667
107.1783,9.2830,13.667
-108.0527,29.1533,13.667
74.7191,29.1214,13.664
-126.6919,-33.1896,13.663
120.4352,23.2573,13.662
-95.1934,51.0089,13.662
171.1842,22.5591,13.661
-133.7942,-1.9480,13.660
-151.4848,3.0226,13.660
-152.5066,-56.9562,13.658
-31.9870,32.4694,13.658
-133.5171,-14.3828,13.656
-146.6253,-20.8481,13.655
-69.6876,4.5114,13.654
-31.2679,34.4770,13.654
-58.7343,-41.0068,13.653
178.5667,-2.5368,13.648
-156.5834,21.9299,13.648
-179.9738,35.6953,13.647
27.1405,42.7906,13.645
-123.3183,-48.5367,13.645
-124.0622,6.5591,13.644
155.4785,-34.9670,13.644
-78.3074,49.0623,13.639
85.2679,-58.0586,13.637
131.3261,-35.6490,13.634
59.8529,-43.1499,13.634
-165.0140,-28.7248,13.633
145.3400,55.3383,13.629
-61.9658,-23.0027,13.625
-113.4873,12.5506,13.624
79.2470,-46.2170,13.621
-175.6133,40.7309,13.620
-59.3967,-4.5512,13.618
-145.5296,-42.5793,13.618
43.3858,-19.7272,13.618
-146.4745,24.4107,13.615
-137.4824,38.5177,13.612
-129.2970,12.8546,13.608
153.1935,-12.6706,13.608
-76.1544,20.6575,13.607
31.2942,3.0342,13.606
-154.9340,34.3349,13.606
-173.4009,12.4088,13.606
-111.3706,23.7618,13.606
-140.6924,29.3071,13.605
-146.7571,-12.9293,13.602
85.2838,-57.7986,13.602
96.4182,-27.5360,13.601
-160.3890,41.8854,13.600
150.5258,-20.5077,13.596
162.1229,33.5377,13.592
166.5740,0.3842,13.592
-168.6500,43.8912,13.591
145.6079,-30.6113,13.591
-124.6233,36.5032,13.591
66.9747,-54.2927,13.590
36.1298,1.5902,13.587
-43.1967,-45.8304,13.587
-33.6903,-47.5205,13.587
52.3731,-36.0820,13.586
-73.9570,11.4602,13.584
19.6446,13.6488,13.584
-45.0583,57.5303,13.583
80.2009,5.3620,13.581
61.5522,-20.4065,13.581
66.9862,2.1529,13.578
160.4044,41.1301,13.576
-97.4672,48.1029,13.575
70.8486,26.3235,13.575
-103.5601,51.4906,13.573
-150.1873,38.0548,13.572
129.9485,25.4215,13.571
47.8416,25.7531,13.570
174.2136,9.8961,13.569
105.0480,16.6284,13.568
-172.4081,-15.8955,13.567
-145.4912,41.2939,13.567
-95.0294,51.4818,13.567
124.5908,-44.8255,13.565
54.3049,-40.6035,13.565
174.6023,11.0904,13.564
-128.7157,27.9404,13.563
-99.5027,30.5267,13.561
134.6897,34.2145,13.560
158.1464,12.6574,13.557
-179.0932,-59.5213,13.553
-45.0009,-28.9368,13.551
107.6632,24.1742,13.550
166.6914,-28.3439,13.549
131.2159,40.3057,13.549
-118.7479,20.4549,13.546
82.2727,0.9984,13.546
115.5134,24.3125,13.544
134.2998,50.8179,13.544
10.0548,-20.8206,13.544
-165.0595,-51.5466,13.544
-176.9310,48.9100,13.542
-94.9029,13.3581,13.542
-154.6110,-10.9017,13.541
161.9121,7.9387,13.541
130.3060,-0.3895,13.538
-98.0260,7.7488,13.537
105.2534,-7.3063,13.537
41.7588,50.3043,13.537
-95.9273,23.2307,13.536
19.7152,-57.8157,13.535
-147.6467,47.4569,13.533
-142.7380,-21.6199,13.533
73.4924,-49.7997,13.533
-91.0886,48.3242,13.532
-107.7021,38.0477,13.532
11.2278,-10.7903,13.531
-45.9871,-19.7659,13.530
161.9304,20.5209,13.530
-98.0732,13.9114,13.529
-83.3963,-18.2639,13.527
-110.3182,-27.0739,13.526
-98.0940,47.8896,13.526
175.2715,24.0824,13.526
50.5229,-27.4142,13.525
119.3859,30.4332,13.525
-42.5535,-32.4011,13.523
-132.6935,7.0951,13.521
-115.3685,15.5128,13.519
-179.5978,59.7491,13.519
98.9014,-55.1628,13.519
-120.1972,4.6001,13.517
1.8775,-9.4353,13.517
121.3443,47.1969,13.517
-25.0757,-31.1501,13.516
-128.3545,44.8738,13.514
-135.0216,-7.6370,13.513
45.9947,-32.0676,13.513
133.8475,43.8647,13.512
-133.3502,-15.2007,13.512
114.7930,39.1474,13.510
41.7625,40.3154,13.509
-171.2456,7.3958,13.509
125.6539,33.1794,13.507
130.1587,9.5448,13.507
-146.4746,-36.4912,13.506
-55.3375,-35.1096,13.503
154.2973,2.3132,13.502
159.7009,9.5234,13.501
-165.8620,15.6989,13.500
176.0230,-8.9104,13.500
-171.0360,-13.0148,13.500
-147.2781,33.8603,13.498
-118.0783,10.4548,13.497
-143.2533,-57.8538,13.496
161.5633,-47.7448,13.492
-149.7516,-23.3797,13.489
164.3895,-43.6199,13.485
98.0307,-23.9663,13.484
-154.1118,-27.2114,13.483
-4.4370,-48.8650,13.483
94.7090,-48.9832,13.482
70.3147,-56.3102,13.475
-117.7591,18.2910,13.473
14.7682,15.7041,13.473
-105.2476,49.7590,13.471
-41.0899,-58.4003,13.470
90.4239,46.8237,13.468
127.1956,-13.1443,13.467
126.3143,36.1841,13.465
7.8063,41.7580,13.462
174.6523,-52.7243,13.461
163.7878,3.0798,13.461
-115.3878,8.4924,13.459
-106.5457,26.0238,13.459
170.4142,43.9990,13.459
-157.3705,-35.6440,13.458
-168.8735,18.9098,13.458
48.4035,-35.4005,13.457
-156.7520,50.3629,13.457
-158.0440,10.6308,13.456
-167.9354,11.5728,13.454
-151.1110,-9.4019,13.452
-92.9180,53.3075,13.451
-148.0010,15.0754,13.449
133.0552,-7.2087,13.449
-108.5623,23.5846,13.449
89.0236,27.6245,13.449
-126.7851,-41.6708,13.448
20.8167,-47.0704,13.446
-158.7143,11.1764,13.444
-157.5938,-43.5266,13.442
86.8776,-19.0603,13.442
-135.1819,24.6159,13.441
34.3749,-50.7462,13.440
-155.6890,26.2218,13.440
23.5967,-42.4619,13.440
-109.1817,37.9759,13.439
-151.3332,-45.3301,13.439
33.2884,-0.4917,13.438
-62.6416,-9.1565,13.436
83.2288,28.7222,13.436
-128.5581,-5.6737,13.435
154.9041,-10.3933,13.435
-92.8510,20.8492,13.430
99.8626,-0.0098,13.430
64.2347,45.0987,13.429
-62.3675,-20.6176,13.429
75.2521,35.2542,13.427
86.3978,-20.6965,13.426
-100.2001,11.1298,13.426
-157.3649,32.6709,13.425
46.5446,18.3630,13.423
158.6827,19.6588,13.422
145.6893,-26.0646,13.422
97.5355,-27.8941,13.422
-149.5671,24.7202,13.418
-118.4578,20.2105,13.418
157.1723,-12.5148,13.417
107.4635,-52.1898,13.417
-98.8530,46.7135,13.417
-149.3143,34.3647,13.416
-129.0791,-21.3424,13.416
116.7927,23.8403,13.415
42.6398,-18.3844,13.414
123.4608,7.3844,13.414
145.4062,22.6681,13.411
-126.2505,38.2196,13.411
-132.7145,-16.2608,13.410
174.5362,-5.1549,13.407
65.5384,25.8507,13.404
110.0685,-0.7764,13.403
-129.9877,-21.5167,13.403
111.2865,29.4914,13.402
94.5484,-48.3981,13.400
-107.0988,49.2332,13.399
122.7147,-2.8917,13.399
165.1017,20.5397,13.398
52.7927,13.1793,13.391
74.6677,13.3719,13.382
-115.9766,-47.3464,13.379
1.0580,-27.2286,13.377
-0.0112,-24.2895,13.377
-7.5205,-56.9326,13.376
135.4070,56.0724,13.375
-155.1498,12.5024,13.373
150.7548,22.6164,13.373
178.1756,-43.7398,13.372
-142.1440,31.4137,13.370
131.3498,28.3638,13.370
140.1996,15.2422,13.370
176.1413,-42.9297,13.369
28.8617,-59.4281,13.369
-96.3617,44.3320,13.368
-110.1195,43.7017,13.367
134.1500,-11.6391,13.364
-114.2860,11.8659,13.363
67.8162,-55.3770,13.362
-85.7301,58.0562,13.361
153.1046,-48.8455,13.360
146.1381,45.2859,13.358
126.9588,2.7585,13.357
158.4676,14.7727,13.356
-117.2552,32.0835,13.355
-29.2810,-44.4848,13.354
123.5126,54.5638,13.354
16.7888,-14.7045,13.354
-129.5715,57.1673,13.354
-176.1172,-59.6500,13.353
157.0869,4.7905,13.352
-122.8326,46.2904,13.346
-159.6424,-39.7308,13.345
-137.8087,13.1812,13.343
26.0097,-40.7590,13.340
-145.0540,16.8505,13.339
123.0644,52.5482,13.336
-177.7049,-14.5887,13.336
164.4211,-3.4625,13.335
-149.0496,1.7440,13.334
118.4399,15.9679,13.332
171.5038,4.9023,13.332
-176.8069,-14.0678,13.331
176.3732,33.9198,13.330
-81.3111,13.0357,13.329
135.4924,-37.8270,13.328
-63.9008,-43.8438,13.326
-168.4691,-45.9597,13.326
70.9563,23.1722,13.325
150.0102,-36.5226,13.324
162.6954,25.2354,13.324
-132.8803,15.0328,13.321
-167.5451,-15.2939,13.318
134.8988,19.6549,13.317
56.2940,-43.6648,13.317
155.1771,17.7700,13.315
-135.4117,44.4947,13.313
-88.8304,49.4420,13.312
116.6237,17.1715,13.312
-15.9886,-9.5244,13.311
76.3321,44.1888,13.308
-174.1679,23.2998,13.308
-118.6419,30.1217,13.308
-171.4630,55.4131,13.308
162.2727,-17.3274,13.308
125.7971,44.8355,13.308
-140.3322,-5.1280,13.308
15.2779,-5.2842,13.305
100.1272,-27.1706,13.305
-104.5623,11.6730,13.305
0.6696,-26.2120,13.302
-154.5215,11.5564,13.302
-151.7681,-9.0640,13.301
-139.1339,4.2499,13.299
84.6720,-23.9837,13.298
-112.9901,32.7584,13.298
-52.2510,-43.7493,13.295
-123.6916,22.0001,13.294
129.2479,25.0132,13.293
126.2216,-14.9164,13.293
158.1112,-18.3045,13.291
-122.4527,-34.8329,13.290
-177.1687,-51.1717,13.289
155.0939,-6.0304,13.289
-114.5160,31.3477,13.287
-109.9896,29.3939,13.285
-53.8481,-35.2938,13.283
-114.1142,26.9715,13.280
171.8963,29.7383,13.279
-137.3439,-45.1099,13.278
115.2332,-23.3460,13.278
-109.1676,24.6987,13.277
116.4951,4.1291,13.275
-109.7997,55.2381,13.274
121.7093,26.3126,13.274
-147.7540,-45.8559,13.273
66.3111,21.5972,13.271
-147.2301,24.7860,13.270
23.8425,-54.2303,13.268
39.2854,46.4685,13.268
-111.6687,11.0249,13.268
128.0105,-6.3600,13.265
39.7405,-27.5510,13.264
100.0542,20.6925,13.262
16.2849,-45.6099,13.261
-128.5927,47.5408,13.259
-144.9636,-35.5705,13.259
-89.1609,55.0946,13.258
-129.7432,-44.9280,13.257
-124.7992,44.6799,13.256
143.7895,-59.5759,13.256
109.7169,43.8200,13.255
-132.2249,11.9631,13.255
172.6128,-10.7822,13.254
-167.4601,39.2823,13.253
-118.9437,23.1916,13.253
146.4100,25.1812,13.251
56.1661,-47.8163,13.248
139.2185,-1.7084,13.246
71.1280,1.4243,13.244
179.4835,-8.0186,13.244
107.4274,-6.0404,13.242
155.4299,56.7960,13.235
157.2640,-44.3392,13.235
-127.2086,21.8543,13.234
-160.0179,-19.5698,13.234
175.9119,12.2581,13.233
-137.5892,1.7999,13.233
111.5176,12.8583,13.232
-88.3025,1.1625,13.232
-163.9028,46.3581,13.230
-102.1755,42.8593,13.230
-34.0849,-17.3377,13.228
106.1818,8.6149,13.225
42.9140,26.4754,13.224
44.8380,-22.4091,13.224
164.0155,-19.6196,13.223
82.3035,58.2336,13.222
-178.9786,54.0211,13.222
23.1166,-13.7756,13.221
-146.1097,25.8453,13.221
-167.3882,53.5085,13.220
-177.0162,-9.1944,13.220
-130.7232,35.7634,13.220
-157.5671,-11.8341,13.220
-106.8252,19.9775,13.219
-176.3654,51.6542,13.218
-114.1194,30.4612,13.217
31.0534,-59.0856,13.215
-140.2938,-22.5064,13.210
128.1261,27.1722,13.209
-112.5752,14.1534,13.207
-99.2344,19.2321,13.207
117.9261,-45.7232,13.207
-102.0468,24.4107,13.207
62.0324,-56.1095,13.204
-170.9507,42.3897,13.204
-176.6145,30.3594,13.202
138.5881,57.4851,13.200
-61.5297,-15.9774,13.199
126.6170,-0.3601,13.197
-170.5946,15.2933,13.195
-139.0496,-40.5491,13.195
-108.7858,-57.3390,13.194
-77.5654,-41.8519,13.193
72.8784,45.9716,13.192
-153.3100,-16.7260,13.188
8.4680,-25.7973,13.188
-145.9784,-42.1804,13.188
-131.6263,6.7857,13.186
153.3591,-14.0107,13.184
97.0787,-12.0229,13.184
-113.1278,10.0262,13.183
-91.8847,25.0418,13.183
-178.6377,-47.1200,13.182
138.4177,-34.1637,13.178
112.9550,25.1220,13.176
-158.7406,-9.8662,13.174
-123.9665,46.6066,13.171
-84.3498,10.9410,13.170
109.4773,-41.6636,13.170
-127.7193,-5.8172,13.166
113.7529,36.3989,13.165
-146.6565,37.6523,13.161
-111.1119,-46.8645,13.160
-156.1643,-14.3938,13.158
-171.6271,20.5962,13.158
-151.3124,-13.7247,13.156
-119.3456,20.1298,13.156
-102.6543,16.1471,13.153
-154.2789,35.4167,13.153
-144.2192,-17.0931,13.153
149.8543,-11.5072,13.153
176.6342,-1.9955,13.150
128.0047,57.0171,13.146
-30.0483,-45.9692,13.146
76.6923,28.2482,13.145
-133.6162,-38.9821,13.143
86.9596,2.7535,13.141
99.3595,8.1462,13.141
95.0415,2.5009,13.140
-171.6995,5.8926,13.140
-155.8233,32.3653,13.140
49.1584,-43.8794,13.139
117.6138,-3.9444,13.138
131.3328,42.1912,13.138
-79.8269,37.6671,13.136
114.6082,-21.6931,13.135
-158.1169,38.9581,13.135
-160.7855,21.1863,13.133
150.1844,-23.1790,13.131
115.2939,49.6093,13.131
-116.0680,59.6973,13.131
164.2492,2.2298,13.131
177.4523,4.5669,13.131
-151.4404,17.6397,13.130
162.8872,30.0613,13.127
99.2782,-26.2587,13.127
-120.2780,22.3086,13.127
-127.8263,-47.0456,13.126
-21.3636,-32.0194,13.126
-20.4111,13.1536,13.125
-121.7632,13.0943,13.125
143.1232,1.0248,13.124
-1.2679,27.9214,13.121
-164.5969,36.4146,13.121
126.1971,-52.3110,13.120
-135.7832,10.5806,13.119
-167.5089,0.1276,13.118
48.2726,-31.4011,13.118
60.1411,-5.6558,13.116
51.0814,-22.6934,13.116
103.3328,-30.0853,13.115
98.3017,1.5088,13.108
145.9215,-34.9553,13.107
-129.1955,27.2146,13.107
129.7097,0.4237,13.105
-171.8890,45.6314,13.105
-144.4703,-19.4336,13.104
127.0204,32.7324,13.104
62.4624,30.3544,13.101
-63.6449,-43.1453,13.101
-37.8796,-37.7833,13.100
159.1977,-26.2902,13.098
46.3533,8.8154,13.093
-144.1594,-6.9967,13.093
-86.8873,22.0553,13.090
58.8094,-50.9350,13.089
130.4604,5.5718,13.089
-124.4051,23.7946,13.089
-121.9192,8.0168,13.089
-153.3585,36.6635,13.086
-132.1290,48.5656,13.083
137.5617,30.8170,13.083
-61.1204,-45.9552,13.083
-137.6065,27.6910,13.080
6.3809,-12.9483,13.075
-60.1501,-13.5541,13.074
173.4565,-13.8603,13.074
-123.7743,54.7066,13.070
127.5798,-13.3019,13.070
-144.9007,17.4685,13.069
-88.1748,42.4556,13.068
-126.8852,26.1920,13.063
69.8239,26.5853,13.063
35.3965,-22.5742,13.062
43.9177,-25.4166,13.062
137.3003,-4.2993,13.060
87.5040,25.4245,13.059
-114.6343,27.2690,13.059
161.8564,16.8923,13.058
20.5033,-32.9679,13.057
114.0362,-44.9267,13.056
-168.5891,3.2069,13.055
141.1969,51.3103,13.055
59.1543,-43.9451,13.053
133.2874,-3.2521,13.052
-3.2384,41.9193,13.049
-164.7232,52.1139,13.049
13.7363,4.1625,13.048
165.4506,14.5686,13.047
-157.3187,13.2369,13.047
-148.0532,-5.6369,13.045
-99.9566,51.7449,13.043
138.3056,46.2800,13.043
-119.1089,17.5374,13.043
85.8011,-47.7074,13.043
-175.6540,-53.9458,13.042
-137.8194,26.1397,13.042
-116.8873,24.3846,13.041
-57.4547,-39.5390,13.039
-142.7987,-57.8405,13.038
-107.6071,14.1186,13.037
121.6127,-45.2032,13.037
13.9252,-54.5355,13.036
-179.0823,-3.9309,13.035
22.2706,-20.2070,13.035
-177.8482,9.6283,13.035
155.2442,53.1526,13.035
145.4630,-25.9217,13.035
64.6157,-2.8166,13.033
-159.5807,-47.0630,13.033
1.1184,3.9894,13.033
166.8070,28.2888,13.031
-53.6728,-46.8800,13.030
117.1958,7.6867,13.028
-63.8150,-58.1343,13.028
155.8337,57.3864,13.027
61.2275,8.4797,13.025
-131.8409,-7.1754,13.025
49.3878,-32.6827,13.025
178.1821,-19.5476,13.023
116.8153,-25.4647,13.023
83.8659,51.9195,13.021
169.9984,-48.3605,13.020
16.8933,-24.0430,13.020
9.3964,-21.4549,13.019
-94.6578,45.6164,13.017
-122.1298,27.6060,13.017
-95.4534,-49.9470,13.017
-109.9301,51.6402,13.016
-122.2056,5.7398,13.013
-164.3211,-7.8716,13.011
-132.2264,35.2755,13.009
25.6255,-34.4940,13.008
122.6309,44.4561,13.007
-92.7658,18.5151,13.005
150.5906,50.8738,13.005
102.4667,-5.3712,13.004
-157.1286,8.1338,13.001
-152.4789,29.8110,13.001
175.0984,39.6930,13.000
8.3153,-10.7266,12.999
-111.5464,26.8432,12.999
-165.7722,32.0707,12.999
-130.2377,12.6952,12.998
-151.8194,59.1801,12.995
-26.0409,-14.1355,12.995
174.5958,39.4548,12.995
-136.5290,-15.9277,12.993
82.1401,21.8609,12.990
171.9127,44.6614,12.990
86.0216,18.8756,12.989
-128.5687,7.9831,12.989
-133.2958,25.2160,12.988
58.9441,-53.7322,12.987
-60.8617,-36.7170,12.986
-7.7469,-12.2385,12.986
115.6167,21.3373,12.984
81.3060,-41.4350,12.984
-159.5639,-17.6460,12.983
71.7262,-21.9248,12.982
-126.9347,-32.3576,12.980
150.8252,8.7410,12.979
42.4749,-33.0597,12.976
10.7549,-16.4319,12.975
-57.8328,-38.6608,12.974
-163.0739,43.0834,12.974
147.8949,-7.6324,12.973
-131.6888,-55.5155,12.971
-4.5077,-24.8309,12.971
-137.9548,-8.3122,12.970
143.4661,2.2705,12.970
37.3740,-19.8241,12.965
-139.7620,-15.8383,12.962
-96.7609,31.1599,12.959
101.0803,15.0340,12.958
-81.4832,51.6851,12.957
124.6891,25.6697,12.955
41.9364,-25.6001,12.952
-160.4539,58.4601,12.952
-171.2993,21.9340,12.951
-144.5645,7.3814,12.951
20.7220,-28.7438,12.948
26.4898,-37.8986,12.946
66.4706,7.7141,12.945
-126.8712,-32.9554,12.945
-168.5901,-46.4347,12.945
153.2474,-35.7674,12.941
7.9667,-33.7519,12.940
-164.3467,-20.6761,12.939
-115.9447,16.4041,12.937
32.6140,-5.4010,12.934
-49.6959,-56.0687,12.933
-97.7023,54.3088,12.932
110.0918,-9.2165,12.932
-105.4843,-56.3250,12.932
127.3317,26.0559,12.930
118.7121,8.3564,12.930
-152.4291,-42.5167,12.928
-101.9524,19.0525,12.927
6.5100,-25.6841,12.927
65.1415,56.8510,12.925
-12.0289,-54.1439,12.921
-141.2651,-31.2171,12.920
-117.6344,3.5834,12.918
-150.2739,-1.2724,12.918
-85.8143,-51.5272,12.917
141.1973,29.4046,12.916
152.9693,-18.2917,12.915
-123.6014,45.7093,12.914
-150.4640,22.7232,12.912
-168.9174,36.3586,12.910
-162.9995,-42.2622,12.910
43.4319,-34.0505,12.909
-164.9122,34.3064,12.908
-144.9669,-11.4750,12.905
-113.4439,59.2768,12.904
-113.8791,25.9213,12.904
-123.3896,-21.7340,12.904
-175.8444,14.9106,12.903
73.4906,-47.8346,12.903
-80.9107,-52.6547,12.902
52.8907,-57.0669,12.895
116.0829,-12.0258,12.895
142.7304,50.8642,12.894
10.2822,-45.1244,12.894
149.5698,24.2342,12.892
-163.7234,49.6517,12.892
65.7441,-8.9656,12.891
-144.0944,-14.2201,12.890
-179.0344,3.4293,12.889
133.0765,28.1100,12.887
88.1971,-13.4287,12.886
111.1015,30.3948,12.884
179.4283,20.8935,12.884
-112.3947,-56.3496,12.884
-153.7323,2.0611,12.882
-54.3431,-30.0367,12.882
21.1052,-13.4891,12.880
-157.2883,-21.1069,12.879
-149.5237,-15.6486,12.878
62.8289,-40.1340,12.877
150.0204,51.1227,12.876
38.3338,-9.1228,12.876
44.3274,-29.9325,12.875
129.8282,-36.5226,12.873
175.4967,11.7736,12.873
-139.1100,-19.2968,12.867
-4.3747,11.4435,12.867
165.1170,47.3620,12.864
99.4735,45.5211,12.863
-173.1176,-11.1032,12.860
-114.5355,26.8529,12.859
65.0060,-34.2190,12.859
149.1110,-11.0865,12.858
-72.3902,49.8467,12.858
-122.3231,18.4106,12.856
-115.2994,6.9589,12.855
-57.9793,-37.2451,12.854
-153.0063,5.4364,12.853
157.2254,5.6991,12.853
-164.9688,-8.1648,12.852
139.6609,21.9179,12.851
131.7772,-30.4823,12.850
-122.7928,27.4335,12.849
88.9962,41.4309,12.847
145.5770,-2.6642,12.844
42.4908,28.9594,12.844
-178.8846,25.7872,12.843
92.6335,-9.1028,12.843
-162.5621,-5.7393,12.843
-173.0689,50.8659,12.841
-129.1018,11.2184,12.839
-62.6351,-59.6700,12.839
123.7908,0.0312,12.838
-18.5043,-48.6847,12.836
51.2135,2.2571,12.836
-53.6028,-9.2497,12.834
-123.5669,5.3900,12.834
-159.1109,-40.6869,12.833
113.0027,-48.6254,12.829
104.6850,14.4768,12.826
-86.7343,40.8627,12.825
139.3953,57.1399,12.824
-111.0188,12.1303,12.822
-124.7964,3.4959,12.821
-128.8834,-10.1776,12.821
-33.1578,-20.7513,12.818
99.6960,8.5999,12.814
127.8834,31.9240,12.814
68.6425,-43.5350,12.812
-127.2761,-44.6142,12.809
-172.5551,31.7414,12.807
-64.7222,-38.0952,12.806
179.4327,11.4879,12.805
-86.6294,36.8390,12.805
-159.4737,41.3902,12.804
4.4368,-44.6482,12.804
17.7900,-52.4386,12.804
118.9560,24.6353,12.804
119.9787,41.9876,12.803
-61.3426,-47.4234,12.803
-131.4524,-51.0938,12.802
-162.1797,-50.1718,12.802
83.9187,-52.0652,12.798
74.8275,-16.4451,12.797
150.8426,14.6142,12.797
165.2351,23.9050,12.796
65.7075,32.5058,12.795
14.7189,-50.8984,12.794
101.7569,14.7434,12.793
123.8785,-25.3739,12.790
64.0721,-40.9024,12.790
-116.2250,-10.6130,12.788
115.1669,40.7154,12.788
127.8828,5.5953,12.788
136.9808,-6.4655,12.787
178.8914,28.4828,12.787
-80.3452,-29.4897,12.786
86.2311,21.0746,12.785
-6.4257,28.0624,12.785
11.9831,-36.6990,12.785
-149.5772,-11.6860,12.785
77.5159,-50.0408,12.784
128.3089,-7.5409,12.784
87.6596,38.5555,12.783
61.1939,41.1362,12.783
-127.0909,48.9818,12.783
100.7483,-32.0251,12.782
9.6136,-43.7776,12.781
15.8246,-22.9991,12.780
122.6406,43.3710,12.778
37.0067,-40.7103,12.778
-115.1827,7.8322,12.777
-136.6043,-9.3903,12.777
89.8635,-17.1206,12.775
163.9013,-6.1944,12.775
-71.7739,-17.1840,12.775
-139.4809,-14.4141,12.775
-79.2340,-55.9389,12.774
-86.9246,39.4418,12.774
-37.6142,-31.7974,12.773
137.3420,-23.2504,12.772
175.1186,-27.9945,12.772
-109.8166,-54.9448,12.770
63.7051,2.4828,12.770
9.5537,-32.7226,12.768
121.0232,-16.6242,12.765
164.3423,-48.7383,12.762
119.7325,40.7770,12.762
118.7968,42.9356,12.760
177.9965,50.0377,12.759
-173.9406,-19.0367,12.758
-166.8706,-28.6400,12.757
-148.3367,10.3751,12.754
-136.8635,30.5273,12.753
99.9246,0.6518,12.753
64.6415,-46.6572,12.751
66.7789,21.3726,12.748
-118.8430,53.2585,12.745
-168.5535,-23.5939,12.745
-56.0095,-45.8535,12.744
126.3004,-6.1094,12.742
12.2068,-15.1316,12.741
175.0894,-5.0572,12.741
-88.6727,-50.7119,12.740
162.4861,-5.1757,12.739
125.2929,43.8505,12.739
-98.3385,33.8314,12.737
-89.8991,-19.8718,12.737
-66.7868,-39.4891,12.734
-143.9892,39.3814,12.734
63.6789,-5.0052,12.734
129.9631,7.1499,12.733
168.2563,9.6370,12.733
141.0735,25.1691,12.730
-148.6897,-13.4909,12.725
162.5101,9.5908,12.723
-154.9824,15.6411,12.722
-136.8121,-39.6448,12.721
-25.6951,-34.6948,12.721
124.0525,16.8685,12.720
159.6523,-58.9230,12.720
173.6340,-3.3191,12.718
-64.5297,-3.6655,12.716
64.0901,27.3722,12.714
-133.1690,-28.1522,12.710
-165.1438,-8.8694,12.707
69.1782,-43.7013,12.706
-141.8953,42.7063,12.705
84.3675,-54.2087,12.704
-66.8130,-44.1157,12.703
-144.3110,-30.1879,12.701
-111.1235,48.5462,12.701
-160.9146,39.0479,12.700
-164.2513,35.1835,12.700
-172.1775,-8.5331,12.700
96.0257,-0.9635,12.699
121.7770,3.2606,12.697
87.2829,-12.7674,12.694
168.6857,-2.2954,12.689
-65.9961,-56.3009,12.688
-146.9246,-36.1425,12.683
157.8713,11.7967,12.681
-119.4506,16.3957,12.681
-145.5193,-39.9709,12.680
79.1010,34.2562,12.679
-164.7404,6.5411,12.677
65.7310,28.8148,12.676
-131.4109,51.6828,12.676
-163.7047,12.6602,12.675
7.4573,-34.4069,12.675
95.7007,25.4177,12.675
-86.8080,44.5042,12.674
165.3596,20.3534,12.674
137.5157,57.7990,12.672
-118.4963,42.2500,12.672
-78.9546,11.0946,12.671
-103.4733,-57.2992,12.668
-129.0808,-31.5640,12.662
170.7886,-0.4250,12.662
175.9492,2.0523,12.662
-126.6341,33.2496,12.662
87.9290,57.2658,12.661
-134.6319,-22.4399,12.660
-28.7116,-45.2706,12.660
153.7063,12.4728,12.659
41.1753,-39.7505,12.658
54.8225,25.6482,12.656
-152.0765,0.2039,12.654
-173.0777,-21.8399,12.652
30.4679,-19.9854,12.651
-57.5401,59.2064,12.650
-161.1016,20.7180,12.650
165.0620,21.7676,12.649
131.2946,26.4991,12.648
13.1548,42.7920,12.645
20.5009,-36.1204,12.643
-85.0980,9.4024,12.642
158.8391,42.2360,12.642
-108.1871,15.9660,12.641
-122.5779,12.8328,12.640
61.6959,-51.3901,12.639
100.3179,-34.3836,12.638
-126.5862,25.7689,12.638
-154.6711,26.2406,12.638
-142.4248,-40.0146,12.637
81.8711,-50.5055,12.636
-153.0835,-56.8998,12.636
126.8676,-16.0312,12.635
-77.6457,58.6297,12.629
96.5992,-5.3310,12.628
-94.3161,49.0140,12.628
-111.2750,27.7157,12.627
-118.5542,26.1525,12.627
-142.0061,-35.8595,12.627
-5.1117,-10.3918,12.626
-105.9673,49.5028,12.623
48.8245,31.5744,12.623
-114.1503,-53.4139,12.621
-52.4091,-40.6286,12.619
66.8081,19.8786,12.616
-9.8101,-6.6317,12.615
-179.5679,13.6273,12.612
-90.9366,23.5273,12.611
119.7310,49.4282,12.610
154.3151,-12.9245,12.608
61.6210,-49.7997,12.604
100.9597,23.2179,12.604
-119.0186,55.9438,12.603
28.2957,-46.9762,12.601
92.1795,-25.6808,12.601
110.5782,21.3020,12.600
114.8729,-18.0703,12.600
-109.5722,34.3800,12.600
-149.6575,31.8090,12.600
36.6324,-7.5661,12.598
140.6278,-14.9779,12.597
128.4710,1.1273,12.597
-71.2164,-23.2124,12.596
-100.5450,53.6664,12.595
144.8166,-4.6118,12.592
163.6866,-44.0921,12.590
160.7195,10.9591,12.590
-125.2611,37.8578,12.588
-136.8603,-14.9932,12.588
174.4643,-10.9166,12.585
166.7162,-8.6375,12.585
33.4711,-46.9780,12.582
-129.1688,-47.5987,12.581
-118.2562,4.3262,12.581
-99.6971,47.9614,12.581
178.2675,23.3031,12.580
18.8542,2.7376,12.579
-89.2330,25.2781,12.578
8.9997,-6.8543,12.577
107.6970,12.1300,12.576
-114.2503,32.8638,12.576
79.0719,20.4834,12.575
156.3965,-52.9861,12.570
-118.6897,57.6898,12.570
-79.9495,47.6396,12.568
70.8982,-35.6012,12.565
89.3370,-17.0708,12.565
-95.0069,14.8426,12.564
132.9682,-47.5211,12.564
122.5964,28.8419,12.563
-62.7346,-19.0582,12.563
-68.9833,1.3472,12.562
68.0200,-28.9248,12.561
62.8821,22.8897,12.561
-175.7097,9.3231,12.561
-111.9630,15.8597,12.556
-163.8422,23.7165,12.554
-91.0731,36.4564,12.553
-162.8749,37.3508,12.552
105.1740,25.0896,12.552
147.2119,51.0202,12.551
73.2868,-14.3414,12.551
128.3082,28.2810,12.551
100.8158,-15.1714,12.550
-11.4646,-35.1410,12.547
-84.4909,58.7248,12.545
18.9591,3.2374,12.544
128.5275,9.5306,12.543
24.7295,-34.4692,12.542
-19.3300,-37.5025,12.541
117.5022,25.6254,12.539
49.9032,7.2618,12.539
147.6419,-0.9718,12.536
175.9685,-55.7464,12.536
-151.1243,-33.9599,12.536
-149.3265,57.3779,12.533
150.9028,-26.4595,12.533
-177.4303,-54.4039,12.530
-17.2939,53.0992,12.528
48.7483,-43.2090,12.528
-74.0277,-14.9768,12.524
-38.6531,-38.6559,12.522
-117.2720,44.7152,12.522
-57.1996,-12.8464,12.521
-70.0459,36.7643,12.521
-101.3803,25.6826,12.519
115.8256,-48.4687,12.519
140.3370,18.6321,12.518
-114.8736,58.3520,12.517
34.3953,-6.6741,12.517
160.7533,0.3168,12.516
17.1059,-6.0982,12.512
-45.8389,-57.4225,12.511
-137.2450,-38.4100,12.509
-168.1438,4.9890,12.509
127.9459,28.4429,12.509
33.9133,-46.5109,12.508
63.7286,23.1004,12.504
137.7761,-7.2861,12.503
91.3969,7.7060,12.502
133.1481,-7.6985,12.502
-146.6985,43.7124,12.499
-78.0276,-56.2251,12.499
-173.0574,14.6750,12.498
-148.8627,0.3274,12.494
-0.8449,-31.2110,12.494
-139.2745,2.9221,12.493
-88.1850,13.1825,12.493
-87.6185,15.4975,12.493
70.9039,-50.1434,12.492
-162.4456,12.8599,12.491
-104.7855,43.6169,12.486
-154.2688,38.4774,12.486
179.0955,16.2775,12.485
78.3120,43.5195,12.485
-98.9789,15.0770,12.484
-138.5720,35.3640,12.483
129.7069,-38.8316,12.483
-101.8386,15.6552,12.483
-1.2778,-33.3434,12.483
-158.5013,-10.4929,12.481
97.8813,-11.7853,12.480
61.8244,40.3942,12.478
-145.2324,6.2159,12.477
-107.0281,29.2767,12.475
41.0806,-19.3895,12.475
69.0727,41.6406,12.474
130.0506,-32.5880,12.474
-62.0255,-19.4338,12.471
156.2734,20.2310,12.471
44.5016,5.4729,12.469
-80.2484,-33.9548,12.468
-85.9258,24.3117,12.467
152.7725,28.9744,12.467
-131.2959,18.2679,12.466
-145.0171,-58.0134,12.465
7.8073,-32.1433,12.463
85.8650,-8.3123,12.461
-137.3396,-49.5170,12.461
179.2806,18.6178,12.460
-130.8315,20.1839,12.460
84.2199,32.0925,12.459
-132.1968,34.6905,12.458
-163.2892,-18.7028,12.457
-162.8074,-28.6295,12.456
-131.0856,50.0601,12.456
-85.7824,32.1205,12.455
155.2378,11.7665,12.454
-114.7292,-42.8501,12.454
176.1048,23.6459,12.454
-61.5018,-21.1672,12.453
12.5284,6.2028,12.453
-115.9310,-44.1976,12.453
-111.3814,17.7593,12.452
-78.1469,-58.4291,12.452
-150.9759,10.2861,12.450
125.9981,33.5870,12.447
-146.8485,-57.0422,12.447
70.8315,8.4693,12.447
-112.8386,21.6328,12.447
161.5039,5.4329,12.446
123.8839,4.0160,12.445
-55.3973,-33.0976,12.444
-154.3858,18.1530,12.443
10.4991,51.5703,12.442
-5.1960,-3.2119,12.440
60.3688,-49.5036,12.440
-42.2140,-58.9300,12.439
75.8216,9.0253,12.439
-30.9144,15.3587,12.437
93.8270,-37.3207,12.436
-126.0227,-44.3422,12.434
105.5727,-15.7614,12.432
-90.1355,17.9261,12.432
38.9629,-35.6712,12.427
179.0881,59.7135,12.427
-123.1393,7.0234,12.427
72.7214,24.3591,12.427
-90.6051,44.1488,12.427
111.3872,44.2448,12.426
-176.0809,49.6136,12.424
7.6486,-17.0312,12.423
-138.6478,27.7057,12.423
-139.8320,21.7909,12.421
128.3255,12.0962,12.421
124.7511,13.4285,12.421
-14.0984,-27.3607,12.420
-145.6215,31.0104,12.419
-136.9284,-32.2102,12.419
112.7148,44.0622,12.417
-93.1521,18.6939,12.417
-41.9417,-58.1211,12.415
177.5708,43.6103,12.415
-74.6776,16.5036,12.414
126.5546,7.5565,12.413
177.5250,35.4695,12.413
-138.3187,28.5417,12.409
152.5737,-18.9276,12.409
-148.1154,-20.8791,12.408
145.0543,19.3048,12.408
52.8091,-58.7879,12.407
-16.4865,-57.5594,12.407
109.4244,27.4154,12.406
-165.1614,20.8396,12.404
63.3723,-45.4490,12.404
85.7187,58.8845,12.404
106.0554,0.4738,12.403
-168.8343,-24.3562,12.403
-176.0705,57.9314,12.403
37.4620,-3.1897,12.403
-104.3543,28.7522,12.403
-169.7741,35.3651,12.402
-16.9930,-47.5548,12.402
170.6820,50.5935,12.402
97.0550,45.8471,12.402
-116.7454,21.4059,12.401
166.2024,35.6121,12.401
-91.6351,44.3791,12.400
-115.7745,9.5136,12.400
178.5735,-26.4677,12.399
-14.9562,-32.2006,12.399
107.7954,23.6913,12.399
39.7233,-35.0251,12.398
106.4282,31.5961,12.397
-129.4844,-26.5586,12.392
11.9462,-33.5828,12.391
-25.6837,-21.7987,12.389
89.0720,-3.1571,12.389
-160.2830,-39.7106,12.388
150.8859,-15.2809,12.385
-49.1132,-51.7992,12.384
67.7061,8.1290,12.384
120.8693,44.2017,12.381
-174.4958,-28.8511,12.380
75.8857,2.9145,12.379
-92.2895,27.1003,12.379
-148.6510,-16.6376,12.379
-146.7728,-3.5251,12.378
-158.7818,-53.6308,12.378
38.9391,-23.2112,12.377
18.6958,-23.7402,12.376
162.9864,30.8296,12.374
99.7940,50.2423,12.374
-116.8667,-42.5779,12.374
123.5686,21.4401,12.373
-45.1927,-25.5728,12.372
-92.3104,31.0122,12.372
-161.1282,8.9479,12.371
114.5319,11.1432,12.369
70.7676,-58.0077,12.367
-139.9358,-54.9891,12.366
-15.3945,-40.9684,12.364
-86.2966,36.1229,12.364
20.7573,-0.9045,12.363
115.5478,20.9363,12.363
56.9913,22.5794,12.361
86.9406,16.1248,12.360
-20.1367,6.2338,12.358
-168.2968,-36.6526,12.357
162.4029,-30.7007,12.355
119.0032,-24.2096,12.353
165.8659,9.3814,12.352
-97.6749,-17.7990,12.352
-177.5019,41.0174,12.351
-176.0668,43.1098,12.350
158.7217,47.1306,12.349
-100.1629,21.9354,12.348
-172.7803,-18.9408,12.346
-37.3152,-40.2085,12.344
-106.3786,50.2276,12.343
-125.2926,22.3989,12.343
179.4348,-22.6857,12.341
-113.2886,29.4913,12.341
130.6755,48.5482,12.341
-168.1077,35.9192,12.341
177.9626,54.9144,12.339
176.1391,4.6965,12.338
157.7542,14.5668,12.336
135.7762,-27.5451,12.335
-159.9879,22.7906,12.334
-143.0764,-18.7466,12.333
-131.8333,-6.2445,12.332
-106.4513,54.2823,12.331
-111.8581,28.2779,12.331
-153.0425,-5.1693,12.331
-118.3596,20.3087,12.330
-144.3716,32.5419,12.330
-152.4296,32.4104,12.329
-94.4402,53.3563,12.328
121.3784,53.3495,12.328
-55.4484,-49.2267,12.328
-158.8494,-16.1063,12.322
33.7465,-26.1341,12.319
-118.2430,14.9242,12.319
65.1473,-47.2533,12.318
128.0148,-5.5464,12.317
132.6725,50.1079,12.316
-112.8506,-43.5811,12.315
-157.9109,44.6843,12.313
95.5218,2.3059,12.313
104.9997,-11.3011,12.312
-141.8463,35.6498,12.308
-59.6803,-13.4186,12.307
69.0756,22.9941,12.307
178.6359,-2.8420,12.307
-121.7630,56.8696,12.306
-101.0713,15.5228,12.306
-175.2708,-18.2438,12.304
120.2882,2.3876,12.301
148.0461,54.5265,12.301
139.9437,-10.7374,12.299
92.1921,-56.6470,12.299
-167.8652,23.8922,12.299
68.4350,22.0996,12.297
-58.9780,-43.0503,12.295
38.5504,-33.3142,12.293
24.3503,-24.3766,12.293
55.4769,-47.8254,12.292
-122.5601,-35.8793,12.292
-160.6512,-39.6291,12.287
-108.3704,16.4021,12.287
13.2715,-25.2248,12.285
139.0547,-33.0524,12.285
66.5472,-12.4851,12.282
93.6371,-2.5262,12.282
-135.6843,34.6462,12.281
-73.3759,15.1064,12.281
162.5019,14.4702,12.280
161.6690,-1.7897,12.279
103.0078,15.5612,12.275
103.2789,6.7367,12.275
53.6674,46.3382,12.273
69.8239,47.4372,12.273
-167.2759,12.5902,12.272
117.1161,49.9184,12.272
126.4637,-14.7250,12.270
162.7958,8.7816,12.269
-116.3469,11.6569,12.269
1.1822,-58.6839,12.267
-93.1108,12.7854,12.267
128.8292,23.3529,12.267
143.4426,52.1992,12.267
111.6894,21.0970,12.267
-114.1884,28.6651,12.266
-138.3833,-22.0995,12.266
-129.8832,-41.4567,12.265
-169.2042,40.1389,12.264
162.0026,-52.8988,12.264
9.7733,-48.9274,12.259
-169.1236,-48.2578,12.255
-163.9511,32.6364,12.254
159.0956,43.7752,12.253
154.9650,33.0364,12.250
-170.7853,8.4787,12.249
-163.9641,39.9836,12.247
-149.3594,-50.6611,12.246
22.9813,-34.7237,12.246
-145.0960,-44.0008,12.241
-114.9073,42.9602,12.241
-175.4861,39.6465,12.239
-168.9357,-57.2992,12.239
12.7638,-45.8027,12.236
93.5302,24.2746,12.235
53.3852,-14.7651,12.235
-86.9753,-4.4120,12.234
-131.6819,-2.4987,12.233
-127.1276,3.5152,12.233
147.4460,-59.6777,12.232
123.6194,43.8571,12.232
-89.2326,46.4733,12.229
0.1297,-54.3031,12.228
-89.8984,-19.8728,12.228
-168.4535,14.5976,12.227
-82.8183,-55.0409,12.227
101.0568,-30.6729,12.227
147.6846,21.9248,12.227
123.8875,44.9173,12.225
-126.6959,-21.8017,12.224
41.0168,17.4324,12.222
-102.4181,50.1828,12.220
-60.2781,50.6654,12.218
141.0114,38.9773,12.217
121.8871,30.6038,12.217
157.2821,0.1340,12.216
-152.5212,-47.3753,12.216
-175.2481,11.8285,12.216
-123.7918,14.1404,12.216
112.2149,-13.8342,12.216
-104.9193,2.6721,12.215
-125.9758,21.9759,12.215
-132.2420,41.6293,12.214
-173.3386,-50.3841,12.213
-160.6127,57.0089,12.212
35.8034,24.5063,12.210
25.2405,-43.2109,12.209
2.0376,-13.4722,12.209
135.9114,53.3531,12.208
171.1578,-2.9520,12.207
133.1331,37.7855,12.206
100.2302,12.0588,12.199
-96.1242,35.6187,12.199
82.3760,25.6854,12.198
37.1828,-47.7578,12.198
-33.4789,-37.9195,12.197
-113.8622,41.4397,12.197
123.9174,-6.6485,12.197
36.3619,-30.8399,12.196
126.1506,21.2900,12.195
69.5445,-51.7660,12.194
-71.1455,-1.2999,12.194
88.9342,12.9777,12.193
131.1474,52.4348,12.192
126.8423,-6.1502,12.192
-117.9572,3.8454,12.191
1.7996,-8.6077,12.190
-132.4051,-2.8377,12.190
61.9230,-12.6711,12.189
6.1397,3.9312,12.189
-161.1227,54.0035,12.189
87.4933,-33.4909,12.187
96.4393,1.5023,12.187
-130.4081,-27.8406,12.186
-128.4942,-6.3772,12.185
129.9509,10.7528,12.183
-3.9711,-27.5101,12.182
-167.2046,48.0172,12.179
7.3947,-29.7030,12.177
-91.4470,15.9945,12.177
-146.1468,44.2298,12.176
136.9790,13.0563,12.176
-125.6325,16.6051,12.175
-119.4560,35.1615,12.175
122.7543,59.7740,12.174
-173.6794,-30.6046,12.174
-170.0327,39.9407,12.173
-156.1126,17.8023,12.171
72.8489,44.2590,12.171
88.3817,34.6599,12.169
-139.8460,25.7180,12.166
-131.7506,-46.6057,12.166
3.0571,-0.0960,12.164
-115.5439,18.2407,12.163
-148.5619,-57.5066,12.163
132.1106,-29.6388,12.163
-11.8788,-47.4886,12.161
-125.1921,-6.6693,12.161
126.0383,47.0739,12.160
-156.0864,27.0141,12.159
159.8926,39.4299,12.159
11.7442,-40.3424,12.158
-42.6036,-44.6983,12.157
98.3969,-12.5813,12.156
-91.1895,18.0858,12.155
146.2862,5.6055,12.155
-119.0783,-0.3085,12.155
-39.8374,17.0679,12.154
-110.6837,57.9702,12.152
-32.9486,-22.0982,12.151
128.1704,22.3404,12.147
-83.4749,30.2810,12.146
140.2538,-32.8593,12.142
-132.3899,38.6625,12.138
9.6374,-36.5857,12.138
138.6519,42.4501,12.137
101.4410,0.4037,12.136
111.4234,31.9854,12.134
-115.2560,39.1143,12.134
9.4076,-9.6208,12.134
-100.8365,25.2755,12.133
-178.9878,10.5271,12.131
-175.7324,-30.8674,12.131
152.0163,50.4447,12.130
-116.7016,12.0111,12.128
-62.0230,-16.8530,12.127
-170.2119,53.8432,12.126
-105.6170,30.3801,12.124
-102.2586,53.3971,12.124
83.1477,8.1029,12.122
57.6200,25.7467,12.120
-135.4656,-10.5423,12.120
127.3580,19.1496,12.119
-114.3932,13.5575,12.119
143.8105,-58.3555,12.118
-169.8870,44.1652,12.117
-156.6644,-5.6132,12.115
-146.5603,-8.8156,12.115
47.1413,-27.5202,12.114
157.3228,-15.0147,12.114
-170.6923,19.5891,12.114
-114.0387,5.9098,12.114
173.0616,-8.0919,12.112
-147.5412,7.2596,12.111
169.4877,21.6838,12.110
51.5043,-28.0583,12.110
-149.8768,38.2838,12.109
-98.3370,47.6242,12.109
98.4834,-11.9265,12.107
-138.0229,35.7664,12.107
-127.8813,11.1197,12.106
138.9030,55.9954,12.105
67.2125,-40.8791,12.104
-51.4343,-54.9597,12.104
-127.3469,9.9440,12.102
-132.7529,-50.7076,12.100
-175.0118,36.1237,12.100
-119.3322,24.5730,12.100
143.2462,-21.0654,12.100
-167.8812,15.2717,12.098
-30.2214,10.0100,12.098
130.6179,32.3874,12.098
-162.9737,-58.1205,12.096
126.4355,10.0905,12.096
-72.4891,16.3689,12.095
-91.3046,10.1850,12.095
-169.4732,-57.6848,12.095
178.3339,10.4996,12.092
161.4299,-38.4994,12.092
118.0301,32.6766,12.092
169.3423,9.9511,12.090
-176.5606,-1.0278,12.090
142.9118,-50.8429,12.088
-174.6269,-5.4853,12.088
-151.7973,-9.7148,12.086
-126.5100,-18.4793,12.086
55.0740,28.8789,12.085
157.2307,13.4843,12.084
-121.0855,-46.7953,12.083
120.7577,32.9645,12.083
140.5081,-8.3460,12.081
-137.1681,-29.6585,12.080
46.5444,-33.0388,12.079
-38.1147,-42.0728,12.078
23.0201,-53.0959,12.078
108.6438,-49.3649,12.076
94.2409,12.1604,12.075
82.5778,28.6111,12.075
96.8372,0.0757,12.074
121.6316,-48.2136,12.074
96.0046,37.7853,12.070
13.9118,-47.3074,12.067
177.7241,-11.9340,12.066
173.2186,-8.8318,12.064
-163.6627,17.7429,12.063
-104.0981,19.3048,12.062
66.3379,39.7520,12.061
-96.5094,53.5469,12.059
27.8812,-34.2020,12.059
170.6333,19.5982,12.059
-131.2546,41.2264,12.056
21.6098,-38.6174,12.055
46.5162,41.0473,12.051
-174.4385,26.8238,12.051
-168.5022,30.5560,12.048
71.3998,35.5210,12.046
178.4215,39.6865,12.046
-140.6840,-15.4507,12.045
116.6467,17.9859,12.044
-138.1769,-12.9776,12.044
-173.1640,17.4811,12.044
37.1806,-7.6792,12.044
165.4151,7.5784,12.039
20.2509,14.3344,12.039
-90.0458,-7.9024,12.038
-130.6710,19.8751,12.037
86.1572,-20.2660,12.037
-146.8243,51.0827,12.037
123.5309,33.4070,12.035
41.0467,36.3743,12.032
-135.9910,25.0079,12.031
-156.1265,25.9455,12.030
47.6468,-27.0320,12.028
-170.0966,25.2525,12.028
127.0458,18.6201,12.024
-94.6456,22.0878,12.023
119.1436,41.7024,12.017
-168.0662,45.7249,12.017
99.6752,-25.8440,12.015
-1.1148,-5.2120,12.013
-136.5567,28.0290,12.013
-118.7043,19.3271,12.012
126.1248,18.8857,12.011
-167.6737,-56.5256,12.011
154.5483,21.5879,12.009
10.5521,-51.6340,12.008
-68.1782,46.1200,12.008
93.8566,-29.7735,12.007
123.2462,55.8063,12.006
122.1782,37.9485,12.006
-96.5680,37.5947,12.006
-139.4905,-49.9073,12.005
-134.4194,54.8646,12.004
-124.0847,7.4310,12.004
-133.8955,49.0095,12.003
-173.4982,58.3510,12.003
-130.2213,13.8549,12.003
26.7866,-23.4429,12.003
-175.2186,54.0176,12.001
-97.7609,13.1939,12.000
-159.7953,54.0510,12.000
-120.6055,-52.0708,11.996
-154.0627,-30.7654,11.995
-171.3586,-32.8558,11.994
151.3134,18.1024,11.994
-122.3531,55.8145,11.994
163.1345,-43.3874,11.992
-86.7332,11.6113,11.990
175.7947,34.1908,11.989
25.5191,-25.5524,11.988
155.0657,2.6770,11.988
152.9402,46.3378,11.987
-153.6500,-43.6791,11.987
-113.7943,42.8884,11.986
133.3113,-27.0450,11.985
71.5146,-55.4134,11.985
-115.6696,26.5919,11.985
-128.1398,33.0998,11.984
-42.9471,58.7319,11.982
-83.0727,-7.0124,11.980
-172.6388,17.4977,11.979
-114.9113,40.6698,11.978
26.7819,-17.9767,11.976
-124.8059,19.0410,11.976
114.0048,-22.0606,11.974
-62.0633,-21.1174,11.972
-154.8566,21.1225,11.972
-143.9192,-12.8455,11.970
168.4353,42.1653,11.969
35.5602,22.5855,11.969
-122.1099,-39.1275,11.969
-117.2626,10.9754,11.969
6.7479,-21.1612,11.967
-112.1888,13.9533,11.967
-110.7910,41.0266,11.965
-114.1814,-33.1698,11.965
115.6773,-46.5666,11.963
-179.4637,-3.4776,11.963
-120.2728,8.0693,11.962
-174.4555,41.7222,11.962
42.1495,-32.0187,11.961
-50.3632,-37.0630,11.959
-118.9197,45.2959,11.959
64.4140,35.4227,11.956
-84.9566,8.3272,11.955
-140.1277,-36.7010,11.955
-114.6486,-14.1553,11.954
-75.9431,-49.7887,11.953
103.7836,18.4400,11.953
125.5845,20.0962,11.952
100.6529,3.3939,11.952
-76.5594,-42.4357,11.951
75.9762,57.7827,11.950
80.6763,-42.3008,11.950
-112.6315,58.9030,11.949
132.6134,26.0039,11.949
-110.7947,24.4227,11.946
68.4541,-4.5550,11.946
-161.0930,-40.6792,11.946
-143.6015,-12.6824,11.943
70.3996,8.1329,11.940
-36.5163,-52.3540,11.939
-169.8818,-57.7534,11.938
-118.2069,22.2937,11.938
74.8688,34.9004,11.938
-149.7336,22.1714,11.937
-113.8485,13.0790,11.937
-157.0419,1.9103,11.936
-94.8539,15.6671,11.935
-154.3170,31.7186,11.935
124.2992,27.0894,11.934
141.8404,49.6699,11.934
111.9714,15.1339,11.933
-134.7158,-15.9626,11.931
1.7095,-56.3923,11.931
121.8089,18.3145,11.931
20.0599,-27.3384,11.931
87.9758,30.9903,11.930
-6.9036,-56.1110,11.930
-149.5126,-12.4550,11.928
64.2436,45.9043,11.927
42.0596,-17.4062,11.924
120.3020,11.8405,11.924
-162.4075,37.3793,11.924
-163.4794,3.1089,11.923
-133.8487,23.8374,11.923
-129.2234,9.6312,11.920
142.7850,54.7680,11.918
-113.9159,7.8099,11.915
22.4447,-52.9361,11.915
-148.1031,-23.8577,11.914
32.2201,-45.0629,11.913
-120.9729,58.8856,11.913
179.2895,19.8421,11.912
-173.3160,-17.6637,11.911
-163.6675,55.7906,11.909
-174.5123,-5.6996,11.908
142.7597,55.5493,11.907
70.5575,-14.5981,11.905
168.4639,4.9112,11.904
36.9137,-6.8472,11.904
-58.0026,-17.6109,11.902
173.2779,43.6914,11.902
-130.9384,21.4677,11.900
-134.7174,38.4016,11.900
-112.1209,45.2949,11.900
-118.7040,25.7736,11.900
179.1473,-42.7898,11.900
112.4010,11.6647,11.898
-174.8312,24.5814,11.897
-84.3622,22.9909,11.897
14.1803,-47.4342,11.896
-168.9029,-26.1995,11.895
70.6775,0.1345,11.893
91.9983,22.3401,11.891
106.4410,36.0533,11.890
158.1730,15.0619,11.890
172.3568,-3.4090,11.889
-154.1638,-36.5341,11.888
130.3001,-51.9597,11.888
-147.7151,-38.0057,11.888
-154.7657,-13.9646,11.887
-123.5910,27.1003,11.886
-62.7745,-0.7552,11.885
-130.8422,-7.6562,11.885
-131.2340,33.8197,11.883
95.4356,-37.2896,11.882
-157.3672,-48.0429,11.880
-146.0980,35.2408,11.880
-155.4995,36.0214,11.878
-168.1332,28.4981,11.877
154.3173,-7.0635,11.876
164.3403,51.4507,11.876
-89.9054,-15.9743,11.875
174.0610,-0.5812,11.872
-129.7043,-53.7595,11.868
150.9391,37.5813,11.868
157.0996,-31.5824,11.868
114.5259,-8.6492,11.867
115.3614,29.7388,11.867
167.9162,17.3436,11.867
121.5426,-36.8436,11.866
131.3847,30.0648,11.865
-65.0035,-7.3290,11.864
77.2131,18.6267,11.864
-157.3897,-46.7607,11.864
-120.6693,-46.1023,11.863
-173.2802,-59.8618,11.863
-144.7612,-21.3332,11.863
-137.8817,-23.4134,11.862
-6.5771,-18.1641,11.862
-167.0302,50.5262,11.860
136.2038,-14.4955,11.860
148.2642,17.7732,11.859
49.2336,-30.6245,11.859
-91.2102,54.5752,11.859
166.0648,-23.0295,11.859
-171.6559,-39.3301,11.857
-135.4422,-21.3598,11.857
35.9377,-24.9244,11.856
59.5023,-50.1983,11.856
-170.4099,-10.9808,11.855
72.6679,-49.6370,11.854
-139.6946,-58.9213,11.854
20.4539,-14.0394,11.853
-153.7913,19.1778,11.852
-128.1800,-23.1909,11.851
141.0612,-23.2921,11.850
178.1453,-19.0494,11.849
116.9184,26.9902,11.849
-157.9358,-35.0895,11.848
-156.8419,22.6876,11.848
171.5068,19.6768,11.847
-131.1662,8.5575,11.847
77.6550,23.7778,11.847
-1.1767,9.0016,11.846
79.3855,-42.6669,11.845
76.8692,33.1540,11.841
134.9996,51.5731,11.840
-171.1283,53.4218,11.840
-114.0164,28.4296,11.839
28.1069,-57.6169,11.839
119.2647,-0.4624,11.838
98.0890,-29.7691,11.835
-116.5861,32.7467,11.832
43.1573,-59.4012,11.832
28.8049,-57.2415,11.831
-158.8743,41.5770,11.830
-72.3280,3.0720,11.828
-101.8413,42.2415,11.825
-151.7805,44.5487,11.825
-138.5161,-5.1913,11.825
-32.6058,-21.6182,11.825
123.2039,8.4180,11.823
-166.0888,14.6886,11.822
5.9813,-15.6852,11.821
44.7601,9.9970,11.821
101.3403,20.8921,11.820
-153.4595,-5.6874,11.820
-143.9819,-56.3070,11.818
-176.4009,15.1323,11.816
113.9666,19.3251,11.813
144.2900,8.8753,11.813
169.7392,17.4840,11.812
144.9356,11.9899,11.812
-140.6574,-46.6689,11.812
168.6454,19.7348,11.811
135.2690,53.3466,11.810
-30.6925,-45.7538,11.810
-29.5551,-7.3992,11.808
-122.7921,0.1421,11.808
171.5411,13.7345,11.807
143.9625,17.4300,11.807
123.9925,51.6091,11.805
-108.8287,48.9473,11.804
153.6537,52.6618,11.803
-59.1859,-33.3171,11.803
-124.2262,-40.7042,11.802
159.1526,5.5181,11.802
35.2241,-58.0258,11.801
156.0328,5.5217,11.801
-137.2863,21.6300,11.801
-64.6586,-15.3122,11.798
-161.0590,-4.7920,11.798
130.0515,24.9213,11.797
-82.1623,54.2191,11.797
-161.0057,16.5488,11.792
106.7699,14.6963,11.791
-150.9165,31.6652,11.791
-93.4649,41.5027,11.790
39.9532,-28.0308,11.790
136.0964,1.4149,11.789
-163.7072,27.0801,11.789
-111.5210,9.3593,11.787
3.0372,-13.9862,11.787
-156.0781,15.2704,11.787
33.8781,42.9047,11.785
-143.4443,-21.8682,11.785
-122.3263,18.7583,11.784
138.6241,-52.4902,11.784
-19.5490,-49.6064,11.783
-80.6462,-35.5846,11.782
-113.0835,5.0234,11.782
123.2573,-6.2206,11.781
-57.8710,-59.2247,11.779
-108.6002,16.7230,11.778
147.3178,-15.0797,11.777
-158.1891,41.6794,11.777
122.9918,28.3178,11.777
134.1271,34.9235,11.777
170.4124,-1.3407,11.776
153.3016,25.9916,11.776
95.6652,-5.0956,11.774
-12.7086,-33.0964,11.774
-92.2016,28.1283,11.774
-117.0696,30.3977,11.773
128.1408,26.2177,11.771
-157.4323,30.7407,11.770
127.8627,10.8961,11.769
47.4252,-51.0700,11.768
95.3920,-26.9207,11.766
-133.6601,53.0030,11.766
-159.9053,-15.7082,11.765
-148.1722,-27.5515,11.764
-165.1499,34.6219,11.764
-173.2278,24.0363,11.763
-62.4813,-45.0341,11.762
126.5998,32.3139,11.761
-119.9366,56.7561,11.760
38.6305,9.5574,11.757
158.8864,5.1206,11.751
96.1291,-1.6611,11.749
179.4735,4.5900,11.748
35.7583,-26.7476,11.747
148.9411,44.4852,11.746
132.8012,59.6204,11.744
39.3669,-20.4654,11.743
159.5962,-1.3833,11.740
-141.5580,31.9816,11.735
109.8657,-22.7230,11.734
-71.0104,-7.7203,11.733
50.4044,-33.7573,11.732
-124.6677,-51.9965,11.732
-150.9163,-34.7933,11.731
38.2359,-26.9413,11.731
-91.0594,13.9761,11.729
-131.3740,-0.4005,11.729
-45.5514,-30.5004,11.728
156.8973,24.4418,11.728
-18.1614,-58.1546,11.727
-53.9553,-58.8308,11.726
175.7433,5.0585,11.726
122.1423,8.3242,11.725
-160.7776,58.3134,11.724
-3.5379,-27.9302,11.722
156.8073,48.9575,11.722
172.7323,53.7630,11.721
58.8245,3.7517,11.721
-91.3448,21.0759,11.720
-111.9940,59.4553,11.718
-171.9603,22.7696,11.712
-137.9338,24.3516,11.712
49.9103,-32.0992,11.712
-30.8458,-38.5174,11.711
99.8265,-49.5483,11.710
-11.7867,-37.6363,11.709
36.6634,-51.2767,11.709
-111.3670,20.3777,11.709
179.3017,-9.6479,11.709
-173.6377,2.5686,11.709
-168.6263,14.8690,11.708
-138.4056,-54.1453,11.707
-121.1208,4.6272,11.706
35.8990,-30.5053,11.706
-104.5232,6.6358,11.705
164.9034,-15.0435,11.705
-57.5361,-25.7550,11.705
-135.0427,21.5455,11.703
-150.2584,-52.3531,11.703
-169.4908,51.7138,11.703
66.5080,35.7972,11.703
-52.6501,-27.0429,11.702
46.4774,-54.9826,11.702
150.9979,22.1248,11.701
-106.8714,26.7226,11.700
-123.3103,-45.7813,11.699
-131.8117,-54.8882,11.698
-165.4550,30.7313,11.698
131.8248,-27.9936,11.697
-120.2711,-46.8982,11.696
-158.3814,3.5067,11.694
-138.6013,-11.3909,11.694
-148.1872,45.2069,11.694
-81.1508,6.6888,11.692
-53.7123,-50.0203,11.689
-138.7624,-53.7563,11.687
-109.1977,15.3481,11.687
-119.0315,20.9631,11.685
25.2644,-40.6685,11.681
176.1798,27.9295,11.681
117.4802,-5.6690,11.681
-112.2051,14.9286,11.680
-28.5825,-33.0788,11.680
174.9749,3.9583,11.680
-147.3730,-8.0498,11.678
121.3221,12.4597,11.677
-114.7255,23.2055,11.675
144.9967,-7.9420,11.675
159.5363,58.9739,11.674
125.1201,-35.7013,11.672
-124.9287,-50.9725,11.672
-160.0097,-40.2054,11.671
-86.4335,25.6214,11.670
31.0173,-20.2388,11.669
18.4623,7.7617,11.669
41.6517,-58.5960,11.667
-174.6675,49.2324,11.667
-41.8636,10.0093,11.666
131.5982,37.1672,11.666
-148.2408,-12.1603,11.665
-57.9170,-17.9180,11.665
40.1295,-17.2213,11.664
69.3094,34.6917,11.663
88.9777,-5.1251,11.662
107.2145,11.1593,11.661
-71.1035,21.0511,11.657
152.5692,-40.0876,11.657
69.7854,21.8484,11.656
-134.2898,-30.1290,11.656
-17.2572,-35.7025,11.655
-158.3996,32.9048,11.655
76.5872,4.4183,11.655
175.7197,58.8803,11.654
-179.4143,20.2289,11.653
164.4695,58.4701,11.652
18.7777,0.9498,11.651
-141.8699,46.0177,11.651
-88.4215,21.6073,11.650
40.8011,-21.2870,11.650
128.8470,31.6757,11.649
174.0027,26.0478,11.647
-108.4835,38.5522,11.645
169.6454,28.0265,11.645
-164.1480,11.7527,11.644
-87.4023,14.6752,11.643
2.1805,-23.6279,11.642
-175.7487,-1.2118,11.640
22.0197,-30.2882,11.640
-154.4869,23.1937,11.637
9.3870,-1.0959,11.637
-155.5546,14.8443,11.636
-162.9857,-8.5996,11.636
72.4351,-34.3628,11.636
-112.7037,32.2513,11.635
27.0177,-21.8530,11.634
-121.2460,13.7099,11.634
-118.7252,27.9764,11.633
66.7232,-13.9880,11.633
10.3576,42.6930,11.632
-18.7657,0.9534,11.632
-11.8267,3.3261,11.631
14.5306,-6.6818,11.630
150.0217,-7.1060,11.630
-151.4586,20.9935,11.627
-116.7020,4.2483,11.627
-117.8847,33.0481,11.627
-85.2946,15.8623,11.626
-159.1268,-37.6107,11.626
155.9672,6.3380,11.626
-144.3864,45.2564,11.626
62.0656,-18.5663,11.626
-103.8773,26.8043,11.624
107.5396,-17.4028,11.624
-160.2005,-6.8115,11.624
-122.1030,-50.4786,11.623
-172.7751,34.7577,11.620
116.1805,-34.3227,11.619
-12.1415,-47.0451,11.619
-88.6248,20.1395,11.618
24.2470,-55.0548,11.617
147.5664,50.7933,11.615
-175.4001,11.2720,11.614
23.8706,-57.8436,11.614
165.3264,0.3079,11.614
-150.4974,-55.1214,11.613
-5.6243,39.2786,11.613
22.3853,-58.7534,11.611
-167.5625,-0.4001,11.611
65.8481,41.0101,11.611
167.9272,-53.2915,11.611
134.4646,-3.4656,11.610
105.0446,-36.1996,11.609
36.1033,-33.7154,11.609
-98.2640,52.6459,11.608
167.2876,23.5478,11.608
-160.2229,-44.5730,11.607
84.7400,-44.3836,11.607
151.5981,0.1677,11.604
-177.8459,59.0313,11.604
-148.8138,42.8319,11.599
89.1007,32.9249,11.595
50.4358,-6.9544,11.595
-63.0477,11.6840,11.593
128.9448,0.5899,11.592
100.6264,40.3009,11.591
147.7804,-39.9683,11.590
-165.8049,-29.2933,11.590
127.4788,26.7345,11.587
169.7247,23.6492,11.585
127.6493,15.2653,11.584
151.6686,-53.9648,11.582
-123.0633,5.6229,11.582
-138.3450,4.3467,11.581
-127.2705,14.8459,11.581
-169.0735,47.8371,11.580
-163.4695,36.5068,11.580
-13.2387,-1.4026,11.580
135.4555,36.7652,11.579
-115.0318,-43.1235,11.577
116.0128,37.8281,11.576
-174.5135,-10.6155,11.576
-172.3548,0.7104,11.576
-130.4577,9.5860,11.576
179.3114,-16.4256,11.575
100.3651,-15.8429,11.575
53.4978,-41.8577,11.573
-176.9682,-1.0366,11.571
-117.9935,29.7223,11.571
128.0826,14.1299,11.570
-139.5634,44.7239,11.569
-41.7034,16.8317,11.569
152.1974,-23.1644,11.568
-92.4158,29.5684,11.565
-135.9857,35.4657,11.565
149.8272,-24.0820,11.564
77.6151,-8.0616,11.564
166.3391,-52.4320,11.563
145.6973,-43.3528,11.562
-73.6717,29.3873,11.562
38.3439,32.1635,11.560
-114.9211,47.8980,11.560
-144.8871,40.9776,11.559
-114.8887,-57.9717,11.559
-143.1398,-59.6616,11.559
77.4925,-16.6991,11.557
-118.5374,13.4041,11.557
177.3174,15.7789,11.557
-174.7190,-55.2071,11.556
69.8172,5.9014,11.554
156.4481,4.8047,11.554
-62.7170,-32.9759,11.553
76.3137,3.7364,11.552
31.5976,8.8566,11.552
122.2787,-55.9908,11.552
172.7460,-0.0736,11.552
128.0373,-6.0278,11.551
-172.6735,-44.6048,11.551
-159.0246,-24.7117,11.551
81.7957,-22.1210,11.550
78.6434,8.2976,11.548
124.1101,14.8557,11.546
-163.2625,0.6462,11.546
148.8559,43.8844,11.546
-117.3039,22.2065,11.545
46.5379,-34.3920,11.545
-179.0245,20.9695,11.545
40.7094,-24.3608,11.543
-113.2266,59.8782,11.541
-166.7861,-37.5773,11.538
175.7031,39.6485,11.538
-140.5240,54.7888,11.537
-118.1671,56.5036,11.534
-26.0957,-44.9649,11.534
-7.0638,-37.9828,11.533
-171.6079,-28.1314,11.532
-159.2477,-57.6089,11.531
68.0890,33.1395,11.531
-144.1483,-59.3313,11.528
-151.0267,2.9528,11.526
-92.4701,17.5994,11.526
68.9816,1.4609,11.526
-130.4063,54.1103,11.525
-132.6767,-28.7363,11.525
159.6075,-51.3893,11.524
133.0808,22.8975,11.524
129.9465,34.0277,11.523
-171.8437,32.6415,11.522
146.6032,21.9179,11.520
-142.3694,30.2651,11.519
-166.0634,37.4022,11.519
116.9771,-1.6150,11.518
-128.1243,-9.2643,11.518
36.1956,-3.8263,11.517
-116.0602,37.5030,11.516
-166.5860,-22.1480,11.515
139.9789,-9.1272,11.514
24.4664,-38.5546,11.512
-100.1191,36.1000,11.512
120.9735,53.1023,11.512
21.1496,-23.7722,11.511
164.4139,-10.4796,11.510
-106.8654,34.9066,11.507
179.5515,9.2866,11.507
-144.6457,44.4646,11.505
87.5658,-35.3022,11.505
48.5300,22.4725,11.503
-139.5393,36.0577,11.502
-174.1160,6.6715,11.501
-108.7509,-57.5898,11.500
-98.8924,37.9196,11.500
130.9395,33.8791,11.499
50.0534,-38.0469,11.498
-157.9557,-1.7489,11.498
-43.0102,-50.6628,11.496
-113.3562,27.7802,11.496
-153.1241,2.3715,11.494
-170.9290,-59.7510,11.493
73.0457,43.9439,11.493
-71.6189,10.3549,11.492
120.0745,14.1805,11.490
50.6598,27.2555,11.489
-163.6949,-22.5265,11.488
59.3964,3.8662,11.488
-160.8743,56.0849,11.487
167.0325,14.7266,11.487
4.2070,-24.5190,11.487
-162.2798,-16.1316,11.486
-41.0654,-43.2718,11.484
-175.0220,24.8879,11.484
9.6880,-32.0361,11.483
29.6092,-30.7622,11.482
-103.7011,18.8346,11.482
-119.6127,-1.2496,11.481
-89.1820,44.2214,11.481
51.9612,45.1621,11.481
-93.0566,15.1993,11.479
-165.1150,33.5755,11.478
-76.8420,17.5405,11.478
-83.6276,15.1223,11.476
-72.5391,-34.9280,11.474
-125.1695,-46.0337,11.474
-137.1930,-10.8636,11.474
-105.8455,33.0721,11.473
107.0542,-41.5485,11.473
36.9550,-4.4517,11.471
-130.2904,49.3935,11.471
-172.5787,-8.2344,11.470
-20.4230,52.2664,11.469
167.1951,36.5804,11.469
-171.0623,32.7990,11.469
-133.6495,-46.6843,11.468
-42.0682,-54.5504,11.466
152.8332,13.5801,11.465
152.6402,-50.9007,11.464
51.1724,-41.1444,11.464
-130.9918,-15.0198,11.464
-52.0372,-28.9440,11.460
102.1162,-31.3078,11.457
104.3474,-58.0783,11.457
-170.3300,52.0612,11.457
-15.3981,46.5169,11.455
52.7286,43.5431,11.455
155.8482,-28.0648,11.455
117.7387,32.6696,11.455
73.0748,4.5441,11.453
-127.0986,33.0562,11.453
127.8445,-8.3178,11.452
140.6816,-51.6037,11.450
-134.5589,-21.2203,11.448
136.1507,-2.5721,11.447
-109.2791,-50.5006,11.446
150.2471,-36.2685,11.445
68.0067,-36.2222,11.445
-101.2509,46.8041,11.445
104.5747,44.7762,11.444
-123.9671,-54.1974,11.443
-50.9633,-43.4259,11.443
101.4597,-31.6517,11.443
127.7246,-29.8452,11.442
-169.3193,34.2330,11.441
-140.9050,58.9088,11.440
24.5661,-30.5803,11.440
-67.0461,-7.8845,11.440
-161.9368,41.4673,11.440
-150.0746,3.4003,11.439
34.9763,-17.9394,11.438
-131.2322,34.3869,11.436
-171.9659,22.5213,11.436
-171.0206,52.8504,11.435
-64.7269,-32.5556,11.433
95.9116,36.8962,11.431
-145.3171,28.0160,11.430
4.8342,-46.4732,11.430
161.9392,21.6916,11.430
173.9964,43.5069,11.430
86.5319,19.7034,11.427
28.6730,-29.1836,11.427
111.4131,16.5492,11.425
-135.2948,27.1785,11.425
-117.7995,-40.6626,11.423
-10.4556,-54.8589,11.423
-156.7870,43.9917,11.422
-164.0037,13.4002,11.421
59.9655,-27.7187,11.419
-139.4986,35.1103,11.419
-104.7128,26.0471,11.417
-10.4287,-32.4565,11.415
92.1876,57.9749,11.414
36.6296,-8.7094,11.411
127.7858,34.5313,11.411
104.7246,-11.8798,11.409
83.4871,7.9715,11.407
-150.6581,-56.2221,11.404
148.0033,-23.9212,11.404
-172.0404,-18.9770,11.401
-179.1758,19.7726,11.400
-2.4252,-6.4940,11.397
132.4720,18.8857,11.397
124.2987,-54.9334,11.396
-123.8406,-41.5915,11.395
-172.6701,-9.1689,11.395
15.9804,-37.1137,11.394
115.0586,22.9513,11.393
-111.9819,42.3012,11.392
-23.3506,-47.3510,11.392
-122.7704,-39.3572,11.391
-171.6226,34.7004,11.391
-95.2439,30.6478,11.390
21.7656,-35.6353,11.389
-157.3561,45.5528,11.389
-178.4437,0.4673,11.387
-170.6126,54.0218,11.386
-120.6170,10.6939,11.385
40.8898,58.5736,11.385
-64.8773,-6.3497,11.384
-106.5983,-5.9873,11.384
66.1496,43.4281,11.382
-118.7457,19.4667,11.382
167.4577,-1.1011,11.382
-122.4493,28.8838,11.381
143.2091,-2.9438,11.380
-172.2930,54.4961,11.379
-122.5438,-28.8429,11.377
-43.1263,-32.7982,11.375
-87.5168,39.4711,11.373
59.4987,-16.5537,11.373
146.0638,16.1118,11.370
105.0812,-12.4312,11.370
-169.9477,56.5800,11.369
127.4866,34.2422,11.369
69.5332,2.9264,11.368
95.3725,-50.1991,11.367
-26.4569,-38.3358,11.367
-137.0170,-14.6786,11.366
-114.0506,34.4220,11.366
-91.1656,16.6908,11.365
128.1216,-28.5533,11.363
-73.1695,2.9119,11.358
-11.5823,2.1545,11.358
-6.0619,-46.0931,11.357
147.5816,-54.4692,11.355
165.6101,-46.2300,11.354
81.4099,-15.8987,11.351
-158.7167,40.8327,11.351
-24.8380,-5.6719,11.351
167.2714,15.7807,11.349
29.9316,-19.2997,11.347
-104.4899,15.7965,11.346
-161.7500,39.8872,11.346
168.2705,2.5102,11.346
-110.3776,29.1401,11.345
-134.2935,9.2758,11.345
27.3050,-20.6343,11.344
39.5822,-30.9496,11.344
176.1275,-42.5015,11.342
-150.1685,-55.7762,11.342
153.4584,-43.5348,11.341
-141.8731,-58.4149,11.341
89.7060,17.0770,11.341
-149.2494,-51.5861,11.339
60.6743,-11.9928,11.338
157.3806,-27.3420,11.336
166.2514,24.6854,11.336
84.1756,11.3536,11.336
178.9289,18.4696,11.334
120.8397,35.3064,11.332
170.2439,25.9420,11.332
-126.8371,51.8086,11.331
140.3387,17.9888,11.330
93.9080,45.3646,11.330
-171.2610,39.4966,11.330
-144.7484,29.3707,11.330
-157.8579,-1.3373,11.328
144.5869,23.7185,11.328
-158.3175,39.4041,11.328
131.7690,32.2293,11.326
144.0789,49.5977,11.325
173.4152,28.2006,11.325
-170.1778,9.6036,11.325
-145.7160,42.3802,11.324
-169.7211,15.1548,11.323
-52.2064,-30.5373,11.323
126.2582,-15.1332,11.323
-131.4876,9.3500,11.323
111.4970,5.8682,11.322
-21.8678,-33.5698,11.319
-142.5311,-35.0625,11.318
-179.5863,22.8337,11.318
-112.8681,46.6203,11.316
63.7159,-48.3738,11.314
111.9953,26.3943,11.313
169.9496,20.3269,11.313
152.3272,29.6138,11.309
178.5454,-0.0027,11.309
156.5137,24.4230,11.308
-132.4566,12.2728,11.307
-89.9033,-15.9645,11.307
-85.0050,11.3335,11.307
-146.5886,42.1540,11.306
107.1731,23.6408,11.305
-22.6651,-39.6069,11.305
-101.4141,46.6301,11.304
66.0485,-49.2714,11.303
-149.0157,29.3428,11.302
-133.2629,37.6750,11.302
173.8557,-21.1685,11.301
114.5813,-55.8086,11.301
109.9385,45.4164,11.301
-144.7927,45.9055,11.300
166.0090,-4.9944,11.299
172.8892,43.7359,11.297
-149.1586,45.5066,11.297
25.3187,-15.9066,11.297
1.6593,-32.9442,11.296
119.2406,-31.0424,11.295
-125.3165,28.6183,11.294
89.7678,-32.0628,11.294
-76.9760,40.7643,11.292
-113.9305,31.2123,11.292
54.3554,-46.7824,11.292
154.6025,9.4435,11.292
109.6923,14.6756,11.290
-167.7255,9.2889,11.290
132.4951,44.6611,11.289
-29.6561,-56.4868,11.289
144.3567,-50.6317,11.288
-103.9609,44.7190,11.288
129.1052,24.6827,11.288
-69.9316,-58.4921,11.286
26.1596,-17.0885,11.285
-164.4405,-58.0331,11.283
141.8341,17.4972,11.282
161.2593,59.4535,11.282
-123.1279,25.3003,11.282
115.4788,36.3709,11.281
179.7676,18.5418,11.279
-172.8837,49.7061,11.277
137.6902,-5.0172,11.275
67.7669,-42.7837,11.275
62.2370,-49.2769,11.275
-49.3614,-37.9484,11.273
23.9511,-37.7641,11.273
127.0130,18.9978,11.272
109.2586,30.6519,11.272
126.0495,55.2335,11.271
36.8042,-3.6766,11.269
164.8595,-3.2929,11.264
-120.4701,-51.7190,11.263
41.9545,29.2372,11.263
95.2138,22.8774,11.263
39.8267,-19.5413,11.262
105.1357,38.2417,11.262
-26.1029,-46.2585,11.261
171.4385,19.2478,11.260
-121.7769,-45.1323,11.260
-11.4979,-8.7289,11.260
173.3015,17.5446,11.260
-120.6158,-45.0326,11.258
-170.4868,52.7538,11.257
-153.3094,-48.3403,11.254
155.9018,-47.6682,11.254
123.5100,18.2044,11.252
-80.8474,-22.4248,11.252
133.0932,-3.7743,11.252
-92.3166,-51.5431,11.251
-179.9669,47.9836,11.250
9.8049,0.7381,11.249
111.3420,45.7160,11.248
-104.5756,16.6562,11.248
-170.2379,-5.1703,11.244
0.7473,-32.4458,11.243
108.4754,42.2975,11.241
-170.3740,-57.1955,11.240
-165.1553,10.1851,11.238
164.7424,49.7487,11.238
-123.0584,24.0020,11.238
150.6716,49.3700,11.236
60.1626,-54.6280,11.236
46.0294,32.8452,11.233
9.4324,-27.7258,11.233
96.8696,-5.2576,11.232
100.9788,-45.3622,11.230
-114.9952,58.7755,11.229
-135.5398,-22.1151,11.227
62.1328,-43.9134,11.227
108.0380,30.7504,11.224
-109.6698,16.1934,11.221
24.5055,57.7946,11.221
-101.2147,-50.1999,11.220
124.3121,25.0555,11.217
-138.2858,-40.4831,11.216
-148.0056,-26.5913,11.216
-88.9851,59.3575,11.215
-94.4605,10.3813,11.212
-174.8690,39.1080,11.212
80.9426,-20.9156,11.212
-178.2174,12.3157,11.210
-155.5082,34.4853,11.210
161.0350,-25.5527,11.210
-146.9545,25.8925,11.209
161.3539,31.7081,11.209
-122.9558,-37.4620,11.208
85.3172,-2.4786,11.207
121.6205,23.5368,11.205
-122.7829,29.1004,11.204
-126.3185,16.9933,11.203
-35.4488,-31.1670,11.202
-134.6732,29.5158,11.202
159.2488,11.7894,11.202
-149.0347,30.1671,11.202
-144.2452,37.3547,11.200
-143.2679,-30.5187,11.199
-113.8016,12.7938,11.196
15.4217,-52.4524,11.195
-129.1926,24.0742,11.194
-149.8805,2.6183,11.192
169.2483,4.5527,11.192
-14.9084,-32.5710,11.191
147.8695,54.1411,11.191
-141.5487,-18.3791,11.190
47.8824,-26.2000,11.189
64.3555,5.9001,11.188
171.0449,54.3960,11.187
107.2440,-7.8600,11.187
-146.3957,-33.2598,11.187
116.4213,53.8354,11.186
-121.0323,-44.7631,11.182
149.7134,-10.9499,11.182
-141.2367,-26.8875,11.179
-105.1732,26.8913,11.178
-157.3274,32.0247,11.176
-146.2347,-11.8510,11.175
-123.0246,55.6266,11.175
126.9400,30.8501,11.175
125.0968,-42.9780,11.174
-92.0993,38.6275,11.174
-171.2842,59.9778,11.173
-168.3576,-15.2262,11.172
43.5743,-46.0949,11.172
163.9564,6.8917,11.171
-152.5837,-51.9140,11.170
-100.7586,28.0556,11.170
50.7230,32.5879,11.168
127.7025,56.1534,11.168
-125.6851,-14.2655,11.167
118.6003,31.7523,11.167
2.1626,-6.9613,11.166
-143.9954,18.6812,11.165
155.3508,22.5690,11.164
176.6038,-11.3145,11.163
-108.7635,-22.5714,11.163
110.3448,46.1121,11.162
118.3528,30.3804,11.162
29.5243,31.6897,11.161
-16.1700,-44.7392,11.159
129.7830,21.9886,11.158
-125.1533,34.5322,11.158
-42.9982,-7.8772,11.158
33.0648,46.8801,11.158
-126.6122,45.8031,11.157
-10.3798,-34.6258,11.157
-121.3644,50.6071,11.156
40.2388,21.4456,11.154
114.8708,16.3975,11.152
-146.7788,52.6155,11.151
-0.2856,51.3777,11.150
-155.9723,-8.1006,11.150
86.0686,-14.3604,11.149
89.5815,16.5584,11.148
-133.8167,-1.6190,11.145
-104.0717,44.2133,11.143
109.3992,23.9801,11.143
14.8693,-22.1777,11.142
-157.8139,33.2814,11.142
124.9868,9.4813,11.142
123.6133,29.2538,11.142
60.0171,-18.9085,11.141
95.6050,-12.0108,11.139
-160.7732,48.3039,11.139
-151.3840,40.8789,11.137
-176.5274,9.0068,11.136
34.8308,-3.5705,11.136
-48.3914,-14.8594,11.135
166.8032,40.2178,11.135
73.8001,43.7380,11.134
143.4190,3.5493,11.134
26.6569,-44.8912,11.134
173.5724,41.9167,11.134
-116.6586,7.9175,11.133
169.1198,43.0475,11.133
22.6539,-34.3682,11.133
-122.2739,32.0907,11.130
88.1355,18.9441,11.130
165.0521,-49.2102,11.128
-130.2671,-32.7388,11.128
164.4799,7.5909,11.128
96.0539,-3.6087,11.127
-149.0174,-43.7830,11.126
139.4961,-16.8588,11.126
166.4763,20.9100,11.125
-124.3249,24.7064,11.125
-171.5533,-49.7144,11.124
65.5323,-36.0316,11.124
-158.8868,24.4793,11.124
130.3503,-29.3570,11.123
-161.8583,-53.2842,11.122
166.5438,2.9237,11.120
-172.8984,41.8604,11.118
-158.0338,7.8269,11.117
75.3940,10.0752,11.115
37.9842,39.9931,11.115
-162.2137,18.2252,11.115
55.8895,27.1489,11.114
-126.9015,-9.2904,11.113
-83.6056,41.8156,11.111
-139.6785,-34.9894,11.111
127.8909,-9.6114,11.111
-135.4983,7.0798,11.111
165.0780,6.9289,11.110
-132.6771,44.4036,11.110
-138.0603,-34.5672,11.109
68.8233,-25.0759,11.108
-132.4410,10.8129,11.107
-121.3961,18.3410,11.107
-102.8003,-15.0234,11.104
-63.2261,-18.8475,11.104
92.3795,-10.6389,11.104
-171.0992,23.2740,11.103
-163.0277,56.6423,11.102
171.7413,34.3570,11.102
-178.0156,52.5948,11.101
-124.7490,8.4106,11.101
29.4256,-46.9925,11.100
-75.3973,22.8611,11.099
157.7308,-48.5113,11.098
160.1678,25.2696,11.097
-75.6065,17.7965,11.097
21.4854,-12.3724,11.095
-139.2960,39.2590,11.095
-135.8909,-18.4206,11.095
-144.4199,2.7227,11.094
-166.2762,-44.4977,11.093
118.2902,-18.7561,11.093
-47.7490,-24.2847,11.093
-142.4336,-0.3882,11.093
149.7657,-43.1949,11.093
173.7025,1.0497,11.092
59.0347,-33.5440,11.091
118.3934,-47.6144,11.091
69.5694,-47.8455,11.091
-176.1876,-0.9326,11.089
-121.5492,-47.8112,11.088
-152.2228,33.2967,11.088
169.6564,23.0937,11.087
-108.4801,30.2161,11.086
19.4488,-22.1297,11.085
-158.1477,48.5019,11.084
-8.6339,-54.4704,11.083
70.8252,-47.6719,11.082
-158.3472,27.8971,11.082
18.8046,-42.4498,11.080
-87.2259,39.0442,11.080
-1.9988,-27.8344,11.080
142.5827,18.7046,11.079
-112.3649,8.1786,11.079
-127.1273,-6.7086,11.079
150.7302,-31.0360,11.077
-140.2382,37.6667,11.074
-119.0488,-38.7711,11.074
126.7284,19.3031,11.074
134.9211,53.6312,11.073
94.5477,-31.9489,11.072
-159.3972,11.7594,11.072
-112.2347,-54.2714,11.070
21.6397,-32.0478,11.070
-147.1347,48.7141,11.069
65.0869,44.0063,11.069
-96.0565,41.5397,11.068
-85.6783,10.3660,11.068
25.4532,-26.1333,11.066
-116.3703,33.4156,11.066
-150.3609,33.5638,11.064
-111.8874,7.2363,11.063
160.3119,-45.0257,11.062
-119.3001,-1.3012,11.062
-118.9486,20.2607,11.062
111.6383,15.7347,11.061
135.9543,47.9058,11.061
141.1710,-3.8531,11.061
92.0106,45.1668,11.061
-148.2352,-10.4286,11.060
94.8308,-52.2511,11.060
-154.2767,28.7037,11.058
48.8216,25.0336,11.058
-144.4593,-1.0408,11.057
16.6659,-33.0733,11.056
99.9578,24.0060,11.055
24.6648,-57.3333,11.055
60.7428,31.7297,11.055
20.8441,-27.8174,11.055
143.6682,-32.0410,11.053
0.6694,-13.9202,11.053
131.5078,20.2897,11.053
-133.9215,30.4719,11.053
-171.3281,43.3400,11.051
162.3735,23.3924,11.051
158.1032,-42.3702,11.051
-136.9827,-18.1005,11.050
93.0358,57.7359,11.049
131.6839,55.3442,11.048
153.0367,-27.9760,11.047
-173.4393,7.6039,11.046
-112.9891,21.0176,11.046
-144.7793,38.4135,11.046
-65.3288,-11.9369,11.044
124.0905,-13.9199,11.044
-132.6135,23.2477,11.044
-129.2940,-9.2765,11.043
39.6810,-20.8231,11.043
-111.5381,27.2092,11.040
-136.2508,35.5314,11.039
-168.1465,47.7102,11.039
12.5487,-41.9429,11.037
-47.3549,16.3323,11.037
-179.0314,41.0954,11.037
-138.0235,-12.2578,11.036
62.5847,4.9041,11.036
164.0911,18.3343,11.034
147.0273,-38.8070,11.034
-167.3976,20.5011,11.034
-151.8054,-19.3407,11.033
-47.6479,13.9703,11.032
49.3811,-14.0051,11.032
-92.7343,17.6455,11.029
159.1218,34.8936,11.027
-138.3387,17.2636,11.027
155.2126,-8.8382,11.025
-128.0146,-25.1163,11.025
149.2556,-24.9175,11.024
-164.4394,-45.5331,11.021
-176.5293,9.0119,11.020
-103.7827,32.9893,11.020
172.1960,-4.4412,11.018
-149.4254,-57.6687,11.017
-137.1975,-23.8202,11.017
126.2213,-47.0601,11.017
-132.2645,-54.3499,11.017
-164.4972,43.1418,11.015
-146.9243,12.2785,11.014
169.7446,20.7094,11.013
-117.1181,15.3346,11.013
-149.0316,-44.1402,11.013
-114.0315,25.6558,11.013
118.8716,-46.8383,11.013
4.4481,-17.6379,11.012
-121.8778,3.5698,11.011
-157.9524,28.3667,11.011
32.1684,-0.0080,11.010
83.6976,40.9093,11.009
-87.3767,12.5964,11.009
51.3190,23.4595,11.008
-121.6051,34.0309,11.006
159.2044,25.8406,11.005
-111.2896,25.3130,11.004
147.7649,-54.0277,11.004
-115.4759,20.5290,11.002
-139.6045,-36.8636,10.999
35.0375,-4.8950,10.998
176.9660,0.2085,10.997
-154.1024,-32.0927,10.996
-123.7848,2.5886,10.996
61.7536,4.7431,10.995
177.1344,22.9360,10.995
60.2296,29.9445,10.994
-165.0880,35.0502,10.994
-140.8786,35.7481,10.992
46.8575,-42.8640,10.992
-166.2673,-59.7860,10.992
-173.5329,49.0751,10.989
-169.8771,39.5743,10.988
147.0138,-15.8355,10.987
-94.2897,46.3775,10.986
-165.1310,59.7938,10.985
-148.6923,10.1516,10.984
-175.3494,-0.6177,10.984
-133.9881,-11.1628,10.983
-117.2587,9.2520,10.982
-89.8622,48.9265,10.980
-46.6725,-44.0817,10.979
64.1022,30.3278,10.979
65.8472,-4.1832,10.977
-85.0722,25.9608,10.977
141.9941,-1.8274,10.976
120.1932,30.1016,10.976
14.4136,-10.4802,10.975
-160.3656,28.0529,10.975
-120.7441,-35.1611,10.974
-171.2890,22.6534,10.973
92.9586,-23.7157,10.972
78.0138,7.1930,10.971
-79.9873,-19.0733,10.970
-109.7700,59.7716,10.970
-172.2043,14.0598,10.970
149.7736,-22.4268,10.969
-125.1557,2.2861,10.969
-8.9733,-49.2677,10.968
159.9011,25.6477,10.968
153.9074,47.1545,10.966
-167.5954,32.1965,10.963
79.8913,18.4587,10.963
152.1293,57.2300,10.963
146.1227,0.5722,10.963
48.1760,25.1355,10.962
95.6780,33.0995,10.962
-36.8271,-43.3741,10.962
-169.5044,23.4486,10.958
-141.8639,-25.5400,10.958
-91.5422,20.8884,10.958
-133.9899,43.7316,10.956
66.5297,-41.3256,10.956
-138.2474,-23.3580,10.956
-29.0117,57.9109,10.955
11.6686,19.6314,10.955
-123.4822,17.8704,10.954
-136.8992,-19.0424,10.954
168.5360,34.0952,10.954
65.2425,37.3926,10.952
-143.1403,16.5892,10.951
-173.9336,27.1804,10.950
167.7670,-24.8715,10.949
-164.7176,-25.9165,10.949
-172.6529,9.4338,10.949
-31.1655,19.9734,10.948
-131.7141,46.3732,10.946
-168.4975,31.6181,10.944
-174.5255,21.2710,10.943
152.4768,20.3403,10.943
129.0880,22.8216,10.941
-15.4166,-42.5713,10.940
-162.2404,-25.7247,10.939
-167.8497,39.4912,10.939
39.1674,-4.5656,10.938
-134.0140,12.2701,10.936
37.3731,-20.8484,10.935
40.8997,-59.0820,10.934
5.5746,-6.9034,10.933
-120.4928,8.2769,10.933
-95.1314,42.9785,10.933
75.6431,10.6692,10.932
-144.1728,1.5549,10.932
-107.0549,53.9903,10.932
-135.9165,-28.4388,10.931
106.9388,2.0740,10.931
169.1329,16.7939,10.931
-107.5948,29.8919,10.930
-164.2015,25.0911,10.930
-156.2908,2.1986,10.930
-76.3593,-56.2574,10.929
-109.5442,24.4947,10.929
-5.3663,-21.4593,10.928
-79.9242,45.0768,10.923
-170.7201,20.2233,10.923
-148.8096,-52.7341,10.922
165.3938,7.1969,10.921
113.5321,19.4505,10.918
-167.4724,27.7193,10.915
-146.2935,58.2950,10.915
143.8504,17.5955,10.915
-131.9759,20.0213,10.914
-100.3383,23.3564,10.911
118.2687,25.5798,10.910
26.2878,-31.3542,10.909
149.9236,0.1691,10.908
109.3167,8.6332,10.906
135.6215,46.8077,10.905
-153.6505,-8.2799,10.905
-171.3819,-9.2936,10.903
-129.3216,-8.9739,10.902
152.1405,11.8604,10.902
20.3847,-40.1957,10.901
152.8894,-3.5917,10.901
68.7566,25.4064,10.900
-121.4433,36.8300,10.900
-127.6959,35.7986,10.899
109.5995,-39.7591,10.898
5.2996,-31.8926,10.898
-141.7402,21.9406,10.896
-143.1309,-2.3584,10.895
108.6190,21.3956,10.893
132.4715,27.3138,10.891
-160.2110,12.1513,10.891
142.9604,26.7093,10.889
-71.4729,5.1312,10.888
-161.8604,44.3372,10.888
-104.3786,44.9151,10.887
-111.2960,41.1081,10.887
30.5525,-52.0674,10.886
-129.3800,20.6833,10.884
-169.3214,18.2535,10.884
-82.3775,-55.2932,10.882
-96.4588,49.5053,10.880
142.8553,-30.7899,10.880
139.3186,15.6730,10.879
-87.2481,21.7130,10.879
-128.7726,-56.8513,10.878
34.8833,-47.9452,10.877
-95.4238,29.6815,10.877
-145.3969,14.0433,10.877
77.4949,43.0131,10.876
-49.0593,-37.7170,10.876
-149.2913,-10.9128,10.875
-90.4126,37.4278,10.874
-167.7016,5.1345,10.873
-169.5885,-19.6858,10.872
62.3031,45.4647,10.871
-165.1837,-48.0449,10.871
-115.0527,33.6654,10.870
87.2240,-58.1762,10.870
165.8464,-17.5677,10.869
135.5385,39.4722,10.869
110.6688,22.7803,10.868
85.6034,25.6559,10.868
-174.1302,37.6573,10.868
30.5767,-36.7460,10.866
6.6497,-41.9094,10.865
-123.0404,6.7545,10.865
-131.5036,-11.9516,10.865
50.4612,18.3896,10.865
141.1661,30.8684,10.861
30.5058,-25.8852,10.859
-128.1410,17.9312,10.859
156.3803,9.9717,10.858
-143.4320,-19.1958,10.856
171.0363,-18.6810,10.856
127.9165,24.9783,10.853
167.2656,18.9721,10.852
-145.1674,-47.8761,10.851
69.8788,-7.0718,10.851
-92.2955,-2.2890,10.847
-147.7596,24.0951,10.846
-127.0338,14.5202,10.846
106.6896,-26.7559,10.845
-128.5118,24.1107,10.845
-86.2443,-50.8159,10.844
-142.4653,-4.0432,10.843
-162.2067,-5.8145,10.842
157.2325,11.3229,10.839
155.1647,11.3430,10.837
23.1732,-35.3298,10.837
-25.5833,47.2719,10.837
-59.7267,-36.5310,10.834
97.2440,-3.9909,10.830
-28.8317,-59.7718,10.829
64.9557,-41.4886,10.826
115.2051,20.0088,10.826
-109.2234,-52.6955,10.823
-123.9838,7.7334,10.823
-118.3503,13.5421,10.823
-139.3679,-23.8166,10.821
40.2199,5.5155,10.820
26.0003,-2.7023,10.820
139.9579,28.4557,10.819
-90.3556,13.5007,10.818
-154.0504,2.0937,10.818
-61.5373,-57.9972,10.817
-36.7844,2.3518,10.817
93.4444,47.3700,10.814
-163.6206,-0.2554,10.814
52.2126,-25.7387,10.813
154.0468,32.8148,10.813
48.4860,-42.6463,10.812
124.7580,-35.8300,10.811
-144.7903,-11.7695,10.811
-114.2020,25.5134,10.811
-91.9923,55.2767,10.811
-31.6768,-35.3488,10.811
-87.3098,-32.8070,10.811
133.9895,35.6466,10.811
152.2192,7.4950,10.811
-159.9865,-21.5383,10.810
-126.0883,29.1861,10.809
106.6389,41.5259,10.809
172.9572,37.5256,10.808
-113.1817,40.5050,10.807
-110.4007,41.9387,10.806
-89.0173,11.1064,10.806
-116.8198,18.5600,10.806
-155.9999,-9.9962,10.805
120.1975,36.5489,10.805
-141.5819,9.4541,10.801
66.4653,-13.8628,10.800
-87.6488,23.4508,10.799
-127.2862,43.6738,10.799
-136.9629,48.9640,10.799
-79.1284,59.6007,10.799
99.1421,-2.7569,10.798
127.4143,59.4611,10.796
111.1133,13.1673,10.795
52.9869,-37.6833,10.794
-145.9708,34.7354,10.792
157.4533,58.6784,10.792
72.3327,5.5716,10.792
133.1844,43.9652,10.791
-89.3833,51.8989,10.789
-174.5873,-14.8592,10.789
124.5663,-6.6499,10.789
11.0408,-55.0250,10.789
63.7692,4.7483,10.788
-137.4241,23.7910,10.786
178.9908,46.3640,10.786
36.3787,-5.7661,10.786
-123.0982,8.3803,10.786
123.5148,53.4535,10.785
-145.6477,-16.6076,10.785
5.6653,-20.4429,10.784
48.5183,31.8934,10.784
-136.2269,20.1182,10.783
90.5885,35.6057,10.780
102.9318,-27.6207,10.780
149.8981,-34.5627,10.780
-143.4285,-15.9255,10.779
-60.6961,37.4688,10.779
100.2256,7.8544,10.779
-126.7721,40.0005,10.778
-83.8480,-2.8613,10.777
40.0327,-21.3593,10.776
-125.8786,44.1873,10.776
113.7900,40.0567,10.774
-133.5157,50.2697,10.774
174.2018,-21.2161,10.771
-13.5997,-1.3758,10.770
19.3501,-34.0370,10.768
106.0895,-18.3059,10.767
-142.1937,-48.2519,10.766
-169.1046,39.6516,10.766
160.1845,45.1534,10.763
117.9948,24.1318,10.762
-128.2299,10.5080,10.761
-152.4229,31.5820,10.761
72.6534,5.0507,10.760
-154.4746,-55.2862,10.760
81.8394,-46.7098,10.760
-51.8565,-29.3997,10.758
80.7630,-56.7414,10.758
139.8972,23.0528,10.758
16.1552,-34.0911,10.758
111.2052,12.0025,10.757
56.3564,-59.3282,10.756
-140.0469,-21.7135,10.756
-58.3590,-48.1314,10.756
-10.9320,-39.2620,10.756
58.3801,-38.5132,10.754
-170.4704,44.7717,10.754
-170.1850,-18.2656,10.754
-126.3869,38.6338,10.753
-85.8497,-53.4980,10.751
125.3004,-50.0419,10.751
-51.7151,46.5797,10.750
-16.3245,53.1818,10.749
115.9146,-38.5642,10.749
-174.8727,-40.1242,10.748
179.5219,21.1206,10.746
72.6775,25.1100,10.745
122.9517,-28.0333,10.744
-124.6997,20.4797,10.744
-12.4948,-28.4817,10.743
82.7975,3.3608,10.743
94.0437,-57.1015,10.742
-24.4492,-45.1936,10.742
-129.6263,-2.3596,10.742
25.4032,-29.1543,10.740
-142.0387,-58.0372,10.738
-144.4835,-31.5728,10.738
6.6163,-25.9706,10.738
48.1710,-53.0672,10.738
-149.6437,-23.9331,10.737
-89.1888,45.0581,10.737
-100.4789,47.0432,10.736
-172.2680,-37.6513,10.736
-32.4570,-35.6766,10.736
166.0697,-47.2271,10.736
164.6167,32.9273,10.735
-164.9734,-0.6493,10.734
-26.5654,-35.0681,10.730
-99.0376,45.6968,10.730
-159.4932,-24.5432,10.729
-157.9830,14.6078,10.728
2.1537,-52.0767,10.727
-152.2962,0.7784,10.727
102.8699,26.4736,10.726
-148.0877,-0.8188,10.726
17.0103,-51.6666,10.726
77.7129,35.3494,10.726
-132.3498,55.7986,10.726
156.0132,18.5598,10.726
58.4213,47.8664,10.725
-130.4388,35.6147,10.724
-157.7255,7.6060,10.724
-164.2385,1.7797,10.724
-177.8803,43.4434,10.723
94.1973,3.9524,10.723
127.9203,22.4974,10.721
114.1126,16.1689,10.720
-174.6255,55.4017,10.720
-88.1968,50.2965,10.718
114.1953,5.4133,10.718
-156.6938,3.2552,10.718
167.8463,41.9428,10.717
171.2311,18.9347,10.717
-161.1410,42.1399,10.717
174.0524,-48.7041,10.716
-113.6283,24.6496,10.715
156.8030,13.6227,10.714
-141.3976,45.6390,10.714
-168.2286,-14.4080,10.713
-132.6159,31.4519,10.711
-158.2683,32.2003,10.711
-175.9235,16.5645,10.710
107.2133,50.3256,10.709
-140.1280,-15.1329,10.709
-104.4929,18.8772,10.708
52.7566,-14.6573,10.706
-165.2132,32.6041,10.705
-153.2841,-8.2593,10.703
-118.5779,29.4050,10.703
71.4836,-3.8652,10.702
72.2725,4.8674,10.701
-145.1958,18.3539,10.700
-102.1238,43.8413,10.700
-124.5104,14.9440,10.699
-112.2545,20.8808,10.699
104.9578,30.8056,10.699
21.1742,-28.9209,10.697
93.9800,50.5137,10.697
20.6957,-6.2003,10.697
-24.6877,56.7217,10.694
-123.4488,41.0889,10.694
-93.2741,21.6440,10.694
96.2225,-4.9204,10.693
0.6233,-36.4547,10.692
154.9253,25.1153,10.689
178.5982,23.1334,10.689
174.9589,0.7285,10.689
-139.0371,-16.8805,10.689
170.7634,19.1718,10.689
-145.9151,-27.0521,10.689
-124.0915,32.4491,10.688
-158.3276,34.6542,10.687
-126.5363,-30.4854,10.685
-160.3821,-57.2635,10.684
120.9170,-35.4469,10.683
36.1563,-52.1006,10.682
-177.9294,-9.9158,10.681
-178.9646,7.5376,10.680
-150.1676,-17.3655,10.680
-113.3663,-51.9510,10.680
-164.3407,-21.8247,10.680
162.0700,10.8686,10.679
-128.8920,-20.7970,10.679
-136.8229,38.2992,10.677
109.4614,10.3345,10.676
171.8257,32.8104,10.676
-120.3814,25.6794,10.675
-36.1239,7.1409,10.674
81.6068,46.2253,10.674
128.7326,0.1903,10.673
127.6118,8.7598,10.672
-161.8167,0.5742,10.672
75.7879,12.4321,10.671
-116.5887,-50.9569,10.671
-160.9819,37.6561,10.668
105.7935,-6.3495,10.667
97.6861,48.9311,10.667
12.2399,-12.3739,10.666
68.0841,-43.0375,10.666
-85.7063,25.0928,10.665
99.8619,-26.3707,10.663
177.9648,9.2820,10.663
138.2068,-8.2489,10.663
62.4797,-44.4441,10.662
128.3451,39.2024,10.657
135.9444,-2.1975,10.656
143.4426,-40.9232,10.656
-134.5714,-20.2242,10.656
-115.7720,17.7057,10.656
29.7867,-4.5320,10.654
155.2670,44.1650,10.654
-150.2917,-9.9724,10.653
140.7092,-33.0415,10.651
-119.3920,6.6769,10.650
-100.3377,19.0167,10.649
104.1096,38.8298,10.649
173.1375,-58.2873,10.649
-91.8201,52.9553,10.649
17.4637,-7.3909,10.648
-37.6563,-47.1857,10.647
138.5235,32.8729,10.647
102.3512,-11.9466,10.647
-114.0145,-46.7660,10.646
-162.4652,35.7431,10.646
53.4474,7.1576,10.646
-158.3114,29.0268,10.646
94.4151,23.1824,10.646
162.8827,17.2689,10.646
-62.0728,-15.7782,10.645
175.4636,44.1796,10.645
-169.8938,11.5557,10.645
26.6861,-34.6419,10.645
-169.7079,-10.1308,10.643
-121.6749,53.8590,10.643
155.9328,27.8887,10.639
-90.5393,38.5066,10.639
-156.2864,14.4680,10.639
137.7747,-24.8758,10.638
-126.4187,-22.0127,10.638
-92.9502,-34.9916,10.637
12.0577,-16.2247,10.637
-61.1727,-35.6935,10.636
37.5913,-57.4535,10.636
141.6479,17.7473,10.635
146.9185,-52.2355,10.635
134.7839,-33.4890,10.635
-72.2523,24.0117,10.634
7.6899,-31.4494,10.634
-117.8423,42.3466,10.633
1.8694,-43.8439,10.633
95.2090,-29.0476,10.632
-6.2809,-42.8182,10.632
-92.1260,45.8386,10.632
-52.8179,-24.0231,10.630
105.5745,-45.3895,10.629
122.4998,50.5213,10.629
-110.6652,9.3001,10.628
-144.2770,-31.3276,10.627
-130.8894,6.1448,10.627
169.9088,25.0337,10.625
-157.5297,1.2820,10.624
125.4237,13.8194,10.623
172.7743,50.2380,10.622
-153.0355,32.4927,10.621
134.5297,17.2747,10.621
-120.4376,41.6446,10.620
161.8987,-42.6889,10.620
81.3749,-1.3195,10.619
142.0520,51.2176,10.617
-141.9209,1.3847,10.614
-28.6683,-25.9910,10.613
-113.8586,52.5064,10.613
178.7292,18.3163,10.610
156.9314,44.2837,10.608
13.8876,-49.7812,10.606
-57.4754,-16.9782,10.605
-172.6102,-8.5600,10.605
163.2003,47.3524,10.603
170.2326,17.7108,10.603
107.6222,-1.2158,10.602
110.6568,-6.4005,10.602
-172.8367,-38.9434,10.601
46.9570,-2.0271,10.597
-179.4946,59.4785,10.597
-138.0715,36.0835,10.596
-135.6600,36.1607,10.596
110.6057,-48.4284,10.595
-102.9001,29.5573,10.594
-176.8004,-9.8483,10.594
103.3714,-9.9548,10.593
-148.3214,21.1618,10.592
-89.9113,17.2321,10.591
71.9292,24.2381,10.590
130.5922,52.5460,10.590
168.9520,17.3964,10.590
-154.2472,55.0173,10.588
-145.5783,-4.9239,10.588
121.4116,-4.8696,10.587
-94.8653,49.2698,10.586
152.3194,-36.1334,10.585
-177.3213,-0.5723,10.585
-117.2179,17.6947,10.585
99.7650,-14.2769,10.584
-66.3001,-29.4814,10.583
168.9234,24.8000,10.583
-138.1964,14.5079,10.582
126.9119,39.6175,10.580
-169.1508,-51.8012,10.580
-143.2454,41.7759,10.580
125.1959,47.8568,10.580
97.2200,-8.3331,10.579
132.0534,55.0625,10.578
3.1019,-45.9783,10.577
-162.3787,-8.4470,10.577
-8.4872,-36.9532,10.577
-12.6407,-50.6616,10.575
-159.9298,-9.2325,10.575
-169.1448,45.1743,10.574
-116.0082,40.8003,10.574
-124.8974,8.5853,10.574
130.1728,21.4021,10.572
115.7074,29.0949,10.572
167.5926,16.1906,10.570
61.1465,-55.9477,10.569
-121.9772,23.7077,10.569
45.0341,20.8528,10.567
144.0298,-15.5442,10.566
-172.6677,6.8985,10.565
-156.7144,38.3279,10.565
-106.1413,54.2262,10.563
-78.3544,12.4746,10.562
-86.0385,8.0706,10.561
31.3479,-56.5897,10.559
-168.0495,30.2598,10.558
43.9207,-30.9455,10.558
-163.7776,-58.1378,10.558
41.4767,-19.2211,10.558
111.9059,14.7284,10.558
156.1273,-23.9556,10.558
-140.4112,8.2064,10.557
96.5623,13.1976,10.557
-112.0167,49.2654,10.556
157.7187,8.9271,10.556
178.0166,-0.3061,10.556
57.8478,-36.6274,10.555
5.1815,1.7316,10.555
7.4320,10.5492,10.554
40.6544,-32.7455,10.554
-84.6913,4.3297,10.553
-81.4660,-26.2900,10.552
170.5320,46.7239,10.552
-124.3153,43.9163,10.552
-127.1454,-22.5672,10.551
115.1143,12.8652,10.551
132.5337,12.7257,10.551
50.2694,-38.2847,10.551
169.1855,-10.1226,10.551
-175.6941,15.6185,10.550
-49.4189,-33.6826,10.550
-46.6504,-12.6834,10.549
-74.2945,22.4813,10.548
31.0987,-25.5047,10.547
176.5105,20.3082,10.546
-145.8167,29.5315,10.546
-147.2100,14.5836,10.544
11.1235,-47.6807,10.543
122.6582,-0.7007,10.542
-158.8345,-25.1154,10.542
-168.2629,-35.9468,10.541
-176.4134,14.3833,10.539
-179.4143,50.5334,10.534
-98.2871,18.4606,10.534
129.9021,13.3682,10.533
-156.6922,-2.9956,10.533
-129.8429,14.2974,10.531
-169.3561,49.6386,10.531
165.1461,50.1411,10.530
150.6317,-17.9590,10.530
116.9290,-18.6867,10.529
-122.9035,25.9055,10.527
-123.3290,-25.3278,10.526
69.5432,52.7589,10.526
153.9718,-6.7232,10.526
-146.7927,54.2004,10.523
144.6800,-5.8758,10.523
-149.5147,-6.3235,10.523
-115.5663,13.9146,10.522
-127.9204,5.9609,10.522
-79.5149,-59.2769,10.522
83.9699,13.2267,10.521
4.5146,23.5864,10.520
100.6754,-9.0037,10.520
-144.7368,6.8147,10.519
-153.8255,-5.7178,10.518
-170.9444,44.7925,10.518
-96.3110,41.6852,10.517
141.8525,-36.5644,10.517
131.9387,-52.8183,10.514
-30.1731,-54.7369,10.514
-176.5870,43.5145,10.511
-103.9380,45.9806,10.510
159.6302,-15.8798,10.510
88.0778,30.7552,10.510
-113.4058,25.4458,10.509
166.1295,58.5686,10.509
112.3091,12.6320,10.509
-160.8195,-18.1069,10.507
127.5083,39.3619,10.507
175.3312,-42.6481,10.506
-119.2793,14.9592,10.503
-134.9940,9.5509,10.503
154.9473,-16.0434,10.497
-131.7245,51.3940,10.496
-161.4429,14.9789,10.495
-1.5805,-22.8790,10.495
-173.1557,43.6301,10.495
108.4153,23.4726,10.493
-93.5184,41.0868,10.492
-93.7312,23.0440,10.492
170.8055,43.6207,10.492
140.0169,-17.6498,10.491
95.6755,-45.8404,10.490
-120.3338,21.8556,10.489
-163.5166,44.8569,10.488
-92.9121,50.2732,10.487
-157.6454,21.2439,10.487
-2.0314,55.1689,10.487
-118.3237,29.0030,10.487
-149.4404,26.6097,10.486
-147.8485,18.4478,10.485
-80.0066,38.8695,10.484
-146.2320,41.4022,10.484
-11.5688,-11.5672,10.483
118.2188,23.9945,10.482
175.0278,41.0620,10.480
28.0498,-35.7233,10.479
64.9737,-55.1979,10.479
-79.0071,1.9209,10.478
29.2794,18.6532,10.477
-159.7527,42.8583,10.477
6.8993,-25.2416,10.475
124.8386,7.6826,10.475
-135.1745,55.2246,10.475
152.1484,46.8142,10.475
95.7823,22.3588,10.472
-20.0303,-40.8709,10.472
67.3457,33.8170,10.470
-11.8041,-50.7015,10.469
-123.4251,5.0748,10.469
129.9018,56.4994,10.466
40.5147,3.9250,10.466
-108.5012,34.1127,10.466
-35.1278,-21.9628,10.465
170.9747,31.0291,10.464
-162.5329,39.7706,10.464
112.1104,11.5751,10.463
-88.7961,20.8547,10.463
-143.8253,51.8607,10.463
-117.2389,39.1455,10.460
-109.4121,56.8290,10.459
-118.6827,58.8808,10.459
-156.3779,41.1274,10.459
-107.2240,23.9274,10.459
-176.3170,-33.1412,10.457
-61.1885,-59.2171,10.456
130.0883,-33.9137,10.456
-153.1778,43.1373,10.455
-118.1563,-32.3785,10.455
91.0459,-13.2327,10.454
174.7992,9.5713,10.454
-124.6256,-30.9229,10.454
137.9104,-57.1304,10.454
-142.3561,-12.6725,10.453
177.5037,3.7932,10.452
85.2201,25.6967,10.452
176.9025,-8.0029,10.451
114.8880,6.3565,10.447
111.8140,40.0424,10.446
54.8738,-59.0709,10.444
109.0670,-16.1725,10.444
-133.4895,-25.3872,10.444
-145.7200,14.1387,10.443
-166.0233,44.1651,10.442
-177.8482,49.3456,10.441
74.3544,4.0964,10.440
148.1335,27.8636,10.439
137.7370,-29.8532,10.439
107.3799,2.2509,10.439
148.3406,-34.5125,10.436
-152.6868,12.5590,10.436
-158.0094,25.1029,10.434
64.9462,-43.1346,10.433
-135.3528,-37.8469,10.431
-84.2737,47.6387,10.429
-145.1976,33.6726,10.428
-129.4430,12.5930,10.428
73.1337,9.0792,10.427
42.3828,-28.8756,10.427
-157.3004,-27.0348,10.427
-128.9617,23.9453,10.426
4.6601,-57.4144,10.424
-20.6106,-52.0606,10.423
33.2933,17.0871,10.421
21.1038,-23.0819,10.421
143.2978,-29.9862,10.420
-124.6238,33.5166,10.420
-98.0663,50.3721,10.418
96.7492,-8.1656,10.418
19.7838,-43.2114,10.413
35.4083,23.5564,10.413
45.9431,6.1835,10.413
-166.3237,9.1505,10.411
-152.1144,50.9167,10.410
20.5583,-37.1565,10.409
-115.0496,14.3516,10.409
-171.3474,34.4176,10.408
-80.5623,-55.2203,10.407
-152.2210,-32.3522,10.407
-115.9602,57.5207,10.406
116.9707,10.7136,10.406
-172.2347,-36.2911,10.405
122.3754,-31.1761,10.404
-115.8145,37.2038,10.404
-2.3551,5.9693,10.404
-178.4721,2.7275,10.403
126.0890,2.1515,10.403
93.5581,46.8208,10.402
-34.0177,-34.3960,10.402
-103.9353,27.5175,10.401
-175.8234,-51.7833,10.401
-157.0959,24.4716,10.400
-165.0560,-28.0508,10.400
-150.5593,-43.4679,10.397
148.8221,42.3299,10.396
167.8159,-52.3120,10.396
127.2855,38.0466,10.395
10.8218,-56.9843,10.395
154.4046,21.0845,10.393
-64.8102,-15.8290,10.392
-69.2260,-1.3793,10.392
32.6629,-52.6144,10.391
-103.8927,42.0329,10.391
139.6903,-16.6730,10.390
120.7007,57.2986,10.388
-134.8919,-20.9443,10.388
96.3472,-29.5663,10.388
-160.8155,-46.3124,10.388
-94.9645,4.0645,10.387
100.1865,1.7822,10.387
165.3013,-13.8498,10.387
3.1479,-13.5274,10.387
86.9706,-10.6513,10.386
-55.1916,-23.2752,10.385
-139.1234,-48.2046,10.384
17.2692,4.5485,10.384
-163.2174,-16.9267,10.383
123.0288,20.6967,10.383
165.5562,59.0627,10.382
179.2375,-0.2759,10.382
-171.6943,53.5252,10.378
-30.6476,-3.0130,10.378
-140.7502,-57.4771,10.377
-152.9349,-34.3787,10.377
177.4254,25.8296,10.377
93.2920,30.9767,10.376
-166.6674,22.7257,10.376
-148.5479,13.2059,10.375
24.0751,-27.1798,10.375
-179.0841,46.0162,10.373
150.2528,21.5005,10.372
59.0004,47.1385,10.371
-172.2792,39.0624,10.371
-86.6215,19.2276,10.370
-141.7875,13.4777,10.369
-118.6949,26.6238,10.367
92.5243,-47.5024,10.367
178.6963,-1.9068,10.366
136.8499,-6.0813,10.365
-117.1456,-34.8976,10.363
-150.4470,5.5793,10.359
175.8855,24.3823,10.358
18.0881,-6.1225,10.355
136.9733,32.5088,10.354
136.5868,50.0724,10.354
132.3061,36.1885,10.353
168.7282,-3.0346,10.352
80.8995,-22.4693,10.351
49.6087,-28.8767,10.351
-96.0123,31.9173,10.351
-143.9205,37.5020,10.350
-163.2191,43.8858,10.348
-78.4660,55.8887,10.348
166.9550,42.9506,10.347
-164.2516,9.5374,10.346
-118.4201,-48.0128,10.346
-161.7322,13.9378,10.346
167.8167,27.4775,10.345
170.3681,9.7151,10.345
-137.9102,25.7180,10.345
-130.5867,-18.0034,10.345
146.8295,42.7953,10.345
167.7328,16.8756,10.344
-118.6873,18.1746,10.344
31.1793,-1.2164,10.343
95.7891,32.7208,10.343
166.3464,37.8842,10.342
-118.9535,24.3807,10.342
-152.5529,-0.8475,10.342
-167.4346,2.5919,10.342
176.5722,44.5788,10.341
155.9868,-20.3418,10.340
-154.2786,-58.1043,10.340
-77.5539,-8.4196,10.338
-24.1095,33.7485,10.337
-14.6220,-38.3162,10.334
62.2380,-17.5742,10.334
-140.5852,51.9142,10.333
89.9343,-40.9099,10.332
-23.5652,-15.1291,10.332
46.2210,-44.7942,10.330
-117.3180,36.1962,10.330
146.8330,-56.9507,10.329
110.0553,0.4887,10.328
-164.2700,1.4834,10.327
163.0273,-48.3369,10.327
178.1782,-55.8119,10.326
-156.9850,-48.1129,10.325
120.7132,8.1898,10.325
-67.9693,-49.8319,10.325
-170.9750,-39.3285,10.324
5.5437,-35.3855,10.324
-168.4515,-55.1438,10.323
-150.7605,33.6731,10.323
-142.0085,-2.2560,10.323
173.2569,33.2981,10.321
-161.2628,-18.1699,10.320
-143.4828,-47.4886,10.320
-47.7031,-55.4895,10.319
30.5458,-26.7141,10.318
125.4210,17.6973,10.318
-121.8828,28.5928,10.318
97.1152,-27.6425,10.318
-128.0682,-22.6586,10.317
112.7599,42.6914,10.317
-35.0638,-35.7478,10.317
-153.2698,43.5106,10.316
-161.1175,17.7293,10.314
126.1989,31.0487,10.313
-55.9587,-30.5695,10.311
-148.7906,45.7948,10.310
-154.1815,33.5466,10.309
-87.2999,37.8317,10.309
137.6353,-6.8146,10.309
-158.0037,-29.7563,10.308
172.9269,27.3496,10.308
87.1116,28.9377,10.307
-154.8746,-39.1068,10.307
22.3211,-42.8967,10.307
-124.9899,57.1975,10.306
36.3627,-39.2283,10.304
157.9629,-20.2050,10.303
142.6533,41.6035,10.303
168.4951,56.3144,10.302
-124.1459,-41.3750,10.301
167.3283,22.1964,10.300
135.6031,49.2834,10.300
-153.1115,31.7223,10.300
-124.9652,10.7349,10.299
-167.4246,14.3646,10.298
24.9193,-30.4642,10.298
-179.3341,23.8656,10.297
144.0502,-46.8171,10.295
-30.2968,52.4058,10.295
-55.1620,26.9563,10.294
155.1904,55.2477,10.294
128.4670,17.3144,10.293
103.0045,17.3446,10.293
157.1508,8.3131,10.292
-77.4154,28.2844,10.291
-129.8330,-32.0817,10.290
-150.8581,23.7400,10.289
-132.7358,-27.3149,10.288
-61.2398,-44.2940,10.288
-148.6908,-1.8125,10.287
-113.6636,-12.2850,10.286
-149.3448,53.6837,10.286
80.8657,6.4090,10.285
-168.7613,-7.7521,10.285
154.6894,3.6867,10.285
-124.1012,-45.8016,10.284
99.0577,16.3721,10.284
142.8654,18.1399,10.283
-161.8252,-19.2253,10.282
-48.2350,-29.9411,10.280
-12.7248,-48.8823,10.280
114.3711,5.1802,10.280
163.5071,-37.8264,10.279
-51.8479,-42.4156,10.279
-140.2446,29.6529,10.278
18.7391,-59.3032,10.278
-164.1471,-28.5535,10.277
137.0166,-30.3990,10.277
100.7665,-18.2247,10.277
49.3196,-48.1009,10.277
-94.8850,55.8134,10.277
44.4484,-37.9411,10.276
-61.5863,-30.4326,10.276
-128.1082,26.0583,10.276
171.6627,17.5266,10.275
-144.4176,37.6409,10.274
-127.4963,-25.0949,10.273
-121.3473,37.2676,10.273
-110.1246,32.0119,10.273
68.0436,-54.1793,10.272
-92.3130,17.8082,10.270
-105.2378,49.4774,10.270
-109.9400,28.8231,10.270
-55.3159,49.3732,10.268
-119.4783,29.9116,10.268
120.6292,-15.6696,10.267
-136.4973,57.4679,10.267
13.8870,-35.0867,10.265
166.0221,1.9991,10.264
49.5187,1.8513,10.260
178.8346,55.5393,10.260
-69.3856,10.2917,10.259
-135.4067,-6.0337,10.259
-135.4928,-6.4751,10.257
137.3458,-38.3950,10.257
131.0639,-2.1409,10.255
-109.3269,-35.3922,10.255
34.6948,23.2838,10.254
153.7548,18.2029,10.254
-156.6230,-21.2912,10.253
5.5242,-47.5559,10.253
-143.9845,-16.5352,10.253
-142.9355,-16.1413,10.252
154.8385,-0.5563,10.252
84.6246,6.5779,10.251
-160.3009,-40.8709,10.249
60.9228,-33.5572,10.248
65.7025,-39.1653,10.247
-122.7326,-45.5039,10.247
25.6880,-44.2741,10.246
165.4467,22.6616,10.245
155.4180,18.0870,10.245
-129.4633,50.4963,10.244
-80.3153,45.9933,10.243
-119.7678,22.2831,10.243
133.3913,14.1575,10.243
139.1222,-29.3551,10.240
164.2822,53.2156,10.240
-28.9345,-41.6182,10.240
140.3995,59.9323,10.239
22.8262,-35.4508,10.239
149.4917,44.8960,10.238
-152.6335,54.0787,10.237
-30.0756,-13.2956,10.236
38.2937,-40.7736,10.234
-81.3668,12.7131,10.234
-170.9178,59.6176,10.234
73.0046,-59.8928,10.233
-179.0932,-56.9735,10.233
138.1160,-29.7758,10.233
175.6291,-47.3724,10.231
132.7906,-3.6265,10.230
151.1946,19.5083,10.229
-161.1226,-40.9587,10.228
-4.7441,-34.1240,10.227
-114.9761,-58.3948,10.227
54.7353,5.5558,10.226
-131.0006,7.4241,10.226
-103.9843,15.9775,10.225
-147.9409,38.8232,10.224
-133.8508,41.7472,10.221
-167.6263,-44.5218,10.221
-135.8421,-41.6863,10.220
-130.3804,59.7909,10.220
111.4691,29.7581,10.220
-177.4804,-12.8604,10.220
128.6501,50.1384,10.220
68.3204,-15.9002,10.218
145.3979,-11.4918,10.215
-157.1990,-4.3182,10.215
-120.0915,19.9881,10.214
91.2569,-28.4469,10.214
-175.2751,28.8709,10.212
179.6610,44.5238,10.212
172.7238,8.7652,10.212
-157.2716,-50.3455,10.212
-154.7078,46.9834,10.211
-167.2085,33.9024,10.211
-101.8485,-22.2043,10.210
-106.2864,55.2635,10.206
-38.7659,-46.7027,10.205
-82.7411,-9.2831,10.204
-122.1233,19.1075,10.204
-120.3156,-24.6227,10.203
-136.9113,30.7452,10.203
68.9113,-42.0926,10.202
-137.7103,-48.9679,10.202
-110.9977,8.7792,10.201
-131.4911,-9.3145,10.201
15.6715,-28.4208,10.201
-146.3261,41.1742,10.200
-138.4481,36.9689,10.200
126.9268,23.0303,10.200
-125.4805,27.9396,10.199
-165.4324,47.3005,10.198
-86.7913,52.3249,10.197
-125.6787,13.5104,10.197
-117.3561,30.6574,10.197
-88.9544,51.7857,10.197
-111.0011,18.9678,10.195
-129.2314,7.7658,10.193
160.0918,-5.8262,10.190
86.3522,-12.0010,10.190
-112.7527,16.5638,10.190
-155.0187,-14.0063,10.190
-150.4486,-15.6959,10.189
160.3033,53.7307,10.189
144.4774,-15.5962,10.188
-80.2566,17.6385,10.188
-140.7357,-4.4050,10.186
60.9162,4.2376,10.184
-44.2925,-38.7178,10.184
-125.4934,-36.5966,10.181
-112.4398,28.6870,10.180
133.9311,-41.3897,10.180
125.4486,29.2612,10.179
54.5750,6.4604,10.176
136.4137,35.5897,10.176
88.5825,5.4641,10.175
42.4083,-26.5723,10.175
127.0260,7.2359,10.173
-90.0796,31.8096,10.173
127.3936,-1.8065,10.172
-8.2123,-8.2236,10.172
-163.6123,18.6669,10.172
-128.1564,56.5083,10.171
161.4711,36.6422,10.170
-172.3751,43.0024,10.169
-177.6923,52.0904,10.168
-116.5593,14.4717,10.168
-39.6514,-37.8458,10.168
-50.2318,-42.5260,10.167
39.1636,-11.1763,10.167
22.3499,-50.7733,10.167
-52.1346,21.5265,10.167
-95.7364,28.4079,10.166
-175.3688,5.8651,10.165
-129.9901,53.7874,10.163
-82.5047,58.2996,10.163
155.8178,32.7826,10.163
-86.5085,35.4712,10.160
-172.2826,9.1913,10.159
167.5145,9.3797,10.159
-137.8002,-42.2375,10.159
14.7350,-35.8129,10.159
-107.1927,59.4426,10.159
-126.9947,-15.7822,10.158
-37.6593,-32.1721,10.157
152.3168,15.7416,10.157
-132.1504,-45.8432,10.155
143.3065,-36.8357,10.154
7.3247,42.9874,10.154
124.6142,-15.7736,10.153
-6.9218,-5.5929,10.153
-177.1580,41.8108,10.153
-175.6119,46.3326,10.152
18.0815,57.0396,10.152
-133.4337,6.9243,10.152
-115.4807,58.2434,10.152
62.4585,42.8891,10.151
-28.1789,-40.5549,10.151
149.3320,-52.7817,10.149
143.5393,-46.7058,10.149
173.6154,43.5518,10.148
-132.5821,13.9119,10.148
99.2146,39.9257,10.147
-30.8619,53.5145,10.145
-68.6708,-49.2340,10.145
-109.2990,57.3204,10.145
79.0117,13.1976,10.144
173.8551,38.1028,10.143
-152.2243,-21.0271,10.143
109.1340,10.6447,10.142
51.4216,-25.1410,10.141
-80.2861,11.4454,10.141
174.3277,58.3199,10.140
-166.1048,33.7284,10.137
-177.3666,13.6066,10.137
-152.2945,-24.6700,10.137
-18.6250,-34.6310,10.136
15.3359,-55.1908,10.135
-161.1365,11.2480,10.134
-118.5679,4.6154,10.134
137.4787,50.1454,10.133
-171.0773,20.0099,10.133
-57.0217,-57.4998,10.133
151.8075,-1.8110,10.133
72.5825,44.9086,10.132
-159.0483,39.7513,10.132
106.1773,-10.2073,10.131
-127.5144,13.7138,10.131
-125.5141,31.0931,10.130
74.6951,-8.1163,10.129
-132.3395,-23.0988,10.127
46.3932,-26.1094,10.127
-71.7885,15.9169,10.127
-140.2367,-13.8625,10.126
-168.5603,39.8991,10.126
166.0977,34.8164,10.125
61.0102,1.4737,10.124
-96.0627,32.8126,10.122
-158.7046,32.5223,10.122
-161.6447,-37.9077,10.120
131.0226,4.8281,10.118
-91.2714,-57.6599,10.117
-128.7518,43.4913,10.115
-51.4193,-54.0693,10.113
53.4488,19.3490,10.112
39.2913,-3.7157,10.109
-121.6704,39.2693,10.107
161.3351,28.4839,10.107
-115.6319,16.5638,10.107
-146.2067,21.8604,10.106
-64.2762,-51.1600,10.105
147.0778,-45.6505,10.105
117.4853,13.0823,10.105
-17.5480,-27.1574,10.104
36.7248,-13.8253,10.104
81.1855,-11.9123,10.103
108.8041,22.1178,10.103
78.7075,-1.1795,10.102
178.4886,3.1064,10.102
49.0730,-44.2197,10.101
-163.4837,13.7142,10.101
-175.2655,43.6726,10.101
-92.9175,56.0023,10.100
-171.4585,43.1023,10.097
-132.8507,42.7325,10.097
-137.0754,-58.7231,10.097
179.4319,40.0804,10.097
-51.7287,59.7661,10.096
-155.1799,24.2588,10.096
140.3382,-18.1170,10.094
11.4409,-41.3395,10.094
-142.5879,31.6015,10.093
178.2207,12.1960,10.092
-115.3783,-50.3732,10.092
8.4414,-48.6956,10.092
-90.2487,8.8458,10.092
126.9878,27.7717,10.090
-148.7161,-5.4568,10.089
78.3682,10.4037,10.087
-133.6648,-16.2190,10.086
-42.1211,-59.6163,10.085
103.9027,15.8760,10.085
-174.9149,17.4037,10.084
-109.3513,32.9431,10.084
-30.3561,-11.7819,10.084
-114.1591,45.5690,10.083
50.4273,-44.1384,10.082
-163.9412,-44.5834,10.082
-30.9042,-39.0006,10.081
-64.6125,-57.6322,10.081
-170.7406,-12.5325,10.081
179.0564,-54.3603,10.080
-125.3349,-46.3574,10.079
30.9231,-50.3922,10.079
153.1450,55.6798,10.078
-134.0983,-25.6609,10.077
177.0246,4.4126,10.077
124.9019,20.0292,10.076
-109.8925,-53.7203,10.075
-101.4451,43.3784,10.075
-161.7123,-18.3794,10.075
-145.0903,-7.4417,10.073
-77.7499,52.7099,10.073
128.7161,9.1629,10.072
-165.9549,3.3518,10.071
-179.7445,10.4927,10.070
150.1188,-2.4270,10.067
-101.7254,24.7815,10.067
128.4370,24.4675,10.067
-65.7335,-48.8574,10.066
124.5285,-44.1274,10.066
-95.1613,25.5567,10.065
-122.6472,20.4228,10.065
-137.3844,-47.9878,10.065
-111.3735,18.7948,10.065
-149.9542,36.6484,10.064
108.5705,-33.3184,10.064
-80.9417,-10.0862,10.064
-62.7654,-42.6142,10.063
178.4389,11.6920,10.063
-127.8122,-7.9748,10.063
-130.9829,-24.0034,10.062
72.3853,-58.3284,10.060
21.6311,-46.7047,10.059
29.6317,-19.1343,10.058
-132.0794,-23.0049,10.057
-172.4621,1.2217,10.057
168.9440,54.0456,10.055
-144.1320,-34.5425,10.053
-43.1711,-29.8234,10.052
63.4808,49.1857,10.050
-149.5596,-2.5580,10.049
-82.0874,51.8768,10.047
179.9643,19.9858,10.047
-150.0928,8.3177,10.046
-70.5758,-38.9067,10.046
-65.4551,-40.7848,10.045
-2.7328,-49.6991,10.045
-166.1335,27.0555,10.044
163.2892,8.6556,10.044
48.6499,-13.1404,10.043
11.9838,-34.4381,10.042
129.8846,47.2877,10.041
59.0351,46.2174,10.039
-62.7666,-45.1023,10.039
126.5736,16.7717,10.038
-51.5087,5.1310,10.038
109.9447,54.7071,10.038
118.0080,9.9922,10.038
-151.4391,-56.8263,10.037
138.1359,-58.7088,10.036
33.6761,-1.8752,10.034
142.2822,-19.4433,10.032
-174.8225,45.6152,10.031
143.5575,-51.6509,10.030
-41.0223,-46.2552,10.029
72.4808,25.0276,10.029
142.3168,-5.7083,10.029
-37.3033,14.8571,10.029
-170.2948,1.6644,10.028
92.5415,-8.6298,10.028
34.8085,-25.6673,10.026
162.0618,55.4650,10.026
-117.5963,32.4832,10.026
63.3668,-49.7284,10.025
3.1043,-44.2746,10.024
-167.1465,-15.8394,10.023
84.7325,26.9827,10.022
-158.0001,-6.4721,10.021
-156.4171,-0.8953,10.020
-65.2673,-0.1332,10.017
125.2500,25.5851,10.015
-45.2323,55.5885,10.014
-162.8162,13.2732,10.014
124.4679,14.7580,10.014
126.1230,23.5875,10.014
-171.1022,34.2392,10.013
-119.5262,-47.8040,10.012
-92.5569,41.0354,10.010
-79.0548,53.8377,10.009
109.7976,-48.2896,10.009
-160.1911,43.5593,10.007
109.4122,19.8674,10.006
64.1787,-19.0201,10.005
120.2724,-24.9930,10.005
-177.4538,39.6553,10.005
-128.5423,48.5386,10.003
128.7821,5.5741,10.002
-109.6003,47.6003,10.002
61.7445,6.5309,10.002
-164.3331,44.9932,10.001
-93.2786,20.8601,10.000
-140.4108,36.8208,10.000
91.9138,-24.1520,9.997
-64.4079,-13.3660,9.996
131.9925,22.1714,9.996
161.9699,-49.3716,9.994
-127.4490,-41.9241,9.992
-33.1910,-36.9647,9.991
-148.6702,-58.0117,9.990
85.8340,45.6580,9.989
177.0728,58.7882,9.989
-152.9669,30.2900,9.989
136.8298,29.1288,9.988
101.8640,44.3946,9.988
-110.3956,-56.7009,9.988
-112.0222,38.4782,9.987
-114.2571,33.4591,9.987
-2.1641,-44.6670,9.987
165.9866,17.0655,9.987
172.3855,-3.8631,9.986
156.2492,-5.7215,9.986
170.8634,31.3433,9.985
64.1234,53.8448,9.983
-133.6440,42.8766,9.982
-40.2262,-47.1320,9.981
-97.1380,13.6013,9.979
75.6469,17.0584,9.976
-174.8355,25.6132,9.975
-150.4288,-7.4246,9.975
-165.9606,-42.0559,9.974
-46.9721,30.5978,9.974
-100.0154,24.9445,9.973
75.4889,40.9332,9.971
111.0660,-1.3667,9.970
147.5010,16.5315,9.970
168.1035,-13.2465,9.970
-167.6933,4.5883,9.969
127.8852,0.7938,9.969
96.8218,-46.7410,9.969
144.5576,10.4003,9.968
-155.7446,13.1377,9.966
40.9026,-40.9852,9.966
-3.1301,-55.8888,9.966
119.0108,-1.7570,9.966
-172.4081,11.2988,9.966
69.1611,-38.8704,9.964
55.5546,-52.7247,9.964
133.5498,56.2236,9.963
111.1510,38.0986,9.963
45.2544,-40.3570,9.962
-170.1222,-47.5154,9.961
-133.3160,15.7981,9.960
-178.7929,41.4003,9.959
-100.3161,4.3102,9.956
-42.3887,-56.9570,9.956
123.5212,-24.6456,9.955
159.7684,6.8704,9.955
-100.3852,41.5985,9.953
-126.2662,15.6281,9.951
13.4373,-30.9455,9.951
52.8483,-35.5326,9.950
-158.0574,4.5563,9.950
172.9754,-46.4261,9.950
17.5347,-11.4121,9.949
154.9088,-52.5258,9.948
130.8859,8.2000,9.948
-154.7171,-22.1620,9.948
-73.0809,22.8227,9.947
-178.8732,23.5469,9.944
-105.6172,14.9372,9.944
165.2718,-27.3586,9.943
-142.6966,35.7011,9.943
147.4508,-58.0762,9.943
-174.1206,37.3677,9.943
104.5667,19.9861,9.942
131.8642,-37.3998,9.938
-101.7158,45.8551,9.938
81.6139,29.9674,9.938
-62.3138,-7.9114,9.935
-113.0517,12.4644,9.935
50.1539,-32.4060,9.934
167.7632,-11.0948,9.934
-170.1725,-21.1634,9.934
53.8966,-43.3517,9.933
-159.9388,-26.3085,9.933
-167.7753,-6.7689,9.932
-65.5186,-7.4069,9.931
159.7897,21.6078,9.930
-159.4927,18.2962,9.929
93.7363,46.3296,9.929
-102.4630,-13.3009,9.928
-107.8905,15.2065,9.928
-153.5268,-6.6418,9.928
-126.6764,16.4564,9.925
-123.9475,26.1511,9.925
83.4429,54.2224,9.924
55.4597,-56.9711,9.923
-84.2405,18.5130,9.922
-120.3591,20.3456,9.921
174.6311,29.1971,9.921
124.1171,18.7494,9.921
172.0005,-33.1562,9.920
-128.2862,34.5256,9.920
175.5712,-1.2750,9.920
-121.2900,6.2099,9.918
166.3291,-25.8115,9.918
70.2938,-24.0092,9.918
124.9226,44.0122,9.918
169.1702,11.7931,9.918
22.2585,-26.9940,9.917
51.6409,-17.3024,9.916
-142.2763,-10.0275,9.915
158.9321,-58.8212,9.915
120.5409,55.4274,9.915
-156.4308,32.6432,9.914
-135.7985,54.5985,9.913
-63.9700,-38.3902,9.913
63.9240,26.5893,9.912
-117.7924,15.1320,9.909
-128.8539,9.6428,9.909
134.9909,-57.9384,9.909
56.1925,5.2875,9.908
78.6379,-36.5112,9.907
71.3866,55.4880,9.907
-70.2465,10.4618,9.907
-118.2460,6.3055,9.905
50.5913,-44.4126,9.903
121.6816,-33.2692,9.901
148.1171,2.7461,9.900
33.9564,-23.2713,9.900
38.7007,45.8023,9.899
158.4613,-2.0885,9.899
-150.9205,31.9584,9.898
29.6606,41.8448,9.898
65.5416,-32.3446,9.896
93.4511,-36.7850,9.896
143.9647,-0.6995,9.895
126.8039,27.6356,9.895
171.6978,30.8605,9.895
-166.6066,33.4129,9.894
-139.9644,-11.3100,9.894
-152.6295,-25.8863,9.894
132.3160,43.0837,9.894
-148.1052,24.8064,9.892
-115.7802,48.8280,9.890
-175.3420,2.0043,9.890
67.1337,-12.8806,9.889
-162.9620,16.4348,9.889
-115.7921,21.8751,9.888
-109.8424,23.1855,9.887
-134.0431,-51.9475,9.887
-56.0492,-12.2108,9.886
-137.8417,22.7417,9.883
-123.2677,21.6876,9.883
121.4615,-24.4859,9.883
-149.2128,41.2293,9.883
85.6125,29.7202,9.883
167.2303,-41.2804,9.882
-128.9470,49.2871,9.880
122.7588,58.2123,9.880
74.2473,-11.0506,9.879
-160.3430,-12.0186,9.875
81.6380,53.4646,9.874
30.7771,-37.2592,9.874
-153.5843,-7.0440,9.872
170.7088,15.0158,9.871
155.0664,24.2246,9.871
66.0303,-45.3009,9.871
-161.0958,44.3434,9.870
43.4556,-14.0286,9.870
-129.6309,2.0628,9.870
143.9140,-46.4833,9.869
-168.8504,0.7164,9.868
114.6200,-48.2706,9.867
-45.5345,40.9962,9.867
-175.3540,18.7114,9.865
157.0990,25.7579,9.864
164.6090,21.0677,9.864
137.1480,31.4109,9.864
-170.2685,-35.4470,9.863
-148.8082,-25.0163,9.863
-178.9646,-56.7904,9.862
73.8428,13.9591,9.862
-112.6665,50.2558,9.862
-113.1883,29.9895,9.861
170.7675,31.6640,9.861
-172.8424,10.2766,9.859
157.2271,8.7603,9.859
151.0894,22.8924,9.858
93.3017,-30.1124,9.855
-52.2950,53.6307,9.855
-175.4098,-57.9769,9.854
25.3384,59.2516,9.853
171.4152,-40.5575,9.853
70.9467,37.7401,9.853
-123.6313,56.8351,9.853
70.9486,-39.6125,9.852
157.8747,53.5127,9.851
-90.7448,11.8109,9.850
75.6520,-13.0531,9.849
43.7766,-34.2937,9.848
125.4392,16.3882,9.848
36.9883,-56.5062,9.847
170.2830,-50.9421,9.847
-170.1909,22.1370,9.847
-129.5484,-42.9309,9.845
-111.7252,15.4719,9.845
-45.7339,-41.9846,9.844
59.4397,-2.1369,9.843
178.4159,4.0310,9.843
-140.9981,-4.8746,9.843
171.5825,-27.2773,9.841
-63.8179,-50.8538,9.841
73.6036,1.3375,9.841
35.8717,-1.9378,9.841
151.1662,-20.1382,9.840
95.1423,1.2000,9.839
-162.4377,3.9468,9.839
26.5928,-38.8311,9.838
-171.4161,-22.3575,9.838
-124.3640,-43.2789,9.835
65.5312,-45.3301,9.835
-80.7337,15.5345,9.833
126.4700,10.4635,9.833
-148.9037,7.9468,9.832
-60.8742,-54.8367,9.832
-154.7324,46.0960,9.830
-164.2173,-59.0184,9.829
-115.8585,12.8543,9.829
-147.3715,43.5785,9.827
-121.7050,29.7902,9.827
157.5537,-2.6344,9.827
56.9661,26.8764,9.827
-134.3948,36.7191,9.826
-127.8552,42.6133,9.824
174.1563,27.5405,9.824
-108.3380,53.4758,9.823
29.0046,-42.5210,9.823
-138.5861,-18.6509,9.822
-40.6833,-44.4851,9.822
-122.7149,31.0228,9.820
55.3836,-42.4400,9.820
21.1113,-53.3785,9.819
-80.5257,-29.9960,9.818
-113.3451,35.4069,9.816
-30.9039,-49.3165,9.816
10.5881,-14.9092,9.816
-166.3125,53.1487,9.816
85.1711,45.7211,9.815
134.0137,-13.4666,9.814
144.1591,-0.9022,9.814
-105.4834,-0.4862,9.814
-146.9534,-15.6441,9.814
125.5924,-3.1916,9.812
128.4019,39.7289,9.812
134.3462,8.4145,9.811
-161.7779,44.6956,9.810
178.3970,55.0872,9.810
114.5411,5.4317,9.809
-95.5812,58.7354,9.807
-178.1463,35.9154,9.807
-126.1472,-57.1171,9.806
93.7305,8.0290,9.806
67.0832,13.0074,9.803
135.0445,13.2575,9.803
-153.0910,5.8039,9.802
-18.4332,-31.2368,9.801
153.5302,-55.5819,9.800
107.2409,14.2747,9.799
174.7840,-3.6332,9.799
-168.1657,6.8790,9.799
-146.2246,-34.9479,9.798
148.2531,-38.8057,9.798
8.1773,-45.2811,9.797
22.3570,-36.2682,9.797
155.8546,-42.2376,9.796
52.1212,34.1379,9.796
171.4647,5.8143,9.795
120.1579,-46.3566,9.794
-166.3090,45.2257,9.793
-164.1400,30.3570,9.792
33.2103,-8.0549,9.792
-62.0169,35.3804,9.790
-171.6754,17.8818,9.790
-172.5157,-2.5309,9.790
110.6446,7.7878,9.789
-109.0460,26.9291,9.786
166.2955,-50.1198,9.786
158.5470,-25.0924,9.786
-104.7698,30.8343,9.784
4.3145,-7.2892,9.783
-143.7969,18.4687,9.783
-175.3484,12.6260,9.783
177.4221,12.6414,9.782
-141.0761,-24.2644,9.782
159.1954,18.0921,9.779
156.8058,-7.5172,9.778
-83.0174,-7.1851,9.778
170.9412,15.6759,9.778
-161.3848,-14.2787,9.778
-131.6634,17.8687,9.777
9.6573,2.6789,9.777
-101.9212,47.5074,9.777
111.5820,30.1689,9.777
50.0060,11.0231,9.777
63.8837,-5.2913,9.777
56.0458,-53.8723,9.777
-128.1264,-55.5893,9.776
-161.2735,28.1984,9.775
-165.1779,36.5924,9.775
-111.6216,31.3451,9.775
85.7095,-9.1499,9.774
117.6037,-2.8858,9.774
96.2668,53.5262,9.773
-94.4297,17.5375,9.773
-148.7377,43.6385,9.773
-120.7536,6.8668,9.772
-166.6846,0.0024,9.770
-163.9111,-14.1795,9.770
158.5544,-22.3493,9.769
84.7493,-15.6655,9.769
-151.6493,25.1844,9.768
-112.4265,-39.4088,9.768
-171.1712,43.9362,9.767
-101.5839,19.0585,9.766
-118.2319,29.2491,9.766
-96.5635,52.0699,9.766
-113.5086,31.0912,9.766
-95.8150,8.5677,9.765
-25.8598,-50.9240,9.765
103.5154,-51.4630,9.764
-113.9833,25.0220,9.764
-75.9404,11.2847,9.764
172.9886,45.6965,9.764
-148.1935,13.7775,9.763
-143.7194,6.5033,9.762
-156.3960,-21.4206,9.762
164.5372,4.4338,9.761
-127.3985,5.8165,9.760
93.1448,-10.0269,9.760
-125.4282,10.7720,9.759
-154.2273,-6.9877,9.759
-175.9193,38.6004,9.757
81.4151,-57.0202,9.756
-110.3422,31.1570,9.756
-116.9315,35.7767,9.755
11.5749,-27.8855,9.754
-162.0474,-50.5222,9.754
-166.6056,53.0448,9.754
-162.3922,12.2469,9.752
-39.5484,-57.8118,9.751
-163.5313,-53.7975,9.751
169.9698,19.3972,9.750
-73.7434,25.3435,9.750
-96.9014,27.3657,9.749
106.6554,-2.9605,9.749
133.5342,-0.9069,9.749
-178.0156,23.7510,9.748
-156.4504,40.5007,9.745
175.1844,27.1986,9.745
-121.1095,-54.8064,9.744
-74.5767,28.6050,9.743
161.2217,-26.8318,9.742
63.7419,-55.8888,9.742
-119.0504,24.8306,9.741
-174.7782,-10.5587,9.739
-82.1816,29.6106,9.739
-46.2287,-28.8833,9.739
112.4028,-12.6611,9.738
-108.5807,-57.1470,9.738
-127.0632,8.0724,9.738
129.0556,14.0911,9.736
-123.0159,37.5913,9.734
93.9232,-16.9570,9.734
145.1298,50.9864,9.733
-101.0389,18.9134,9.733
-142.2199,24.4397,9.731
78.4816,42.6740,9.731
-146.9938,-57.4750,9.731
121.7813,-53.3954,9.731
-153.7660,-40.8965,9.731
67.9626,10.6651,9.731
-25.3196,-34.8826,9.730
-89.6299,38.0751,9.730
-151.1927,-34.6230,9.729
95.6117,-27.3614,9.729
-139.2164,-17.5074,9.729
144.0074,21.3849,9.728
-147.6558,-23.9532,9.727
159.9581,-19.6997,9.727
73.8457,5.0520,9.726
-156.0415,45.5623,9.726
-144.6605,-38.8945,9.725
-150.0533,16.1299,9.724
47.2485,-34.7178,9.724
125.3643,16.7521,9.723
-117.2700,35.0661,9.723
-130.3058,10.8091,9.723
-85.9759,52.8686,9.723
12.6721,-50.1112,9.722
-147.8226,-11.0105,9.722
171.6955,37.7573,9.721
-163.8706,0.5448,9.721
-118.4898,29.8430,9.720
-144.5968,-21.0902,9.719
-146.4161,22.7346,9.719
126.2669,30.5632,9.717
-146.7281,14.7804,9.717
125.9365,-29.7381,9.717
-17.6035,-51.7204,9.717
139.8346,54.2955,9.717
18.4808,-23.3466,9.716
133.5586,21.3487,9.714
107.4532,36.5856,9.713
-125.4468,29.5785,9.713
137.7606,-13.3048,9.712
-159.7346,-19.1710,9.712
156.5386,3.1011,9.711
-152.5760,34.9829,9.711
99.0904,22.8527,9.711
-124.2317,-46.1815,9.711
175.9030,-1.4685,9.708
-156.7577,0.9797,9.706
-171.2160,-6.2937,9.705
93.0387,-56.1373,9.703
-140.2686,-14.4840,9.703
-3.1827,-5.0102,9.703
21.7290,-1.2467,9.702
133.7309,14.4331,9.701
-146.8005,-46.4777,9.700
-151.9246,18.4174,9.700
128.1139,55.0907,9.699
165.8379,-58.6829,9.698
-151.8398,-26.6946,9.698
58.6508,-34.0917,9.697
98.3659,4.8123,9.697
-79.8614,-5.7675,9.697
152.9771,56.8279,9.696
-147.9007,12.3149,9.696
-23.2798,-48.6025,9.694
155.1280,53.6096,9.693
-167.9173,2.3420,9.693
8.9913,-27.4039,9.692
83.5554,28.4342,9.691
-157.0229,40.7486,9.691
-146.9690,-42.5081,9.691
107.8119,-25.2308,9.690
-169.6174,46.0454,9.690
168.9466,2.7568,9.689
-24.4810,-39.2422,9.688
149.2252,36.9160,9.687
43.5790,12.9329,9.686
-116.1042,51.9384,9.685
-118.0229,30.6282,9.685
13.4440,-32.8469,9.685
10.9260,-37.5001,9.684
-34.9210,-53.3353,9.684
153.8221,-42.6191,9.683
2.5437,-16.9622,9.682
14.0867,-26.0941,9.682
138.6994,-15.2514,9.682
146.9773,-23.2266,9.682
126.8339,16.1429,9.682
66.3667,11.5326,9.681
-138.3541,29.9010,9.680
-178.1256,54.6975,9.678
-24.1099,50.2948,9.677
161.4028,11.9883,9.677
147.4186,-19.6844,9.674
-179.7798,2.3657,9.674
113.6846,-15.9663,9.673
176.9491,43.3328,9.672
-60.5900,-55.4601,9.670
150.6996,21.1900,9.670
78.1439,-42.7900,9.669
113.4268,14.6733,9.666
-170.2199,-4.4035,9.666
139.1304,27.2273,9.665
-87.2810,18.2165,9.662
-146.6910,38.8988,9.661
101.5809,44.9999,9.661
173.0482,22.2085,9.661
163.1809,12.6893,9.660
126.3000,25.6771,9.660
-151.0141,0.9689,9.659
29.1880,-37.6648,9.658
112.3723,12.3425,9.658
155.4525,51.0744,9.658
-41.8940,7.4293,9.658
-136.1492,35.7209,9.658
-141.2465,-19.2491,9.657
-116.7278,7.5411,9.656
127.5165,-7.4100,9.656
93.4360,22.7011,9.654
140.3525,18.2855,9.654
115.2174,-29.5271,9.652
1.9587,-20.5067,9.652
-1.5012,-49.8164,9.651
105.4672,28.0473,9.651
109.3727,22.2359,9.651
-162.0744,46.8460,9.650
-100.1800,43.0317,9.650
-56.5817,-33.4701,9.650
-151.8508,22.0613,9.650
126.5172,15.7075,9.649
173.0708,17.7597,9.648
131.3495,-36.6950,9.648
-25.6459,-35.3673,9.648
72.6076,-47.6006,9.648
-48.3194,-30.8400,9.647
-144.0433,-10.3088,9.647
-149.9418,-6.5190,9.647
-159.7392,11.0235,9.647
133.0456,52.0134,9.647
153.7861,49.2352,9.646
-140.7598,-39.6213,9.645
-142.0206,38.7536,9.645
37.4456,-11.4948,9.645
-103.7741,48.1263,9.643
177.5712,2.4569,9.643
-133.1200,-27.4898,9.642
-41.9490,-47.7012,9.641
139.4437,-40.5761,9.641
-166.8807,20.0439,9.641
88.4848,-32.9522,9.640
166.5676,-34.7101,9.638
-136.8592,37.4100,9.635
-51.7526,31.8004,9.633
-174.9618,18.1245,9.633
62.2287,5.1095,9.631
-173.7976,-6.9118,9.629
128.3519,7.5577,9.629
21.9403,-36.9232,9.629
-6.8800,-15.1336,9.629
-149.2905,-26.3462,9.628
156.2183,27.6682,9.628
85.2297,-21.1896,9.628
-126.3343,52.1469,9.628
21.9409,-50.2022,9.628
13.8242,-24.6845,9.627
67.4312,-36.9367,9.627
133.1484,-36.8509,9.626
-169.1707,35.8387,9.625
162.0292,13.1454,9.624
74.5162,18.7927,9.624
63.5532,-49.2586,9.623
135.4578,-11.1034,9.623
151.9796,13.6298,9.623
-172.6187,1.7762,9.622
73.3527,24.3405,9.621
-172.1246,16.5397,9.621
-98.5738,-32.6600,9.620
-121.0145,7.0390,9.619
-169.7500,5.7477,9.619
177.7204,48.4746,9.618
89.1529,-21.7609,9.618
-154.1501,1.0469,9.617
-130.6513,34.1560,9.617
-110.6645,31.5385,9.616
-149.9168,-20.5858,9.615
54.0827,-56.3834,9.615
-116.3254,22.6936,9.615
-117.7533,24.2778,9.614
164.2876,46.9883,9.613
-173.0594,-20.1607,9.613
-100.6082,59.1493,9.612
-126.5631,16.1106,9.612
-47.4231,-26.3129,9.612
172.6128,27.7377,9.609
-104.8714,58.7355,9.609
-102.1030,20.8466,9.608
41.7840,-2.6626,9.607
-94.3006,27.3771,9.607
-172.6043,37.2524,9.605
-15.8189,-5.2166,9.605
116.2134,41.6224,9.604
-87.2220,22.9296,9.604
-3.0939,8.7271,9.603
111.9098,-1.2144,9.603
55.1366,-49.6908,9.603
156.2482,-11.4259,9.602
126.4214,-2.8493,9.601
-161.5859,47.8402,9.600
129.3083,-33.0742,9.600
-131.6517,8.1779,9.599
137.0326,-57.1130,9.599
-146.6897,-1.9347,9.599
-163.0095,2.6406,9.598
148.1188,-37.3871,9.597
-88.3362,19.6459,9.597
133.8948,14.6085,9.595
15.1877,-57.4164,9.593
28.6411,-19.4432,9.593
-149.6906,-51.3933,9.593
146.1279,-26.7453,9.593
95.2852,23.3970,9.591
-38.4260,-39.6005,9.590
41.4485,-53.9661,9.589
-157.6654,19.3378,9.589
168.3104,17.8873,9.588
-157.1624,-6.7388,9.587
159.9937,8.3255,9.586
-64.6955,-50.7083,9.585
170.6056,49.1900,9.585
175.6495,-4.3836,9.584
167.1057,20.8406,9.583
-91.6294,22.0182,9.582
94.3792,7.7607,9.581
157.1696,-43.9377,9.580
109.9563,21.0122,9.580
130.7671,48.1283,9.580
120.7664,35.5490,9.579
117.9057,4.6828,9.578
-106.1378,52.2916,9.577
153.6742,-52.6305,9.577
-95.0643,21.1732,9.576
178.6407,-55.6657,9.575
-169.9597,-51.7289,9.573
146.9026,-8.3432,9.573
-154.3754,-48.8852,9.572
-50.9356,-40.3026,9.572
64.9720,6.4524,9.572
99.0698,-35.0459,9.570
61.2201,-38.4220,9.570
132.3815,38.3449,9.568
26.2183,-44.8296,9.568
126.6531,25.6661,9.568
-73.7114,22.4924,9.567
-151.5916,-44.5356,9.566
-158.2038,-8.6429,9.566
-151.9966,-44.5805,9.564
136.7148,-5.0158,9.563
24.1245,-55.9065,9.563
-174.9389,-31.7471,9.563
-99.6634,41.8245,9.562
165.3792,38.7729,9.562
-135.8429,-42.3991,9.561
35.5219,-26.9545,9.561
173.4606,59.2161,9.560
-14.5712,49.6853,9.560
-122.9532,12.7489,9.560
-49.3128,-31.8278,9.559
-132.8662,-45.4744,9.559
-134.7740,-15.5050,9.559
-29.4838,-0.6352,9.559
-116.9251,22.3126,9.558
-152.6572,51.3273,9.558
-41.7335,19.7730,9.557
-153.7185,-5.4341,9.555
178.3221,-26.5860,9.554
-170.7503,13.0028,9.554
174.1485,-9.4176,9.554
163.7703,58.8189,9.554
-166.7761,20.9134,9.554
-67.1434,-8.1191,9.553
-143.0614,-3.2247,9.553
-15.0954,-35.0360,9.552
84.1099,7.2981,9.551
125.4136,27.6632,9.548
-146.9440,-33.5975,9.548
-94.8632,-4.8533,9.545
18.1225,-58.6074,9.545
131.1089,37.9647,9.544
33.4671,-9.1507,9.544
169.5550,20.5033,9.544
78.2368,11.3289,9.544
17.5534,-17.0936,9.543
-81.3647,10.4013,9.543
172.4621,16.7762,9.541
91.8144,-33.8845,9.541
120.3008,-3.5855,9.540
156.9061,31.8669,9.540
-38.1378,-7.5364,9.539
-109.0378,44.8512,9.538
-118.9473,44.4566,9.537
-151.3858,-12.9389,9.536
-34.3044,20.7269,9.536
-164.7966,-43.2313,9.534
-100.2506,3.3056,9.533
120.3818,11.4587,9.530
-119.7100,-48.2166,9.529
-166.7690,15.3472,9.528
-150.2666,-11.1010,9.527
-148.1309,59.8042,9.527
110.0617,22.0239,9.526
-174.0963,-19.6575,9.526
130.1743,-34.8135,9.525
27.3044,-33.2733,9.524
97.2168,-50.5491,9.524
161.8519,56.3128,9.524
-178.0732,-53.8067,9.523
-105.1827,50.3557,9.522
-24.3795,-43.6579,9.521
4.9682,21.9562,9.520
-109.9456,36.4258,9.519
-176.2329,-30.1475,9.517
-158.9610,41.2424,9.517
131.2116,-31.6334,9.517
61.6218,-43.8890,9.515
15.3268,-17.7878,9.515
112.6825,14.1655,9.514
-90.0134,-5.0609,9.514
-172.2298,-0.0851,9.514
-139.5388,35.4986,9.513
68.2952,-45.0779,9.513
-144.0679,36.8257,9.512
-122.5679,-56.3418,9.512
85.5843,-29.9718,9.512
-117.3071,40.7065,9.511
-157.0330,21.1297,9.510
148.8984,-38.7385,9.510
-141.0022,35.5374,9.510
-86.2128,30.7245,9.509
167.0296,35.2443,9.509
16.3680,-16.2575,9.508
-82.9854,21.4501,9.508
164.6374,57.6224,9.506
-137.1645,17.5617,9.506
-114.5315,36.2317,9.505
-163.5968,-28.3708,9.505
-95.2409,34.0436,9.505
176.4423,46.5211,9.505
105.9249,43.9821,9.503
-138.5061,-24.4256,9.503
-123.2728,4.9648,9.503
-134.8236,-56.1551,9.502
163.1502,58.9546,9.501
130.0169,-29.5356,9.500
-111.1467,41.5806,9.500
-90.6665,20.9172,9.499
166.2723,7.2484,9.499
176.2261,20.9806,9.498
170.3042,10.4320,9.497
109.1064,6.9997,9.497
-179.3308,-13.5600,9.496
-172.4812,-5.9668,9.496
66.0771,27.2991,9.496
173.4315,53.6306,9.496
135.5519,-2.4615,9.492
-139.9215,55.5342,9.492
138.2809,17.2278,9.492
-162.3937,-49.8882,9.491
126.7325,-8.0715,9.490
157.2062,57.4205,9.490
158.8116,40.3906,9.489
105.6746,-10.0930,9.485
139.8106,57.4275,9.485
35.4196,-30.4064,9.484
134.8132,-7.3171,9.483
90.2355,-2.9110,9.482
119.9643,-51.4114,9.482
-169.8849,18.4218,9.481
-156.9149,-58.8202,9.481
-60.3461,-8.1306,9.480
129.1706,27.0434,9.480
-120.2068,31.1185,9.480
-178.5658,-15.1227,9.478
146.9453,1.1886,9.478
-112.8054,29.4757,9.477
-176.1105,10.9151,9.474
-156.7677,-54.2143,9.473
59.0381,-32.0496,9.473
-82.0777,22.6553,9.473
-152.3808,-58.2381,9.473
86.1228,32.2445,9.471
-45.2584,-51.0903,9.471
-46.6852,39.1550,9.470
-126.0968,-32.5548,9.469
-116.7115,33.3238,9.469
150.1542,16.1535,9.468
-115.8383,-35.1435,9.468
173.4908,18.0651,9.467
-173.4911,57.2530,9.467
-173.2447,1.3380,9.466
155.9707,13.2678,9.466
130.3919,48.0138,9.466
166.0034,-19.9897,9.464
-136.7419,36.6779,9.464
-55.2138,-59.0690,9.464
148.1722,-11.6889,9.464
127.9667,33.3787,9.464
149.2208,-8.8147,9.463
-174.9683,35.8059,9.462
3.8647,40.0278,9.462
-116.8802,32.1909,9.461
-63.0751,-42.6758,9.461
-141.6971,32.9217,9.460
-130.7570,-42.2839,9.459
144.6045,-49.8517,9.459
167.9549,19.1421,9.456
-175.3667,-51.0546,9.456
-95.2359,20.2569,9.454
78.8416,18.3653,9.453
-143.6830,0.5478,9.452
-161.8832,-58.4308,9.451
145.3725,10.4951,9.450
129.5165,-53.2162,9.449
137.0188,-4.4049,9.448
112.0760,-17.4939,9.445
107.7074,19.2526,9.443
-75.6404,-49.7792,9.443
-150.4613,7.9513,9.442
129.7110,14.3210,9.441
52.7150,-14.1813,9.440
-51.3270,45.4964,9.439
117.2785,-2.8286,9.437
102.7347,-4.6494,9.437
80.6614,32.7525,9.435
112.3865,43.0485,9.435
67.9075,43.3728,9.434
-149.7918,-15.8622,9.434
19.0080,-37.2712,9.434
140.8769,24.6534,9.433
-152.9522,-5.9299,9.433
89.6473,27.9987,9.432
-107.9553,48.7186,9.431
58.6869,-48.6152,9.431
-62.5477,-56.8363,9.430
-45.6016,28.7600,9.430
30.9815,-44.1108,9.429
140.7648,19.2030,9.429
140.9559,13.7936,9.429
-94.1902,-35.1338,9.428
133.0025,33.1780,9.427
73.5559,-16.1110,9.426
106.2238,-13.9802,9.425
-86.7439,41.7717,9.425
69.2170,49.7432,9.425
-153.3261,52.5066,9.425
24.7541,-52.6594,9.424
89.8576,-39.7348,9.424
127.5910,31.0523,9.423
119.0904,30.2314,9.422
115.3987,40.4466,9.422
130.9197,23.2166,9.422
-114.6618,-58.2574,9.422
-142.7133,-26.8363,9.421
-94.3920,21.1441,9.420
1.4294,-55.1861,9.419
-172.0037,-7.2448,9.418
67.3773,43.0309,9.417
-30.7571,4.3711,9.417
-174.9184,-29.1144,9.416
-61.5981,-2.6530,9.415
133.9199,54.5507,9.415
-156.6450,-11.0091,9.415
14.8997,3.3086,9.414
-137.7501,24.1895,9.414
-129.4277,6.4218,9.411
-161.6509,10.6475,9.411
55.1088,-21.6745,9.411
-166.1181,-4.7226,9.410
126.4628,13.9042,9.410
-96.3590,23.4634,9.410
169.9280,17.1702,9.410
170.1569,-1.6814,9.409
123.3431,-39.6508,9.409
123.7055,-39.0926,9.407
49.9400,-39.4888,9.407
137.4095,-26.7473,9.407
-100.3941,20.4449,9.406
-41.6759,29.8989,9.406
-171.9393,-11.3531,9.405
120.3790,35.7200,9.405
-62.5004,-30.1967,9.405
-98.2653,25.8251,9.404
-123.5217,24.4965,9.404
4.2392,-6.4192,9.404
-85.0197,28.1963,9.404
133.0311,-49.2217,9.404
95.6472,-37.9733,9.403
162.3140,59.8426,9.403
90.5089,-35.6678,9.402
47.4465,-36.1158,9.402
40.6017,-57.7369,9.401
-118.0620,24.5825,9.400
157.2804,6.0470,9.400
-165.1449,-12.5866,9.399
60.2671,40.7696,9.399
159.1367,-23.6672,9.397
117.8242,42.9356,9.397
-145.5488,2.0449,9.397
-163.5828,-48.8507,9.397
-113.1290,32.1690,9.395
11.6661,-13.7572,9.394
15.2413,-31.1405,9.394
-159.6073,36.8897,9.394
160.1704,29.0064,9.394
-41.3757,-42.7151,9.393
-7.7329,4.8252,9.393
107.7673,34.0884,9.393
173.5801,55.4553,9.392
38.2127,-29.7809,9.392
-59.1940,-32.8223,9.392
92.5496,40.8202,9.391
-5.5291,-22.5188,9.390
-147.5451,34.4730,9.390
-157.8604,-18.8217,9.390
62.9117,-37.8922,9.388
-90.9118,21.0945,9.386
-148.4233,-16.3819,9.386
-160.4744,-38.7116,9.384
-151.5346,20.6866,9.380
114.0811,-18.8791,9.380
-118.8267,-47.4218,9.380
42.8850,-20.4724,9.380
143.0359,-28.1425,9.379
116.6337,-44.6158,9.378
68.3527,-17.4825,9.378
43.1180,-19.2203,9.378
150.3707,-7.1425,9.376
147.8128,-34.3053,9.376
-131.0748,44.9707,9.375
24.1539,33.1934,9.374
107.0017,-3.2843,9.374
-43.8078,-5.9324,9.374
-166.4197,58.2833,9.372
90.3345,42.6929,9.371
32.3338,-54.3764,9.371
141.3288,50.3036,9.369
-151.4598,18.4545,9.369
-99.7302,40.7994,9.368
-120.8807,17.8277,9.368
-146.6964,25.4463,9.368
-134.2298,39.1550,9.368
-162.4513,-29.3218,9.368
97.3842,-10.7922,9.368
-136.7575,-19.7839,9.368
124.8680,40.9032,9.368
128.6073,34.7126,9.367
-118.6856,-43.2535,9.366
-145.1691,-27.8722,9.365
139.4653,-55.9211,9.365
73.0816,24.3950,9.363
119.5170,41.3864,9.362
114.0667,13.5739,9.362
-139.1191,39.6449,9.362
-145.6445,-15.0533,9.362
106.0003,3.0860,9.361
69.9480,10.1230,9.360
165.7492,17.8409,9.359
-118.6150,37.4484,9.359
106.6413,-47.9170,9.358
-111.5743,-51.4131,9.357
50.6717,15.9106,9.356
-9.3856,-50.4042,9.356
62.8330,-47.8474,9.355
137.0739,-34.7852,9.355
-156.2649,3.7385,9.354
2.3179,-30.4109,9.352
-153.9694,-55.9283,9.351
-58.7103,-4.8663,9.351
-145.2110,-44.8882,9.350
-143.0561,-26.7985,9.350
-171.2627,31.1809,9.349
-103.5140,45.2674,9.349
165.3211,6.9254,9.348
10.3020,-35.8461,9.347
-119.2858,32.7656,9.346
-153.5425,-56.5960,9.344
48.6944,-18.9323,9.343
139.8655,-1.7308,9.340
149.0257,49.1540,9.339
71.0892,52.6880,9.338
179.8180,50.8225,9.337
141.4898,-41.6767,9.337
138.7209,-36.0852,9.336
-144.6734,42.0832,9.336
155.0537,57.9001,9.335
28.1415,-59.3704,9.335
155.9725,9.7204,9.335
144.4772,-46.8943,9.332
85.7803,30.3462,9.331
48.0727,-39.1310,9.331
66.6169,-6.5708,9.331
171.0456,17.8383,9.330
176.2774,-51.1385,9.330
141.4899,-31.7267,9.329
125.6776,56.8085,9.329
39.6828,-14.7092,9.329
-152.0313,32.9562,9.328
-113.6336,13.4443,9.326
114.3233,-43.9501,9.326
58.2450,-19.0300,9.325
81.6694,-4.0204,9.324
-131.4633,59.3231,9.324
93.0563,18.4255,9.324
-164.1544,-54.2118,9.324
-150.8071,-10.1555,9.323
-134.3415,23.7484,9.322
-172.5125,31.2886,9.321
-114.5205,30.4602,9.320
95.1703,18.7387,9.320
16.8690,-32.7644,9.319
131.6127,31.8817,9.319
94.9787,-0.3431,9.318
-87.4845,25.0168,9.317
-128.6436,5.5820,9.316
68.2200,-52.2917,9.314
72.1741,39.6508,9.313
105.0323,24.5298,9.312
-120.4069,-46.4038,9.311
59.5669,-34.3341,9.310
-74.3803,-14.1798,9.310
97.3878,-46.8501,9.310
53.6006,59.6959,9.309
-146.4728,40.1214,9.308
128.4490,-29.0097,9.308
152.5188,34.2483,9.307
146.1354,-15.2373,9.307
-75.5163,12.7979,9.305
-151.3468,41.4302,9.304
-43.4413,-44.0912,9.304
83.9100,3.1684,9.303
-149.3200,37.1549,9.303
-97.3323,35.3174,9.302
-171.3327,-6.8920,9.302
177.8858,-30.2515,9.301
120.6209,27.4034,9.301
-178.1486,17.9611,9.300
163.4508,18.4181,9.299
-175.4210,1.3931,9.298
-148.9616,35.1862,9.298
-123.9612,27.1981,9.297
-20.9670,-5.4685,9.296
-13.3973,-10.3497,9.296
-98.7529,51.1640,9.295
108.6339,30.4933,9.295
-174.2245,17.4797,9.291
29.1959,-32.9422,9.291
90.0482,-46.3489,9.291
39.6800,-24.1610,9.290
174.9413,49.1092,9.290
-98.0252,-15.3443,9.290
156.7675,14.1693,9.288
-127.3620,24.9536,9.288
134.0841,-4.5738,9.287
140.2574,-23.3397,9.286
-89.5082,38.2369,9.286
20.4746,-17.4759,9.286
58.7386,-16.9406,9.286
-140.8543,-29.1700,9.285
-90.5946,30.0951,9.284
-86.7056,34.1511,9.282
116.1727,9.8532,9.280
90.0657,57.8427,9.279
-178.5396,-22.8795,9.279
-172.5100,17.0155,9.278
100.4161,-34.9929,9.276
88.3222,18.3072,9.276
89.1234,36.6331,9.276
59.0373,-59.9255,9.275
-161.3483,10.2782,9.275
-161.6266,2.3551,9.274
133.7157,8.0173,9.273
165.0702,52.3404,9.273
123.5653,15.4726,9.273
-150.4747,23.6422,9.273
-177.6303,19.2658,9.272
-165.8008,-32.6848,9.271
144.5967,35.6040,9.271
-155.2291,-24.7031,9.268
-17.3692,-43.9457,9.266
108.7724,-36.9444,9.264
-117.1596,36.8287,9.263
-175.2280,6.1202,9.263
-104.6427,44.3414,9.263
-101.6442,48.8316,9.261
-100.0899,46.1095,9.261
-4.4101,51.6264,9.260
-139.0869,-48.0022,9.260
-169.0192,59.5498,9.259
-31.1952,-50.6860,9.258
-109.8722,26.7996,9.257
162.6090,-57.2092,9.256
-107.0184,57.5800,9.256
-129.5990,-9.8498,9.255
-165.7487,52.0727,9.255
-174.5712,-3.3742,9.254
158.7136,-55.5532,9.252
140.1967,5.5576,9.251
80.4323,30.4822,9.250
-174.2459,-46.2949,9.247
-175.9550,13.4538,9.246
87.1842,26.3385,9.246
106.4075,-38.3921,9.245
98.9926,-9.6579,9.245
139.8443,5.2865,9.244
6.8217,-33.1863,9.243
-116.2277,32.0698,9.242
167.2772,38.1043,9.242
157.7773,8.4356,9.240
128.3451,33.7382,9.240
167.2093,-2.0310,9.238
87.9749,-23.6785,9.238
-170.9558,-6.2806,9.238
-152.6020,32.0141,9.238
-99.8428,25.1912,9.238
-152.6842,-24.2847,9.238
-145.9356,19.6614,9.237
63.5374,56.5442,9.237
-158.5242,-17.3360,9.236
64.0615,31.7986,9.235
104.3271,-11.2128,9.235
158.8669,9.2696,9.234
141.2808,-12.0014,9.234
71.6043,-28.1671,9.234
-109.7016,10.0100,9.233
-178.1015,-10.5261,9.232
-28.1341,-2.5034,9.232
179.9345,53.3584,9.232
123.5479,-52.4343,9.231
-169.1791,-11.1182,9.230
-81.1153,-57.7810,9.230
-121.0971,-35.3303,9.230
155.3407,13.0247,9.230
179.2189,50.9388,9.230
102.6873,39.0427,9.228
-139.9528,19.8072,9.227
144.7567,1.0106,9.226
155.3642,-11.5657,9.226
137.6978,30.2984,9.225
-167.2759,2.7401,9.224
164.9523,50.4027,9.224
-90.2211,22.3514,9.223
127.1421,-5.6351,9.222
163.9493,11.0176,9.221
45.9806,14.2099,9.221
-6.4629,-36.7787,9.221
176.3981,13.1117,9.221
140.9631,17.9353,9.221
-153.4250,43.9569,9.220
-9.5318,-51.0157,9.220
92.0557,-28.1264,9.219
-157.7018,34.6496,9.219
-133.9897,-21.2148,9.219
167.1312,8.9520,9.219
-178.6576,17.4818,9.219
169.8314,-7.4410,9.219
-153.8173,-8.1427,9.218
-16.1227,-48.0488,9.218
72.9794,16.9534,9.217
-88.9873,39.3460,9.217
165.3550,18.0213,9.215
-6.2060,-34.6252,9.214
-116.6406,-38.3492,9.213
125.9299,3.6695,9.211
49.2459,21.3687,9.211
159.6381,-12.2570,9.211
-143.1959,-6.9973,9.210
-169.6243,16.4090,9.209
164.8997,-16.9238,9.208
144.9728,-31.0400,9.208
135.7170,-30.5137,9.208
43.1961,-27.1573,9.208
154.5355,-8.8871,9.207
-115.7101,30.5364,9.207
153.8767,16.8614,9.207
136.9948,-21.9360,9.207
-118.7829,43.5424,9.205
-4.9143,-37.3019,9.205
74.7562,7.5595,9.204
81.8974,31.9088,9.204
-131.8661,-6.7039,9.204
-177.8553,-1.0801,9.203
-144.5683,37.4886,9.202
131.1681,54.5365,9.202
-2.2714,-40.6604,9.202
79.7847,3.2352,9.201
-93.3931,44.8217,9.201
173.6012,-56.8288,9.201
-168.7013,-2.2801,9.200
-70.0546,7.6723,9.200
151.2795,-54.9979,9.199
152.1623,-35.4827,9.198
167.3175,16.2545,9.198
-150.9587,17.2712,9.198
-133.4700,-2.9543,9.197
-140.7487,-41.5845,9.196
96.2532,14.2681,9.196
158.4778,44.8563,9.195
76.8294,8.7335,9.195
62.9964,-1.8886,9.195
-64.4577,-14.1781,9.194
-92.3275,10.3031,9.193
-72.4171,-5.8767,9.193
-133.5351,49.7975,9.191
-127.8793,6.5264,9.190
148.5100,10.2264,9.190
71.6408,25.8716,9.190
-74.6770,8.3937,9.190
-163.1664,33.7745,9.190
-112.1484,-4.6510,9.189
171.0538,-30.5695,9.188
138.1531,-59.7123,9.188
92.8987,20.5788,9.187
129.5564,5.7780,9.186
-153.7020,18.5629,9.186
-177.6143,16.9888,9.186
30.0112,34.3577,9.185
155.5227,21.8878,9.185
76.8777,11.1660,9.185
93.6482,-27.4162,9.185
-155.9026,-15.3373,9.184
156.8568,-11.8303,9.184
106.9256,22.5644,9.183
81.9169,-14.7480,9.183
-110.7010,39.6119,9.182
57.0038,44.0624,9.182
50.3037,-26.5978,9.182
164.2774,24.6952,9.182
167.4340,38.7258,9.181
-163.7369,28.0565,9.180
-63.5062,-19.5409,9.179
176.6541,51.5647,9.177
175.3174,4.6787,9.176
116.5675,16.1609,9.175
-174.5821,18.7970,9.174
-21.9301,-28.7694,9.174
-32.1046,-37.1216,9.174
137.8197,-6.5655,9.173
-151.9788,26.7896,9.173
-118.8387,-36.4562,9.172
91.1759,36.7533,9.172
-178.0408,21.1163,9.172
-176.2839,25.5892,9.170
6.7450,-16.5332,9.170
146.6742,2.2422,9.170
107.7636,10.5103,9.170
-94.1913,12.5909,9.168
-176.2874,19.5882,9.167
167.7700,10.6840,9.167
65.6766,39.0642,9.167
-94.1385,13.7351,9.167
-175.8714,53.2114,9.166
177.2071,28.2987,9.166
74.0706,52.3346,9.165
-111.6953,40.6054,9.164
-146.1031,47.7870,9.162
124.7869,49.7251,9.162
134.6128,54.4997,9.162
-98.7247,49.8011,9.162
-166.9260,-3.7346,9.161
75.3341,38.8489,9.160
-128.9191,35.2062,9.160
139.8672,-48.2591,9.160
110.6320,-10.4836,9.159
119.2994,31.6754,9.159
126.1524,12.1709,9.159
54.9215,-23.5546,9.157
41.7074,-46.4159,9.157
-177.0031,-52.1917,9.156
-152.1661,26.4374,9.155
-121.4960,-16.4841,9.155
-167.7572,46.7769,9.155
-125.6646,15.0402,9.155
-150.1919,26.7561,9.154
-157.5597,23.0217,9.154
179.0843,20.5044,9.154
97.6743,-6.8671,9.153
-170.5288,37.6836,9.153
112.3746,0.0453,9.152
142.1720,8.1694,9.151
64.1528,-13.3484,9.151
163.6908,29.2456,9.150
-166.5233,-41.2109,9.150
-122.3787,5.0390,9.150
51.4156,-29.0214,9.149
165.8281,42.8341,9.149
-153.2300,-6.1897,9.148
-137.7287,-16.2078,9.148
133.3068,46.6842,9.148
60.2469,-49.2423,9.147
-173.3475,9.8214,9.147
165.6991,4.2085,9.146
-170.0939,47.7540,9.146
-136.9300,-28.4627,9.145
-112.8073,12.3660,9.145
-46.1293,-22.4984,9.143
66.5077,23.7773,9.143
148.8046,44.3159,9.141
-24.4487,-58.7360,9.140
-6.3242,-52.3936,9.138
125.5631,14.2607,9.138
-135.7262,56.3939,9.138
-112.5201,33.0337,9.138
130.4890,-14.4210,9.138
-163.9778,54.4156,9.137
166.0238,0.5563,9.137
70.4004,-55.3349,9.137
50.5623,-45.4335,9.136
154.5648,20.5176,9.135
-88.6789,32.8614,9.135
96.3283,10.4598,9.135
-3.0687,-38.4201,9.134
82.7906,-9.8824,9.134
145.7728,-18.7530,9.134
-140.0861,40.0059,9.132
-165.5769,45.2994,9.132
172.3787,48.8525,9.131
114.9678,-34.6116,9.130
-153.5768,22.7991,9.129
-97.1246,20.6857,9.129
-88.0734,47.3339,9.129
128.4146,12.5992,9.129
143.2658,6.6077,9.128
132.5522,15.6407,9.128
125.9488,27.9758,9.128
127.9237,23.3650,9.128
-131.9056,16.3568,9.127
-129.9972,9.0140,9.126
152.7867,-59.2571,9.126
-92.0623,55.7714,9.125
65.7032,-3.9469,9.125
-159.1635,38.9475,9.125
-179.7318,7.1845,9.124
102.5188,-4.0747,9.124
-165.6031,-7.8861,9.122
14.5811,-38.5856,9.122
179.3739,55.6313,9.122
-110.8754,29.4113,9.121
127.5192,45.9425,9.120
-171.1952,-26.5184,9.120
138.7915,51.4693,9.119
36.8350,0.1146,9.119
-110.8560,37.3058,9.119
147.6359,-55.5280,9.118
90.2697,-14.9911,9.118
127.6682,27.0986,9.118
125.2779,23.8031,9.116
38.8250,-24.0265,9.115
-45.4694,-41.7343,9.112
126.8940,22.0300,9.111
-155.4414,-20.4648,9.111
117.2548,25.8225,9.111
-171.4995,22.8715,9.111
-64.7811,-40.2318,9.110
170.1664,55.4408,9.110
-112.0784,35.4867,9.109
-93.9526,20.3475,9.107
152.0826,8.6059,9.107
153.9840,-9.8434,9.107
-172.6037,9.0554,9.106
106.7799,19.2226,9.105
83.7956,-26.6026,9.105
-134.2868,24.1859,9.104
126.7941,-41.4220,9.104
125.0716,14.7766,9.104
-98.1706,17.9353,9.103
10.6322,-7.6815,9.103
-176.5834,-48.3539,9.103
27.5309,-24.1755,9.103
133.2663,-6.7583,9.103
153.4579,-1.2591,9.103
-171.3919,40.7372,9.102
-166.2516,-14.3495,9.102
105.8997,32.4875,9.102
-98.0046,20.2432,9.102
-112.4148,36.8940,9.101
-135.1389,3.0894,9.101
159.6652,20.2960,9.101
132.3356,39.9714,9.100
149.9142,1.0377,9.099
-37.0948,-21.6194,9.099
-164.6458,-0.3332,9.098
131.1475,4.2883,9.097
174.1103,46.0774,9.097
172.0175,38.8593,9.096
138.5335,-58.4707,9.096
176.3563,-5.7605,9.095
-97.3516,53.3133,9.093
-174.3040,10.2013,9.092
154.8478,-54.0331,9.091
8.1847,-28.8556,9.090
-121.1873,-30.3299,9.089
-96.3067,45.4090,9.089
142.2338,44.9309,9.088
-111.1821,27.1824,9.088
-135.7529,39.5571,9.087
114.9211,-9.0116,9.087
68.8199,-50.8947,9.087
-59.9236,-55.9046,9.087
-95.1309,59.0141,9.086
-20.1860,5.9942,9.085
120.5719,12.9169,9.084
36.4819,-29.2527,9.084
149.7813,-42.1394,9.083
-75.1680,10.1550,9.082
58.0288,-50.0191,9.081
149.4682,-17.0407,9.080
156.3239,16.4337,9.080
-95.0707,53.2750,9.079
-152.0061,36.6094,9.077
-154.0772,6.5945,9.076
-63.3718,-9.1845,9.076
-114.2001,31.6772,9.075
-149.8982,-3.6340,9.075
-142.8989,-20.5004,9.074
-60.7496,-14.4219,9.074
-132.1799,-15.2649,9.073
177.5643,21.5494,9.073
113.9861,18.2898,9.073
-173.7923,-20.2938,9.073
7.3201,-16.2185,9.072
-162.4308,-37.8792,9.072
147.5838,-37.6825,9.072
-56.7462,-48.7194,9.071
176.6566,-26.1812,9.071
-164.1735,12.3013,9.070
-144.6320,21.5833,9.069
54.8543,-56.5181,9.069
-4.8186,-45.5560,9.069
-38.2805,-51.2302,9.068
128.4828,-29.3511,9.068
-32.3616,-48.0096,9.067
-178.0710,0.4695,9.066
145.8219,18.5562,9.065
124.7020,28.2388,9.065
109.9129,12.0025,9.063
174.9483,8.6450,9.063
-145.5265,55.3622,9.063
-142.2776,-38.3607,9.063
175.5517,10.0451,9.062
-165.3826,41.5060,9.061
147.3552,47.7891,9.061
-43.3777,-28.8282,9.061
-179.8775,45.0577,9.061
-142.9186,20.7642,9.061
164.8544,4.5829,9.060
88.5806,-42.9663,9.060
-149.1432,-1.3313,9.059
12.0666,-51.7674,9.057
11.9543,-56.3179,9.056
-130.4171,24.2582,9.056
-104.7408,-58.7547,9.056
163.2481,-4.1997,9.055
79.5568,32.4577,9.054
139.4410,14.5797,9.053
156.2767,31.4612,9.051
-135.8319,27.7782,9.051
-119.4918,-44.2266,9.051
-152.8895,37.0812,9.050
170.1941,-11.1348,9.050
148.5733,-13.6200,9.049
-179.1957,-35.0717,9.049
-163.9613,4.7474,9.049
131.4155,-26.3185,9.047
-88.4744,46.8263,9.047
-114.9990,29.4308,9.046
176.5863,4.9254,9.045
31.0768,12.5898,9.045
-61.8361,55.5433,9.045
80.2746,39.5205,9.043
-169.2638,15.9564,9.043
-116.7415,16.9096,9.043
-58.4269,-26.1040,9.042
36.8728,-9.4748,9.041
142.0061,53.1535,9.041
120.1917,-1.8386,9.040
-177.7450,12.9829,9.039
93.0311,48.6446,9.039
22.9358,39.0558,9.038
57.0419,3.3060,9.037
-144.4691,31.0164,9.036
-10.3140,43.0198,9.035
154.2772,21.2493,9.035
-91.2846,42.5161,9.034
-71.0445,-56.4742,9.033
172.3800,40.2558,9.033
61.9028,6.9340,9.033
166.1072,-0.7036,9.033
50.2087,46.4200,9.032
-9.4609,27.3763,9.032
-175.8911,19.1366,9.032
109.8382,12.6205,9.031
-111.2851,36.5983,9.031
76.3908,20.0511,9.030
19.8869,-52.1209,9.029
-61.2201,-45.5015,9.029
59.6461,-38.6738,9.029
-36.6915,-49.6404,9.029
-127.5019,6.0443,9.028
143.5985,50.9678,9.028
-98.1989,-56.6234,9.028
167.5865,-4.1893,9.028
172.8809,54.5591,9.027
-172.9939,-1.2179,9.027
97.4052,0.6542,9.026
-130.3371,-47.7037,9.025
89.6160,22.7804,9.025
-109.1788,18.3612,9.024
124.4382,-4.5147,9.021
9.0287,-14.1194,9.020
51.5622,46.1920,9.019
-170.3574,-3.5230,9.019
102.0911,11.3741,9.018
-127.5363,4.3582,9.018
155.2339,-52.5454,9.018
-148.9754,20.6815,9.017
-104.2351,58.9681,9.017
-142.1189,49.7875,9.016
-172.9535,11.5309,9.015
-167.6172,21.0509,9.015
176.6698,-43.0895,9.015
-146.3176,-18.4943,9.015
123.5951,-6.3177,9.013
108.7678,29.1172,9.013
90.7223,-35.9089,9.012
103.6228,-13.4763,9.010
35.6796,-5.6880,9.010
169.6721,38.4182,9.009
-119.2926,27.3817,9.008
-73.8655,5.3250,9.007
-38.7511,35.6570,9.007
157.3448,30.8009,9.007
-139.0933,28.5078,9.007
133.6407,-27.9738,9.004
121.3301,36.2383,9.004
-170.1930,-58.2930,9.004
153.6653,37.9470,9.004
145.7994,20.0775,9.003
-163.0078,-26.6208,9.003
116.0555,24.6305,9.002
-80.0650,34.0886,9.001
-3.7315,-29.0515,9.000
-143.1608,3.2367,8.999
-136.1093,27.9775,8.997
-47.3999,42.0335,8.997
-124.2394,-36.2257,8.997
141.2735,-21.0580,8.997
-131.8138,13.1083,8.997
128.8540,6.9307,8.996
-114.6396,14.8409,8.995
-151.7066,17.7831,8.995
-139.4741,52.7292,8.994
129.2560,-34.5801,8.993
-173.2932,13.5271,8.993
64.5082,57.2871,8.993
-161.3284,14.0206,8.992
-167.8061,24.7038,8.991
-171.5043,-21.7308,8.991
178.4634,44.9701,8.991
34.6093,25.2863,8.991
104.4556,45.0717,8.990
-115.3516,41.4251,8.989
-49.3640,-55.0829,8.989
-156.3844,39.4452,8.989
69.9284,-34.1350,8.989
125.7894,-5.6379,8.989
62.9756,-47.5549,8.989
95.4330,37.1049,8.987
-158.6672,-39.6914,8.985
0.7401,-25.7984,8.983
-177.0915,30.3503,8.983
-129.9151,8.7991,8.983
160.1198,-44.7767,8.983
113.3476,16.1012,8.982
153.4599,-19.6258,8.982
-106.6556,28.5588,8.981
76.9262,3.3229,8.981
-171.4856,20.1847,8.981
-28.0424,-59.6720,8.981
157.6325,57.0217,8.980
-12.8765,-57.2914,8.980
133.4998,-28.2873,8.980
78.2130,14.3552,8.979
13.9433,-42.5635,8.979
165.3292,-50.3815,8.978
-175.3627,8.0705,8.978
128.2837,33.4753,8.977
-178.2609,42.2946,8.975
80.4981,27.9987,8.974
169.7271,34.9970,8.973
-156.1860,4.4710,8.973
68.1157,2.5561,8.973
94.3920,38.1572,8.972
-65.2171,-29.2266,8.972
56.1992,24.7046,8.970
-142.1698,36.9923,8.969
-133.4334,-38.3778,8.968
-178.5353,-12.2762,8.967
-75.8182,-26.7968,8.967
-173.6891,36.0440,8.966
2.4129,-7.8962,8.966
29.0896,-35.8442,8.966
66.0273,-1.7071,8.965
115.1793,-11.3940,8.965
151.0170,53.1283,8.965
101.0362,-5.5998,8.964
-162.6186,14.0624,8.963
167.9850,44.6953,8.963
-120.7186,17.5327,8.962
-179.2263,9.0229,8.962
166.1698,49.2400,8.962
158.4072,-1.0692,8.960
-42.1316,-28.7295,8.960
-169.2626,27.2440,8.959
-9.1030,27.0725,8.957
-157.5344,-23.4513,8.956
72.5401,17.3155,8.956
174.9809,-11.0562,8.955
155.7129,-12.6614,8.955
-19.4830,53.2758,8.954
159.4578,-1.6956,8.953
148.1909,16.3260,8.953
174.0475,43.0148,8.951
165.3378,-6.8023,8.951
178.4374,-54.0514,8.951
-133.1243,36.3856,8.950
89.3117,-5.2806,8.950
-134.9549,23.2952,8.950
-95.5607,-48.5626,8.950
-109.0755,24.2838,8.949
80.8041,22.0849,8.948
-4.8825,-36.5791,8.947
-68.0910,-13.8029,8.947
-16.0285,32.9896,8.947
-80.2648,-51.5713,8.946
-120.8201,22.9104,8.946
-78.1398,33.4681,8.946
-99.2915,53.3808,8.944
177.2245,18.5495,8.944
73.5722,4.2235,8.944
-64.3545,-9.3469,8.943
-168.0103,31.9525,8.942
-140.3434,-45.7412,8.942
27.6435,-38.3749,8.942
-159.2474,7.8423,8.941
-39.7701,-33.8044,8.940
-97.2093,28.7491,8.940
-150.0318,5.9108,8.940
162.0341,-8.9517,8.940
134.2967,-47.1350,8.939
144.0229,20.4466,8.939
13.4921,-32.4179,8.938
104.9901,-16.8688,8.937
136.5789,-45.9314,8.936
-130.2020,43.3640,8.934
59.7289,2.9919,8.933
-125.7201,-14.8522,8.933
155.8199,4.8207,8.933
-154.2399,-11.8229,8.932
-162.4155,-51.9510,8.931
140.4025,12.4498,8.931
-58.0751,-13.9872,8.930
-147.0817,0.4112,8.930
144.3327,29.6860,8.929
-154.6809,55.1463,8.928
149.6599,34.4592,8.928
65.4328,-39.2336,8.928
153.1321,-5.2801,8.928
-143.2975,-24.8997,8.928
-174.7615,42.8945,8.927
164.0369,22.2041,8.926
158.4519,-41.7781,8.926
-106.2482,-46.9472,8.925
-149.1594,-14.3462,8.925
35.3577,42.7437,8.925
-154.6526,28.8804,8.924
21.4174,-16.9370,8.924
106.8377,4.1348,8.923
101.5697,-43.5265,8.923
173.2664,23.7198,8.922
-128.4815,-57.7714,8.922
-147.2652,-54.1837,8.922
36.8621,31.5885,8.922
-169.5388,-21.3051,8.921
93.3064,-27.0082,8.920
-144.0239,15.6302,8.920
-137.4411,-6.8704,8.920
165.6606,21.5824,8.919
-152.2115,6.4878,8.919
-125.8421,36.5433,8.918
-121.0917,29.1515,8.918
176.8643,22.4488,8.918
167.7208,25.9817,8.916
121.9808,31.2597,8.916
-44.6368,43.9106,8.915
162.2688,26.3410,8.914
-174.9512,-8.6822,8.914
34.1382,21.9766,8.913
46.4070,-50.3494,8.911
128.4036,47.7171,8.911
19.7206,-9.9237,8.909
4.3182,-54.6843,8.909
50.3679,-25.1577,8.908
-128.6435,7.6446,8.908
-98.3987,-5.1705,8.907
128.1669,18.9288,8.906
79.7541,30.3598,8.906
69.6327,52.3990,8.905
-100.6267,18.2506,8.905
-145.3305,-17.9137,8.904
169.8712,-1.2733,8.902
156.7783,26.0258,8.902
148.0803,46.5597,8.899
-94.8107,46.6415,8.899
-154.1702,-6.5048,8.898
118.1187,-49.2376,8.898
111.7760,19.9098,8.898
121.6325,22.0986,8.897
-121.5937,18.4586,8.897
31.0453,-1.0463,8.897
73.6196,-36.2522,8.897
55.7711,-10.4464,8.896
102.5743,-7.7864,8.895
111.5336,23.3898,8.894
63.6017,8.0413,8.894
102.7762,24.2895,8.893
46.7911,-2.0506,8.893
63.4691,-33.8785,8.892
-29.3713,-48.3379,8.892
-160.0775,-38.5793,8.891
165.3069,5.5714,8.891
-155.1199,3.0087,8.890
6.9735,-43.5763,8.890
-1.5022,-18.0599,8.890
100.5347,-33.9143,8.889
130.8231,19.9447,8.889
114.7881,18.1714,8.888
61.0220,9.4011,8.888
118.0260,-33.3655,8.888
-150.9643,13.2476,8.888
126.2521,-31.3694,8.887
-31.3963,-48.3943,8.887
2.8137,-56.2889,8.885
88.5995,2.6357,8.885
118.0987,-31.5534,8.885
-152.3683,26.6619,8.883
-81.2021,13.3163,8.882
-114.3295,-56.6682,8.881
-105.8705,49.2478,8.880
170.8971,38.1761,8.880
-160.8052,-58.3732,8.879
-153.3295,-33.9737,8.879
119.6729,-36.1486,8.879
129.3035,19.1789,8.878
91.7367,40.2371,8.877
-173.9589,-42.5589,8.876
-124.7263,44.1824,8.876
136.6871,-27.3288,8.875
130.2997,29.2281,8.875
-95.1124,21.6617,8.875
132.4580,35.9307,8.874
103.4813,-9.6683,8.874
-107.6695,28.5588,8.874
27.6224,-19.5215,8.874
36.0534,-9.4856,8.873
-116.5637,27.0574,8.871
-148.7154,-53.0431,8.870
49.5913,-30.9873,8.870
140.5750,11.8662,8.870
-98.9786,49.4358,8.870
-35.3285,-34.4351,8.869
65.8487,-1.5444,8.869
84.5383,55.0836,8.868
125.4656,9.6768,8.868
-126.0787,19.6287,8.866
114.9884,37.2383,8.866
114.4273,-23.7135,8.866
-152.5617,40.3008,8.866
134.6033,-30.0417,8.863
78.1235,-46.9232,8.863
-127.3710,-43.4716,8.863
169.5348,-52.5585,8.862
138.5208,4.8116,8.861
-25.6690,-35.6843,8.860
158.8349,9.7523,8.860
-69.8188,-55.3640,8.859
-79.1674,-58.7759,8.858
18.0010,6.1871,8.857
160.8292,20.8384,8.857
33.5457,-24.8775,8.857
61.8575,-44.2167,8.857
22.7252,-28.9678,8.856
-153.2308,19.1731,8.856
144.6605,-36.5441,8.855
149.0328,-43.5308,8.854
-163.2556,-51.0888,8.853
-132.8814,-16.7842,8.853
125.8936,31.2638,8.852
35.5604,-36.0514,8.852
96.2094,-4.6346,8.851
-95.3064,-3.0572,8.851
131.1145,0.5922,8.850
-117.2708,31.1849,8.850
-125.2055,20.2557,8.850
165.4819,-48.9528,8.850
127.3887,25.7047,8.850
20.3203,-46.3492,8.850
-111.7760,12.0886,8.849
-168.8230,23.2160,8.848
-65.0214,-12.7593,8.847
155.4743,-9.3460,8.845
120.0803,-1.5204,8.845
56.1478,-48.3391,8.844
83.1339,6.0177,8.844
151.1309,-45.9678,8.844
-114.0774,46.6185,8.843
121.0211,10.1909,8.842
-176.5083,6.6898,8.842
-57.6760,-19.8874,8.842
146.6733,46.5149,8.841
169.1702,7.9085,8.841
-167.2139,-45.7490,8.841
-162.9056,-18.8562,8.840
150.6409,23.5219,8.840
124.3154,51.9658,8.840
179.3174,50.6643,8.839
-165.1604,41.2953,8.839
-162.2155,41.1283,8.839
-155.0445,13.9043,8.839
-169.6864,-26.8738,8.838
175.4290,59.2484,8.837
-160.8140,-16.9417,8.836
-76.5782,28.0831,8.835
-45.0695,11.4056,8.835
112.9531,-49.2068,8.833
130.6053,38.6704,8.832
-123.9796,-40.4648,8.832
-25.5597,-34.3039,8.831
-132.1869,30.0031,8.830
3.5600,-15.9127,8.830
-171.1284,-0.7314,8.830
101.5796,23.1339,8.829
-127.7952,-33.1956,8.828
-59.7855,-44.1173,8.827
101.0481,4.1394,8.827
-174.6501,13.2818,8.827
11.2085,-44.9645,8.826
-174.3546,-2.8875,8.823
161.5447,-1.2537,8.823
47.9691,36.2577,8.823
-129.2134,-26.9910,8.823
-167.1556,33.5204,8.822
143.5216,-19.1598,8.822
-88.6766,38.6345,8.822
135.1171,47.0275,8.822
-159.2154,3.7432,8.821
-118.3277,-44.2817,8.821
-145.6380,-42.8008,8.820
-108.4638,31.7486,8.819
128.8055,14.8183,8.819
-145.7086,25.1653,8.818
44.4273,-31.3308,8.817
-46.1727,-33.1592,8.817
-109.4408,37.0865,8.816
-128.7631,-43.6518,8.815
-150.3609,25.4749,8.815
61.2170,1.6857,8.814
63.3576,-38.1271,8.814
-142.5599,-7.1425,8.813
-134.5676,-13.5580,8.813
-120.1407,38.5766,8.813
-150.3507,21.4020,8.812
142.9275,3.7497,8.811
-83.5299,54.5369,8.810
-174.7392,13.5497,8.810
142.2214,-38.4457,8.808
-125.3994,47.3054,8.806
-176.8222,3.8041,8.805
68.9914,-3.2755,8.804
-120.0292,34.2937,8.804
-177.2497,10.1969,8.804
133.3968,55.1765,8.803
-165.4870,57.3430,8.803
-165.4803,-28.7475,8.802
-144.8846,37.2175,8.801
-46.9561,-48.0657,8.801
69.5667,-16.3763,8.800
147.6969,45.3941,8.799
-145.8132,-33.1075,8.799
62.9428,-33.4721,8.799
112.3156,-5.6214,8.799
139.2677,-47.1645,8.798
-166.6115,46.2076,8.798
5.6832,-18.6942,8.798
-18.2399,-19.6764,8.797
174.0700,30.0591,8.797
19.7963,-13.6910,8.797
-146.3589,-26.0419,8.796
94.1192,51.5206,8.796
-122.9376,21.5508,8.795
121.0369,-29.2107,8.794
-28.3136,56.6088,8.793
-58.4170,-35.6720,8.792
47.6281,-13.1954,8.792
105.9192,39.0357,8.792
94.2966,-6.6875,8.791
73.5051,-3.7359,8.791
-103.9618,48.5069,8.791
120.7581,-54.9818,8.791
140.9220,53.6018,8.791
-123.3776,47.6300,8.791
-167.1161,15.4228,8.790
-9.3555,-14.6805,8.790
-138.9077,-43.4548,8.789
163.6974,38.6289,8.789
104.1169,28.7057,8.788
67.8741,24.8256,8.788
-153.4370,1.3917,8.788
95.8673,2.4459,8.788
131.9608,6.8258,8.788
127.0277,40.7208,8.788
127.5563,17.9922,8.787
110.8100,13.2707,8.787
175.7738,35.0690,8.786
23.6156,-40.2135,8.785
49.4519,-44.7295,8.785
15.3844,-55.4431,8.785
163.7514,39.1445,8.784
-62.0441,-40.1179,8.784
2.4163,-13.6336,8.783
-161.9050,36.5174,8.783
-85.7244,-50.6219,8.782
176.8070,27.4444,8.782
-130.8163,-25.5548,8.781
-146.1018,44.6968,8.781
66.3960,2.5194,8.780
75.5978,1.7955,8.779
-103.3296,8.7962,8.778
94.7773,39.8009,8.778
13.3881,-24.3193,8.776
177.6297,13.6068,8.776
-98.7252,27.9210,8.775
151.2575,-3.2577,8.774
-138.2808,41.7820,8.774
-174.2519,-7.5820,8.774
90.9098,-57.5024,8.773
63.0647,43.2263,8.773
-179.7078,-0.2868,8.773
126.7285,31.9608,8.773
124.3397,-5.1875,8.773
126.6274,27.2365,8.772
-33.4118,-48.0251,8.772
115.5200,9.4955,8.771
145.8846,50.2621,8.771
-102.0366,35.5355,8.770
-67.9008,-26.0691,8.770
160.7080,-38.4295,8.770
-47.5670,42.7167,8.769
175.5295,-17.9521,8.769
166.4210,43.5448,8.768
-113.3930,32.4730,8.768
133.8291,7.2727,8.767
-149.9551,-24.0360,8.767
55.5498,-59.2264,8.765
-177.5523,-3.7544,8.765
-29.4906,-22.2312,8.765
71.5162,-51.7064,8.763
-153.6516,22.4476,8.762
15.1213,-25.5997,8.761
2.1284,-8.1344,8.761
119.4941,-27.6443,8.760
107.8785,1.9729,8.760
171.7398,-0.5865,8.759
169.3905,44.9644,8.759
-142.6509,-42.3060,8.759
85.5014,-29.4175,8.759
140.5406,34.5499,8.759
-121.5434,-48.9370,8.758
126.5832,30.8629,8.757
-178.9886,4.8285,8.757
37.3723,-8.1687,8.757
94.4912,58.9641,8.756
-172.8658,-52.7166,8.755
-159.1142,3.9608,8.755
-23.4677,-58.2415,8.754
40.5974,-53.0415,8.754
-157.7485,12.5667,8.754
-153.7754,-7.8898,8.754
-115.8312,15.6086,8.753
-52.5582,-41.3414,8.752
-160.3464,-55.7763,8.752
50.1383,17.8459,8.751
43.9739,-55.5247,8.750
84.5782,31.9156,8.750
49.8785,0.3258,8.749
-174.8388,-51.1622,8.745
-178.4896,-16.6513,8.742
141.4224,-27.0271,8.741
-74.7522,42.3965,8.741
163.8066,-52.1877,8.740
125.9727,24.5480,8.740
-125.6313,14.8077,8.739
156.8704,1.3727,8.738
107.8114,49.3792,8.738
-171.8330,35.0310,8.738
144.0581,48.0836,8.738
-133.0093,14.0107,8.738
4.7856,-25.1883,8.737
-155.9253,34.5229,8.737
141.5297,-52.1674,8.737
39.0879,-23.5628,8.736
161.0088,9.9298,8.735
44.7901,-31.8006,8.735
129.1039,29.2974,8.734
98.0238,-22.6527,8.734
-125.5421,41.5022,8.734
153.0525,21.4215,8.733
149.6374,-56.6732,8.732
-116.4569,-3.0391,8.732
141.5392,20.4259,8.731
157.7284,23.6669,8.731
-136.4633,37.4220,8.730
-120.9854,1.4496,8.730
20.6824,-55.6251,8.730
-47.8068,-32.5790,8.730
-151.3783,-58.5806,8.729
-112.7394,46.2003,8.729
177.8365,31.3344,8.727
-135.5636,-17.6338,8.727
-41.2665,-48.2193,8.727
-101.5533,30.9491,8.727
-45.8950,-31.8308,8.725
-83.9201,-54.9654,8.725
70.9205,3.8924,8.724
10.4794,-28.7533,8.723
80.3130,-39.2731,8.722
72.8224,-58.7341,8.721
127.5609,13.1669,8.721
-138.1295,28.8099,8.721
-147.3039,0.4245,8.721
-124.1070,37.1921,8.720
-179.7522,-27.5606,8.720
-0.0333,-24.5897,8.720
-132.7210,-21.7314,8.719
-10.5426,-48.8350,8.718
38.2854,-57.4534,8.718
-59.1116,-8.2766,8.718
127.2571,40.0501,8.718
-178.5315,14.4849,8.718
122.8644,-1.3831,8.718
-121.4452,31.2435,8.716
-130.7223,-56.2024,8.716
51.3732,20.6457,8.715
120.3256,56.2394,8.714
-78.5028,59.0659,8.714
-173.5313,17.9395,8.712
37.8033,-11.5497,8.710
90.2686,49.7960,8.709
79.6417,-4.5514,8.709
161.3495,-0.6930,8.708
-85.4040,-14.8604,8.708
-150.8739,-11.2684,8.708
69.1126,-40.2114,8.708
-117.2108,-35.5506,8.708
-169.3770,15.7802,8.707
-33.0181,-45.4121,8.706
-152.1042,-46.9350,8.706
92.4256,-29.7483,8.706
-161.9494,-2.4049,8.706
95.2367,18.4607,8.706
-94.3587,42.4861,8.705
-13.1704,-47.5580,8.704
37.7675,-9.5112,8.703
50.3455,-24.3424,8.702
-177.2635,46.6720,8.702
116.8544,-18.4708,8.702
55.1679,-45.6884,8.701
113.4706,-6.4208,8.701
-138.5867,15.4338,8.701
-108.5232,14.7168,8.701
75.3542,-35.6470,8.700
-156.2707,43.4775,8.700
-12.3557,39.7424,8.699
52.4005,-34.2647,8.699
-85.9771,28.9913,8.699
-103.6482,-56.7776,8.699
130.7450,-44.8141,8.698
118.3815,-46.4385,8.698
52.3913,-12.5497,8.697
175.7149,40.2754,8.697
155.8131,46.9111,8.696
171.0069,19.0416,8.695
12.1551,-57.9487,8.695
-146.3265,-51.0886,8.695
-165.3919,48.0002,8.694
142.5820,-50.5392,8.694
-31.7615,-47.5582,8.693
171.9227,26.0820,8.693
49.7668,-29.6344,8.693
146.1461,21.3004,8.693
-80.7158,53.1900,8.690
142.9350,-59.4665,8.690
67.6904,45.4703,8.688
166.2740,16.6005,8.688
179.3997,52.0158,8.688
90.0490,-35.8320,8.687
-93.3703,18.1676,8.686
-118.1858,-36.1639,8.686
-121.2518,29.9680,8.686
-17.6950,-33.1490,8.686
176.0405,17.9388,8.685
40.0989,-28.2672,8.684
-104.9207,35.8349,8.683
-131.3567,-38.0667,8.683
-166.0726,-15.3521,8.683
-144.6158,20.4425,8.682
110.9973,44.4069,8.682
-108.6184,31.3727,8.682
110.7124,13.9806,8.681
-120.3099,7.2946,8.681
74.9851,21.5788,8.681
-43.4917,38.4956,8.680
-173.4995,25.4736,8.680
133.6732,7.2477,8.680
162.4279,17.9053,8.680
94.2650,33.6280,8.679
-67.2481,-22.3765,8.679
70.5607,18.0088,8.679
11.0806,-8.3406,8.677
-134.7439,18.5426,8.677
-132.7359,50.1691,8.676
127.6283,2.5805,8.676
-118.3965,41.5836,8.675
98.9710,-37.6611,8.675
-88.6209,45.1351,8.675
-111.7006,33.0507,8.675
13.7590,-35.4240,8.675
90.3968,23.6989,8.672
-135.0067,37.2010,8.670
-172.6102,55.7199,8.670
140.7503,17.2372,8.669
8.3437,-53.8128,8.668
117.2537,42.4719,8.667
-110.8911,22.5119,8.666
-163.5573,17.1108,8.665
-0.7883,-51.6375,8.665
156.6894,9.9120,8.664
170.9093,6.9804,8.664
146.3738,23.1287,8.663
-150.1859,26.0378,8.663
135.7657,49.9007,8.662
106.1714,-0.0362,8.660
33.0317,-6.5825,8.660
-123.8869,54.4621,8.660
157.3514,5.4773,8.659
-141.3782,-40.6513,8.659
17.1711,-54.4789,8.658
-174.1331,1.8865,8.658
-177.3540,-17.4024,8.657
-108.9537,-54.6210,8.656
177.4878,47.9046,8.656
134.5728,24.0031,8.655
-112.2624,35.5453,8.655
108.4034,15.0455,8.655
121.4595,-26.6970,8.654
174.9696,-0.5705,8.654
-38.3127,-42.5546,8.653
-158.3145,-7.8162,8.653
128.0652,19.5704,8.651
11.7493,-49.9881,8.651
119.5171,-37.4131,8.651
-131.4750,36.2599,8.650
101.7447,-25.1679,8.650
-179.2377,48.5775,8.649
-87.5678,43.6677,8.649
-164.1986,17.5288,8.648
145.6149,19.1254,8.648
-149.7573,-48.4094,8.647
-165.2797,25.9261,8.647
141.8829,54.5005,8.646
131.6089,-57.5265,8.646
113.8590,-16.8031,8.645
142.2161,27.2494,8.644
-163.6398,0.9766,8.644
88.4405,20.5830,8.643
-158.6983,52.1202,8.643
6.0731,-12.6685,8.642
127.4157,13.8008,8.641
-161.8075,-50.6053,8.640
152.1972,-18.9325,8.640
-135.3651,13.4579,8.640
-117.9228,47.3405,8.640
-139.8140,-9.6562,8.639
36.3138,-26.6875,8.639
-147.4420,-46.6324,8.638
123.0677,3.4787,8.637
-60.4292,-29.4755,8.637
-121.1952,27.8310,8.635
169.9762,-22.0165,8.635
45.7983,-56.8444,8.634
106.2183,40.6990,8.633
4.7605,27.8014,8.632
-166.5640,-1.5662,8.631
64.9525,-29.8742,8.630
-92.8380,41.3335,8.630
-79.6265,54.7994,8.629
161.6743,15.3139,8.629
125.5562,39.4427,8.628
-147.0415,-16.7263,8.628
-146.0361,-25.2330,8.628
89.2434,1.0167,8.628
47.2095,-32.8163,8.627
-173.3162,-18.6069,8.626
117.2485,-17.7878,8.626
128.5491,-38.2910,8.625
-130.9243,-4.5265,8.624
169.4435,3.7560,8.624
141.2261,-52.2093,8.624
-21.7719,-41.7428,8.624
93.8047,5.0400,8.623
-27.8264,-30.6470,8.621
85.1820,38.2730,8.621
131.3120,14.1917,8.620
174.0109,-7.2455,8.620
-60.4984,-47.4492,8.618
153.0737,-46.0847,8.618
-159.6476,-36.2208,8.617
-102.2490,41.9567,8.617
90.2850,-13.6225,8.617
84.5247,48.5241,8.615
-118.8418,-53.9186,8.615
151.3385,22.6665,8.615
-64.1579,-13.6137,8.614
162.1090,-25.3179,8.614
23.4802,-22.7880,8.613
39.5245,-9.8750,8.611
-152.8898,-31.3924,8.611
161.8271,42.5881,8.610
-75.3294,47.7503,8.610
160.9659,27.6230,8.609
102.1476,-28.6427,8.609
-164.7681,35.9241,8.609
-178.3962,46.4656,8.609
-155.7858,-1.5363,8.608
141.3684,24.8293,8.607
-165.1807,-13.7857,8.607
149.1128,27.0585,8.606
118.5261,16.7582,8.605
-77.8011,59.0831,8.605
-156.1970,-20.4014,8.605
131.2129,21.4470,8.605
13.2251,43.3616,8.604
-45.7824,-24.6653,8.603
20.7648,-30.0206,8.603
37.4899,-1.0209,8.603
-35.9747,-37.0359,8.599
4.5324,-9.8940,8.599
-91.4411,43.7207,8.599
-129.8015,-23.0070,8.599
-52.8623,-42.8104,8.599
127.8242,21.7144,8.599
73.0578,-50.2332,8.598
51.1415,-22.0891,8.597
148.2810,-37.0233,8.597
-169.4095,30.7409,8.597
-173.0393,22.7333,8.596
-175.1000,38.0822,8.595
154.4922,-50.8745,8.595
-167.4886,-26.5658,8.594
144.3957,-5.9827,8.594
105.0323,30.9954,8.593
177.2863,19.2903,8.592
-131.5057,34.8592,8.592
-62.5797,-44.0136,8.592
154.4205,33.0573,8.591
-172.5926,-32.8793,8.590
156.6767,19.6317,8.590
125.8435,38.4486,8.590
2.4705,-4.1973,8.590
30.9887,9.6469,8.589
155.7697,27.1093,8.589
71.1903,-57.4017,8.588
57.7850,-16.4805,8.588
19.0937,-14.5048,8.588
1.6340,-32.5553,8.586
155.7720,9.6707,8.586
-130.5519,17.1791,8.585
50.1296,5.5312,8.585
9.0979,17.6209,8.584
-137.5914,37.3264,8.583
158.6362,0.7551,8.583
-150.1952,42.7725,8.582
155.2927,49.3821,8.582
-46.3162,-5.5199,8.582
179.0380,43.0710,8.582
-121.1600,31.5580,8.581
-122.5958,19.6111,8.581
-58.8407,-17.8467,8.581
153.2975,36.3987,8.581
-126.2265,-10.6863,8.580
121.0217,-20.1264,8.580
-125.5825,-41.8950,8.579
114.0000,5.9567,8.579
-179.6482,51.2167,8.578
139.0726,-21.7560,8.578
-145.4511,-21.8466,8.577
76.0431,17.0480,8.577
93.8069,24.4107,8.575
148.9632,-8.2559,8.575
-145.0270,-44.6192,8.574
-114.9830,33.2929,8.573
164.7668,-19.4947,8.573
-117.4691,-53.1129,8.572
26.2728,-27.3644,8.572
73.1547,22.4824,8.570
69.8134,-19.9192,8.570
153.5005,7.3602,8.570
92.0741,32.8455,8.569
178.5794,49.8424,8.569
-137.9521,36.5882,8.567
-163.6526,24.6712,8.567
-173.5564,12.0301,8.566
156.0441,-36.0613,8.565
139.4018,-11.8606,8.564
175.4665,15.1382,8.564
135.3589,16.8719,8.563
-150.2366,-30.5448,8.562
-130.4367,8.2756,8.560
134.8732,29.8000,8.560
-6.4760,-35.9312,8.560
45.2002,16.4388,8.558
-158.2225,9.7018,8.558
-166.7954,25.6356,8.558
-168.4835,35.4817,8.558
-121.4921,9.5004,8.558
-73.6246,2.9796,8.558
170.4195,-1.9884,8.557
172.0309,3.2928,8.556
134.6038,24.2653,8.556
133.1395,19.6101,8.556
-130.8646,-33.1785,8.555
112.9113,-8.3967,8.554
-59.7145,-33.2016,8.553
-175.3249,-9.3941,8.552
-21.3841,-47.1376,8.552
112.1614,-42.9700,8.550
23.5305,17.8485,8.550
91.7974,34.4150,8.550
-90.8564,4.0104,8.549
-125.7788,-54.6832,8.548
-164.8830,-48.6529,8.548
-86.7519,21.1014,8.548
172.3054,40.6000,8.548
61.1158,-32.7876,8.548
152.2511,12.4338,8.547
161.6672,2.8296,8.547
-150.9646,-15.4280,8.545
-137.8901,-21.6292,8.545
-176.5497,-31.6193,8.545
78.7076,40.3746,8.545
156.7001,14.7603,8.545
-139.4685,14.8728,8.544
133.8807,-2.5959,8.543
-108.9177,22.3253,8.542
-160.5535,-24.4098,8.542
67.9886,-43.9124,8.541
82.5574,29.0239,8.541
-120.8709,20.7167,8.539
121.0067,41.8419,8.537
140.4960,17.4125,8.535
162.3781,53.0532,8.534
170.1462,-1.0461,8.534
146.5671,29.6088,8.534
167.6298,1.4703,8.533
119.5753,-46.8360,8.532
-177.9789,13.2237,8.532
20.8433,-3.5356,8.531
-172.2311,1.1591,8.531
-167.7123,-29.7485,8.531
-145.2462,31.1412,8.531
1.1481,-12.6341,8.530
-103.1360,43.7939,8.528
20.1337,-13.9476,8.527
-143.2546,-19.8956,8.527
-6.2338,-36.5365,8.527
-36.4455,0.6573,8.526
-93.9315,14.7306,8.526
148.7207,48.3116,8.526
-92.1287,37.6366,8.524
-134.3356,10.8560,8.524
101.4115,35.7034,8.523
-33.1464,-33.6776,8.522
-154.3541,-35.3072,8.522
97.1794,36.2589,8.521
65.4951,-39.4518,8.521
141.0852,32.1189,8.520
79.3405,48.2349,8.520
-111.7174,20.9843,8.520
-61.8947,-38.6511,8.520
-58.9800,-44.1768,8.519
73.0277,6.5021,8.519
37.5765,-25.3799,8.518
102.3304,-22.5461,8.518
66.0726,-55.3868,8.517
-33.1171,57.3436,8.517
-122.8849,31.7358,8.517
133.1201,-53.0871,8.516
-147.7433,-12.1496,8.516
40.2983,10.0192,8.515
114.9167,15.1626,8.515
-116.5637,15.7317,8.515
-113.0019,35.4719,8.514
122.6589,32.3474,8.513
-171.8072,19.7177,8.513
-77.2295,39.3772,8.512
164.7495,-7.2258,8.512
-6.6877,-48.9453,8.511
-167.2426,15.6264,8.511
-132.9878,22.8459,8.511
-105.8840,29.0820,8.511
144.7786,-3.5970,8.511
6.2549,7.7547,8.511
-138.4637,-20.4670,8.509
119.2061,-1.4285,8.508
118.5507,-23.9749,8.508
-149.5664,9.4653,8.508
-159.4792,-6.5384,8.507
-23.5871,53.3747,8.506
79.3857,28.0164,8.504
-151.7734,-46.8134,8.503
-113.6297,31.7573,8.503
-61.8414,-15.6906,8.503
-174.0486,50.2077,8.501
135.6777,13.2849,8.501
-166.8274,42.3233,8.500
168.4955,46.5106,8.499
-46.2110,29.8441,8.499
138.5022,47.4259,8.498
26.6525,-29.7622,8.498
90.8425,36.0661,8.496
12.6535,-25.7650,8.496
171.4364,15.7363,8.495
125.5608,26.1699,8.495
87.6999,17.0791,8.495
175.6391,-3.5442,8.494
-160.2380,-57.3710,8.493
-166.7647,50.1019,8.493
136.4837,-39.0875,8.492
-161.5783,3.0799,8.491
-131.7110,-10.2437,8.490
-143.1959,-7.2296,8.490
128.2329,-2.8009,8.490
-119.3842,-54.6173,8.489
-149.3007,-19.4438,8.489
-111.5357,14.1006,8.489
128.5481,21.6678,8.489
54.7106,6.2788,8.488
134.1032,-29.5575,8.488
38.0394,59.7653,8.488
-134.0110,47.9748,8.488
137.9592,-30.4248,8.488
37.9446,22.3813,8.487
11.0912,-58.0008,8.487
-155.7788,-18.1406,8.487
129.4009,9.1936,8.485
130.3273,27.9500,8.485
82.8538,13.3615,8.483
-103.6877,59.4172,8.482
121.1693,-0.8036,8.482
116.2699,15.7083,8.481
-171.0789,55.8695,8.481
-25.6549,53.8713,8.478
174.5118,53.7211,8.478
47.9990,27.8749,8.477
36.5420,-26.0138,8.476
-144.8102,-34.7037,8.476
117.1516,24.2162,8.476
151.0412,-35.9631,8.475
9.5870,-35.1827,8.474
63.5854,-37.4966,8.472
167.2039,1.8625,8.471
48.1884,-15.5009,8.470
141.5408,12.9197,8.469
-148.4687,23.3917,8.469
-126.3670,-49.4098,8.468
146.5113,-15.9875,8.468
127.1194,38.4235,8.467
78.8321,-46.8836,8.467
143.3106,17.5973,8.467
137.8706,26.6679,8.467
-122.3589,-17.6226,8.466
-173.4380,-40.2116,8.465
131.2194,-1.3583,8.465
-166.9351,-3.4809,8.464
105.8445,-22.3456,8.464
160.6683,58.7317,8.464
-24.6749,-38.6898,8.464
31.0647,59.4968,8.463
27.9072,-26.8940,8.462
125.7356,12.2399,8.462
110.9117,26.7187,8.462
12.9087,-40.5004,8.461
106.0224,-0.3629,8.460
177.3747,24.6589,8.460
-175.3763,-57.5354,8.460
147.8580,30.7213,8.460
132.6088,-51.2163,8.458
131.7396,27.0894,8.458
69.6589,-45.6263,8.457
124.8984,17.9871,8.457
-162.1980,2.0391,8.456
70.2543,-54.1763,8.456
76.3725,26.3317,8.455
41.8966,-37.4497,8.455
-47.1580,-24.9908,8.455
-142.7773,-21.0184,8.454
74.7222,-0.6625,8.451
152.7889,-4.2389,8.451
-150.2825,42.4765,8.451
-158.2129,23.6887,8.450
100.8210,-34.0750,8.450
-173.2274,-33.6554,8.450
-155.7877,8.7351,8.449
-168.3885,-7.4912,8.448
100.8812,33.4497,8.448
-169.6489,40.3004,8.447
-179.9868,-3.6541,8.446
26.6057,-18.3415,8.446
37.8754,12.0729,8.446
106.3642,-10.0216,8.446
-113.0085,12.1980,8.445
179.0300,-28.3032,8.445
-125.4016,-54.1613,8.445
159.9962,36.8891,8.444
-164.3748,1.9254,8.444
160.4963,27.8269,8.444
-57.4586,-38.0154,8.443
-154.0069,-14.3373,8.442
-95.0197,20.0106,8.441
110.0519,7.6247,8.441
-108.2070,-56.8780,8.441
-136.9580,37.6342,8.441
-46.8231,-35.4078,8.440
-127.6582,-50.6623,8.440
93.8965,23.2425,8.439
126.3579,-49.2042,8.439
36.4303,-55.8127,8.438
-151.4022,-45.5801,8.438
-69.3160,5.8346,8.437
-152.6536,-12.3742,8.437
80.5506,41.3461,8.436
175.5603,29.4054,8.436
81.4618,23.3587,8.436
-141.8613,-1.4179,8.435
170.1107,1.9902,8.435
43.7031,-9.2005,8.434
138.5249,-22.8912,8.434
47.1096,-55.2123,8.433
108.0608,-54.6755,8.433
-156.6342,51.4013,8.433
-38.4402,-31.2206,8.431
159.7879,10.5757,8.430
113.8523,-46.4183,8.429
-0.8291,-8.5263,8.429
-149.8854,-4.5779,8.428
-20.4856,-54.1336,8.427
70.3181,-14.4381,8.427
-157.8651,9.5714,8.427
161.8446,13.4275,8.426
-172.1808,25.9156,8.426
158.9107,19.1782,8.426
-114.0985,8.3850,8.426
-165.9534,-15.5241,8.426
118.1005,32.0743,8.425
13.1219,-30.0909,8.425
12.4223,-7.3247,8.424
150.1593,49.0903,8.423
42.0522,35.1155,8.423
-116.6946,27.4168,8.423
-157.7897,41.8462,8.423
162.4768,19.2800,8.422
-144.8244,40.0544,8.422
-108.8381,31.9024,8.421
-50.9232,-50.0603,8.420
170.5768,29.0130,8.420
-139.3740,-11.9680,8.420
158.6628,8.0860,8.419
23.3455,-36.2633,8.418
150.8254,-25.0405,8.418
-96.8586,30.8748,8.417
-151.5589,22.9001,8.417
79.4284,-58.7164,8.417
-123.7112,6.0377,8.417
-164.6770,-34.7899,8.416
109.3860,26.6634,8.416
169.8233,15.7753,8.415
-155.0715,-15.2690,8.414
-143.7789,56.2246,8.414
163.1483,-15.7620,8.412
-162.3096,-1.6399,8.411
-40.2021,0.3474,8.411
-131.3899,8.8264,8.411
-86.4494,34.9610,8.411
98.8481,-28.9877,8.410
-75.2249,5.6949,8.409
-162.9844,-50.3577,8.409
-107.9399,57.9156,8.409
28.9662,1.9745,8.408
-100.8496,20.6418,8.407
63.4384,-39.7009,8.407
83.3600,-26.5542,8.406
-169.0413,-45.6977,8.406
-69.9478,-11.1887,8.405
114.4352,-29.0574,8.404
118.0378,8.2323,8.404
-133.7692,16.4447,8.404
39.7188,-26.1820,8.404
-169.2788,-14.0708,8.403
142.5153,-8.4009,8.403
-32.0617,9.2584,8.403
139.2290,-32.4721,8.402
159.9440,26.2738,8.402
-143.7555,2.4478,8.401
139.0726,-21.4424,8.401
104.3283,22.0767,8.401
104.3147,-9.6966,8.400
133.3782,48.6977,8.400
103.4247,-12.6996,8.400
91.1138,-15.1192,8.398
41.0884,-18.2238,8.398
127.6034,38.9031,8.398
88.7566,-5.7021,8.398
-26.1910,16.0315,8.396
2.2049,-45.5666,8.396
-166.3869,10.5817,8.396
66.3993,-23.4889,8.396
174.2225,2.9734,8.395
177.9304,8.9403,8.395
-171.4124,5.4601,8.393
137.5849,-48.5702,8.393
82.6890,32.6981,8.391
-110.0415,-37.9050,8.391
-155.0433,22.4064,8.391
-49.9975,-26.1641,8.390
-29.1861,-28.3281,8.390
165.9315,5.7400,8.389
19.9783,-19.7818,8.389
61.9333,-38.5315,8.386
-112.7950,38.7541,8.386
-98.4309,57.2911,8.385
33.4870,-37.3869,8.384
-21.7528,17.5653,8.384
166.2039,-57.1471,8.382
-168.1572,29.0752,8.382
78.1733,-32.4372,8.381
-152.4464,-21.2566,8.381
155.8885,-4.4877,8.381
-51.3745,-34.2411,8.380
149.5518,37.5124,8.380
172.1652,20.2905,8.380
-172.7730,-2.5761,8.380
153.3672,46.7875,8.379
94.0466,-25.3143,8.379
166.7745,1.7169,8.379
-144.1270,-19.9414,8.378
-117.1732,42.1686,8.378
137.0570,46.6755,8.378
158.4001,4.8828,8.377
-155.6176,45.4949,8.377
135.9593,-35.1363,8.376
177.0210,11.4719,8.375
-174.3158,11.0699,8.375
105.8854,5.1549,8.375
70.5217,26.1481,8.375
-50.2211,-23.2771,8.375
152.6859,-3.7718,8.374
133.7376,49.8044,8.374
144.6582,26.8393,8.373
179.5194,10.5386,8.373
-165.9726,21.2521,8.372
129.3054,1.9087,8.371
55.9851,-51.5419,8.371
23.2879,-38.9466,8.370
-161.6923,-2.2705,8.370
-163.7529,-3.6041,8.370
169.3698,27.9713,8.370
85.9279,49.9380,8.369
-175.1223,55.6614,8.368
-169.6174,4.4720,8.368
-1.9784,-59.5356,8.367
156.4286,12.6449,8.365
127.2397,29.5812,8.365
75.4915,-41.8008,8.364
55.3067,38.7914,8.364
-165.4197,34.0442,8.364
123.3419,16.9756,8.362
-174.7039,53.4329,8.362
70.0602,-17.2655,8.361
-122.4590,-49.3135,8.361
-18.2508,-35.9587,8.361
-29.4818,-58.6242,8.360
-113.0164,8.8245,8.359
-138.9446,40.3038,8.359
-174.7147,-4.0452,8.359
56.6042,46.1999,8.358
58.2483,-39.2517,8.358
-169.5507,-12.1955,8.358
166.3883,44.2791,8.357
-144.0050,-5.2230,8.357
109.4913,7.6729,8.357
83.5818,-58.1108,8.356
-122.7283,36.3967,8.355
129.2276,32.8214,8.355
118.4204,16.9581,8.354
85.1729,-36.8634,8.353
37.8434,-53.5850,8.352
131.6045,-29.8849,8.352
-111.0543,42.3558,8.351
140.3705,-25.7073,8.351
-146.2998,-18.1853,8.351
178.7102,-26.6876,8.350
-156.7819,7.2470,8.349
-143.2269,-40.2884,8.349
-78.8192,-59.6033,8.348
105.9199,0.8736,8.346
5.7897,49.3569,8.346
-170.6724,25.7373,8.345
-20.5000,-40.9177,8.345
-150.9954,-41.2030,8.344
38.2698,-8.7232,8.344
80.0529,-57.2453,8.344
165.3965,-43.2528,8.343
-111.9947,12.2253,8.342
164.5651,7.8429,8.341
175.8942,11.6742,8.340
-160.6531,27.3584,8.339
-161.5726,15.5841,8.339
124.6328,17.8249,8.337
24.4595,-19.7392,8.337
-173.6476,59.5159,8.337
89.8325,16.7845,8.336
-151.6992,-5.9352,8.336
68.9425,7.0474,8.335
4.9910,-24.8039,8.334
64.1042,0.8114,8.334
3.7568,41.3789,8.334
-164.7648,37.7857,8.334
-130.8710,36.4097,8.333
-165.8669,42.7662,8.332
-26.7112,-48.6220,8.332
-113.9296,-12.4814,8.331
164.2634,9.9511,8.331
-151.8715,50.6015,8.330
-54.3370,-41.2185,8.330
160.6707,-14.5212,8.330
154.9671,-11.3826,8.329
91.6131,7.1954,8.329
-143.9757,26.2215,8.328
14.5701,-35.5421,8.328
-120.2331,59.9058,8.328
-138.3802,27.3302,8.327
-123.7971,29.8527,8.326
73.1048,-45.4069,8.326
-112.1874,49.9572,8.326
33.5964,-51.2574,8.326
162.3680,-48.7529,8.324
-107.7122,12.6346,8.324
48.8656,36.7413,8.324
-138.6140,17.3774,8.323
-151.9347,6.5015,8.321
147.0764,45.7546,8.321
-60.8639,-56.5463,8.320
1.8527,-46.8468,8.320
158.8156,-52.9141,8.319
92.8702,35.2995,8.319
-141.0144,17.7631,8.319
-120.4724,22.7815,8.319
-71.3630,-8.5240,8.319
169.0506,-50.5931,8.317
-98.2540,54.1588,8.317
105.9214,-10.0046,8.316
-173.8723,-11.1255,8.315
75.7444,17.2368,8.315
78.8729,-41.1353,8.314
170.2671,23.2447,8.314
26.1858,-24.4295,8.313
-112.6982,-59.8093,8.313
146.0879,-50.2565,8.311
123.0915,-34.9160,8.311
106.8343,23.5904,8.311
112.5557,-10.1869,8.311
158.4302,57.6272,8.311
-172.6328,33.5603,8.310
-145.1633,-17.2151,8.310
-23.9647,-55.9015,8.310
26.7762,-24.6682,8.308
111.6170,46.7338,8.308
91.2805,12.1023,8.308
-164.0207,55.6049,8.307
137.2650,51.3179,8.306
96.5721,-28.6917,8.306
-2.9811,-17.0722,8.306
-166.8779,-20.0044,8.306
-170.2718,-12.4301,8.305
118.2225,-47.2940,8.305
-42.6359,16.0312,8.304
-147.6017,21.0094,8.304
152.5831,57.7112,8.304
-45.3388,43.2949,8.303
-11.9900,-32.3340,8.303
12.1240,-49.1418,8.302
127.0207,-45.2433,8.302
-116.1086,8.3147,8.302
-169.3001,2.3719,8.302
-91.4529,-46.4372,8.301
-120.6603,39.1705,8.301
-61.9762,-44.1700,8.300
-24.9375,-48.6569,8.298
139.1295,-17.0307,8.298
-35.8475,-58.3029,8.298
76.2422,23.1596,8.298
-42.2768,-47.6395,8.298
132.5234,-28.7021,8.297
161.9148,43.5920,8.297
-111.4993,-59.6325,8.296
70.7913,40.0628,8.294
145.3394,16.5761,8.294
-170.6166,32.1027,8.294
-153.8572,-13.3395,8.294
57.6340,-49.0667,8.293
109.7154,0.6318,8.292
62.9600,22.3196,8.291
1.3538,8.7221,8.291
111.1884,-23.2006,8.290
-2.5293,-15.1202,8.290
142.7007,14.3354,8.289
-61.6532,-5.7503,8.288
138.3248,59.5080,8.288
136.2826,-3.0025,8.288
-160.3890,33.0886,8.287
63.3001,-32.9674,8.286
125.2729,-7.9871,8.286
-114.1550,34.8980,8.286
176.6178,-26.7838,8.286
38.1686,-34.6031,8.286
101.4835,4.1153,8.285
-134.4665,14.1123,8.284
2.9917,-2.2204,8.284
-119.2312,58.5419,8.284
-135.3670,13.9248,8.283
-151.9493,44.9165,8.283
4.3923,-20.4728,8.283
68.4754,32.8360,8.282
62.1071,23.2785,8.282
67.4488,25.6962,8.282
-88.5297,41.0642,8.281
178.7212,39.8972,8.281
74.3086,1.5638,8.280
176.2203,-23.3456,8.280
-82.1418,-41.1164,8.278
-172.2021,43.4382,8.278
-130.4170,36.4168,8.277
-24.6731,-40.2957,8.277
140.9773,50.0154,8.277
-160.3232,31.1733,8.276
71.6024,1.4213,8.276
-165.5249,3.2446,8.275
-135.0193,9.1253,8.275
-9.7885,8.2582,8.275
-125.3493,32.8463,8.274
66.2805,-15.1388,8.274
94.7326,-0.4596,8.274
83.2960,-13.3349,8.273
-176.5535,-31.6236,8.273
-147.6792,25.0366,8.270
-171.1898,6.8558,8.270
-138.2356,29.1021,8.269
-171.0201,-42.4869,8.269
-119.2837,-47.8475,8.269
-179.8867,40.2928,8.269
-98.0225,20.8549,8.269
11.0442,-11.3714,8.266
-146.4498,-42.0820,8.266
161.8598,43.8249,8.265
92.7999,-8.7503,8.265
-169.8805,-56.4032,8.265
-93.7851,16.5979,8.264
58.7617,27.8521,8.264
-149.0221,-23.5577,8.264
45.2487,-31.0169,8.264
-173.0653,39.5089,8.263
-8.2290,-47.3722,8.261
-147.1293,19.4613,8.261
62.7441,28.9228,8.260
-69.3158,-28.7144,8.260
107.3801,-53.5282,8.260
125.4608,35.3902,8.259
105.9796,10.7699,8.259
-107.4829,32.7165,8.259
131.9238,46.8929,8.258
122.5008,38.5076,8.257
-139.0953,8.0012,8.257
-172.8448,5.4901,8.257
147.2614,48.2505,8.256
-26.9345,43.7383,8.255
-162.4929,53.3138,8.255
-95.0367,50.5492,8.255
-124.4274,34.6213,8.254
-140.2020,-37.5055,8.253
-173.5010,10.0005,8.253
-112.8424,36.1269,8.253
108.0968,-2.6880,8.252
-169.8441,38.2136,8.251
140.0403,35.6128,8.250
19.2306,-11.0298,8.250
167.9366,39.8710,8.249
147.2968,31.8996,8.249
109.7031,30.4861,8.248
12.5127,-8.2034,8.248
76.1867,3.3948,8.247
132.9616,45.5186,8.247
-135.3216,-18.0165,8.246
-154.0303,24.4804,8.246
-118.3616,-36.3868,8.245
138.6420,34.7989,8.243
-104.0183,32.7737,8.242
-154.4459,-0.5662,8.242
154.0921,-20.4490,8.242
-160.0052,-26.5468,8.241
-122.2811,46.4246,8.240
152.6468,-56.2167,8.239
127.9500,7.1004,8.238
138.8126,52.5089,8.236
-140.8792,-9.3200,8.236
3.3113,-35.9373,8.236
-74.9212,4.1104,8.234
150.1083,53.4958,8.234
125.2898,-7.7816,8.234
19.5052,-34.3089,8.233
161.7077,25.8582,8.233
-131.0619,-52.7179,8.233
169.5870,43.0619,8.230
127.9599,17.8508,8.230
-122.2989,22.0489,8.229
-120.9041,20.1932,8.228
-82.1024,33.2541,8.228
125.0688,-4.2965,8.228
-47.5383,-44.3097,8.227
68.7188,-24.5404,8.227
131.7602,-5.6224,8.227
-114.5527,38.2549,8.227
-68.2131,-8.8416,8.226
113.3786,15.6083,8.226
69.7003,18.6372,8.225
-91.2990,-34.4888,8.224
-147.7940,14.5790,8.224
-4.2756,-8.0701,8.224
-117.5971,22.5119,8.221
-148.0036,41.2278,8.220
91.6558,-10.7955,8.219
-159.7215,7.7518,8.219
-155.3708,7.4072,8.218
168.8809,10.7993,8.217
147.7471,-3.2394,8.217
-121.9167,-48.4713,8.217
99.0256,-6.2780,8.216
-22.7058,-53.3108,8.215
99.2610,20.1165,8.215
49.8867,-57.6237,8.215
31.0784,-23.1772,8.214
-131.1548,6.1198,8.214
76.8750,23.2654,8.213
73.8436,-13.9334,8.213
-109.0988,56.1226,8.212
-172.0311,-0.9049,8.212
0.4028,-22.8782,8.212
50.3853,-26.1810,8.212
76.2692,18.9088,8.212
137.1509,39.2570,8.211
55.3711,-21.1237,8.211
-172.5165,-25.6481,8.211
-25.2644,52.8650,8.211
-131.0409,-32.6393,8.210
-157.0772,-6.4284,8.210
-160.7383,-32.9446,8.209
16.2192,-37.7586,8.209
123.9747,7.6673,8.209
-79.8477,-52.9137,8.209
-28.2582,-44.5094,8.208
-66.3790,-37.5124,8.208
86.7190,-4.7387,8.207
124.5572,-24.5821,8.207
147.2055,-25.9911,8.207
118.4169,13.1627,8.206
50.8714,-24.7633,8.205
-123.8225,9.1527,8.205
69.5215,-3.4135,8.204
56.5207,-45.2735,8.204
-174.4437,5.4658,8.204
176.0368,43.1548,8.203
-79.5491,-58.9079,8.203
-92.0694,34.5745,8.203
65.0024,-35.9465,8.202
-158.5614,-6.0467,8.202
109.2202,31.0892,8.201
122.7417,27.8875,8.201
-59.3721,-53.9041,8.201
160.0746,-38.5832,8.201
67.3113,30.3826,8.199
-18.6216,52.2493,8.199
144.9506,37.7670,8.199
83.3875,26.9486,8.198
-151.1683,22.0974,8.197
137.2463,-35.1887,8.197
-36.6303,27.6144,8.197
168.9803,13.5943,8.196
-149.1823,17.0663,8.196
-122.3508,57.0306,8.196
160.0452,8.8562,8.195
-62.4114,-39.8880,8.194
-140.4393,35.5973,8.194
-146.7314,-3.2089,8.194
112.1974,49.4303,8.192
-134.7087,11.7878,8.191
147.6162,-15.0825,8.191
-140.4323,9.0418,8.189
47.6275,20.4073,8.189
79.7768,-0.4557,8.189
23.3345,12.5868,8.189
93.2811,52.5328,8.189
5.2989,-14.0773,8.189
66.7727,-23.2799,8.188
-148.9690,-21.3688,8.188
-136.7158,-15.4784,8.188
-87.7507,8.3409,8.187
-125.4927,23.5687,8.186
73.3553,-49.4158,8.186
-156.4024,20.5461,8.185
86.8239,-47.4604,8.184
-8.7340,16.0501,8.184
-150.4330,-15.4783,8.183
4.4804,-19.6854,8.182
82.6071,10.0889,8.182
173.0946,40.6301,8.182
-86.4555,-54.2862,8.181
10.7561,-38.7136,8.180
134.3718,-58.9633,8.179
-163.9483,-8.1747,8.178
-145.1445,-20.3566,8.177
76.1278,7.1158,8.177
162.3208,-18.0450,8.176
-165.1705,40.8509,8.176
-99.1919,45.9592,8.176
-162.6285,-41.9783,8.175
-141.2511,-59.4964,8.175
163.9778,19.5930,8.174
17.5064,-30.3212,8.173
168.7996,-45.1184,8.173
-147.9761,39.1831,8.172
-20.3499,-44.8275,8.172
-135.2663,45.0835,8.170
-160.3671,-4.6817,8.170
68.2964,1.5129,8.170
-165.3165,13.6616,8.170
142.0224,5.2783,8.169
-19.1161,-56.2710,8.169
145.1046,45.9425,8.169
113.8070,37.4773,8.169
147.2117,-55.6104,8.168
-117.5443,13.5126,8.168
-93.2573,43.9787,8.168
83.9756,-0.8486,8.166
-140.8532,38.6703,8.165
126.2730,17.1541,8.165
148.0779,0.7136,8.165
-33.7917,-53.4152,8.165
166.8432,52.3404,8.165
2.0221,-9.9421,8.165
69.4889,-48.9990,8.164
93.3481,-43.9903,8.164
-138.4513,24.6080,8.164
142.6884,-7.8843,8.164
81.2294,51.6723,8.164
98.1626,-5.7317,8.163
122.1514,27.7951,8.162
-118.1316,-40.7810,8.162
-129.1103,19.3747,8.162
-147.6211,-31.8032,8.162
-60.1966,-55.6484,8.161
-168.4310,32.0880,8.160
-157.7293,53.4461,8.159
20.1419,-4.0501,8.159
-107.2301,49.9948,8.159
174.0161,-5.3190,8.158
166.2391,45.3340,8.158
-98.6719,43.7941,8.158
6.1185,-57.4819,8.157
177.8230,-20.9999,8.156
125.4228,31.4422,8.155
-147.7874,-16.7507,8.155
-112.3463,32.0405,8.155
-145.4485,40.6870,8.154
163.4676,18.8961,8.154
-162.4750,-46.0121,8.153
90.2524,43.3130,8.153
128.3930,14.8370,8.153
-125.3743,-40.9064,8.153
37.9696,59.1291,8.153
133.0241,-37.1323,8.152
97.9587,-32.1723,8.152
8.1774,-17.8496,8.150
-151.5355,36.3511,8.149
-144.6363,31.6817,8.149
135.3037,35.0229,8.149
-160.7403,-48.5896,8.149
-159.9988,43.2340,8.148
179.5564,58.3958,8.148
-15.1957,-49.2953,8.147
144.5022,-34.1295,8.147
-77.3305,14.8953,8.147
-51.5800,55.6900,8.147
114.4379,-0.3514,8.146
-165.9083,15.1544,8.146
39.0574,17.4717,8.146
-142.3532,-29.3826,8.145
153.2971,-40.7537,8.143
167.9510,-0.2014,8.143
-47.0395,-57.2683,8.143
99.9955,-34.8337,8.142
-144.2023,-51.5615,8.142
-170.7438,26.9229,8.140
35.5993,-24.8337,8.140
118.0837,-16.7567,8.140
-30.7825,-2.1835,8.140
-144.0460,24.8090,8.140
106.8682,-16.6816,8.139
164.5154,16.3326,8.138
-156.2649,18.3750,8.138
74.3131,28.6451,8.137
-87.7056,49.2915,8.137
7.3093,-35.5151,8.137
42.7393,-39.1267,8.137
68.1844,-37.6155,8.136
-148.7032,-1.5171,8.136
148.6867,20.4777,8.135
-115.6447,41.1753,8.135
65.4004,-36.5507,8.134
179.4330,-27.9502,8.134
53.2968,35.5721,8.134
120.1935,-47.0401,8.134
74.9663,-48.7014,8.133
172.9572,39.2559,8.133
105.6498,-52.2821,8.133
36.3642,-6.3748,8.132
-29.4921,-26.6820,8.132
-164.1895,-7.2284,8.131
114.4549,14.2494,8.131
103.9140,-52.2920,8.130
67.9724,24.1956,8.130
113.5976,34.9313,8.130
177.8473,15.1318,8.129
-58.9323,-18.9708,8.128
-116.8860,14.5108,8.128
-161.4951,-16.9230,8.128
-158.1319,-10.1976,8.127
106.2806,4.9194,8.127
-4.6877,-8.2250,8.127
-5.6009,-49.7191,8.127
-161.7198,28.8220,8.127
109.4132,12.8342,8.126
-140.2201,-38.4473,8.125
103.2070,-28.2909,8.125
135.2140,57.6674,8.125
79.0844,16.7036,8.125
-174.7509,36.4883,8.125
-95.2735,13.2812,8.124
-119.9724,30.5423,8.124
-97.6710,1.7522,8.123
-157.2774,8.7613,8.123
111.1087,12.9352,8.123
-155.3609,5.3002,8.123
154.2855,-39.7406,8.122
-160.7981,42.4566,8.121
90.7573,-50.0844,8.120
123.4200,-27.3546,8.120
-22.5494,-47.1212,8.119
-135.9550,30.5677,8.119
158.4321,12.7585,8.119
172.6201,-5.3434,8.117
-116.9514,34.7924,8.116
-100.6652,39.0419,8.116
87.5733,20.6203,8.116
-47.7171,4.3587,8.115
-113.2000,12.3152,8.115
-101.4726,13.7871,8.115
118.6946,-19.3293,8.115
-153.0241,35.5525,8.115
-35.5921,-52.4106,8.114
103.4292,-12.0417,8.114
36.8804,-29.5391,8.114
-145.0818,-36.6254,8.113
126.0904,32.3525,8.111
96.8685,-7.9445,8.111
-126.3129,-50.5214,8.111
-161.3651,-6.0716,8.110
-154.6587,-43.6264,8.110
-172.5067,2.7222,8.109
-156.5043,-0.1753,8.109
29.1864,16.2358,8.108
169.2713,-6.9559,8.108
137.3781,-52.0958,8.108
-166.4712,-49.5508,8.108
148.7324,-8.1419,8.107
142.3506,-10.4151,8.107
122.2475,30.3828,8.107
54.5626,9.7367,8.107
154.3523,-2.2387,8.107
-128.7544,-21.1380,8.107
-148.0377,17.0980,8.106
61.3316,-36.7821,8.104
142.5026,46.7541,8.104
53.3356,-59.9235,8.104
114.9836,-29.2657,8.104
-72.9493,-5.7807,8.103
109.6614,-47.1635,8.102
101.6460,19.8091,8.102
103.6829,20.4646,8.102
-25.3814,-59.1223,8.100
99.0070,37.8421,8.100
114.2666,5.9188,8.099
72.2416,27.4014,8.099
-161.1899,0.4293,8.099
-176.0807,16.2618,8.098
-121.7148,29.9992,8.098
72.9864,40.8385,8.097
-53.9826,-49.6211,8.097
116.3807,-5.1696,8.097
147.3290,48.0411,8.096
-51.8828,-53.7905,8.095
-114.7507,32.5867,8.094
-136.6160,-35.7491,8.094
151.2171,-37.5925,8.094
77.9042,11.3645,8.093
-134.4879,48.5640,8.093
1.5614,-25.2243,8.092
49.3313,-15.4884,8.091
-155.7352,44.1266,8.091
-129.0087,50.2084,8.091
109.1639,17.0236,8.090
42.3170,-14.0033,8.089
168.8969,25.6378,8.089
15.0267,-33.4056,8.089
-170.1900,2.3852,8.087
144.1117,34.0583,8.087
-161.8119,-18.5516,8.087
124.0809,19.5583,8.086
-113.9598,28.1240,8.085
-169.7553,41.8786,8.085
118.5389,-21.2195,8.082
137.7806,3.5764,8.081
106.5859,35.9242,8.081
-71.3316,-2.8106,8.079
16.4112,-34.9071,8.079
-174.0306,26.1269,8.079
-87.8441,51.7371,8.078
162.6414,24.7030,8.077
21.5771,-17.0339,8.077
125.9035,-5.8673,8.077
-176.1189,-13.6648,8.076
-124.3888,38.6231,8.076
171.1777,-28.0204,8.076
166.3948,43.0566,8.075
-156.7699,34.9438,8.075
159.1366,-1.8944,8.074
174.0532,52.2403,8.073
38.8902,-21.1005,8.073
176.2934,3.0621,8.072
155.4117,0.4020,8.072
117.8931,3.1653,8.070
-114.2492,33.9862,8.068
-93.6991,53.5582,8.068
-143.0020,-46.3349,8.068
23.1500,-35.5644,8.068
120.8797,-21.9113,8.067
-154.8088,-16.6544,8.067
-122.1443,1.3781,8.066
158.7633,-26.8226,8.066
146.5847,3.0519,8.066
-170.6272,54.2228,8.066
-104.8562,52.6858,8.065
-164.7963,32.6461,8.065
156.3093,-49.4610,8.065
-154.4932,28.4193,8.063
51.4554,-28.7156,8.063
-161.6726,13.3512,8.062
-156.0256,6.3455,8.062
170.7990,45.0984,8.061
79.0300,-41.3475,8.060
-159.3446,29.0586,8.060
-106.0666,2.9371,8.059
-119.5583,14.0498,8.059
-95.5793,20.9313,8.058
-25.5896,-18.5686,8.057
-147.0717,-22.7939,8.057
-167.0497,-25.3872,8.056
152.5190,30.6962,8.056
147.5912,5.1298,8.055
167.3774,-42.1287,8.055
169.5937,-50.7240,8.054
130.4015,8.1682,8.054
-162.0124,30.2763,8.053
-160.7669,34.0529,8.053
-57.7278,-45.7498,8.052
171.6248,36.7429,8.052
99.6708,20.4858,8.052
67.9181,6.5807,8.052
-171.8526,6.1821,8.052
149.5634,50.3603,8.051
-122.9611,32.1304,8.051
163.7740,-7.0670,8.050
-86.8216,32.1163,8.050
8.7512,-49.3148,8.050
127.1433,-41.5899,8.050
71.1388,39.5555,8.049
129.2730,-37.0296,8.049
108.9243,-15.1159,8.049
100.2187,3.5444,8.047
-160.4095,-25.4726,8.047
42.9281,-25.3188,8.046
-159.0185,42.2845,8.046
-117.5325,34.3346,8.045
152.3872,46.0831,8.045
69.7505,6.5074,8.045
100.9743,-35.4213,8.044
153.7227,21.1999,8.044
33.3461,-34.9525,8.044
-152.0741,-12.7249,8.044
-145.3467,22.5406,8.043
-112.8288,11.6706,8.043
114.8954,57.0855,8.043
-168.2048,51.0374,8.042
177.9842,20.2586,8.042
-50.8075,-34.0325,8.042
-143.5048,6.1560,8.041
79.1366,-21.9253,8.041
-89.0897,22.2697,8.040
-167.2453,-30.3611,8.039
92.4109,55.4735,8.039
172.1332,49.0592,8.038
116.2849,51.8194,8.038
-85.8175,-25.8736,8.038
-143.7957,-1.7164,8.038
104.7848,23.8523,8.038
62.5788,56.4706,8.037
-144.1179,-21.9461,8.035
96.0922,43.9128,8.035
-140.0895,-40.4689,8.035
61.4670,8.0099,8.035
24.7769,-59.7526,8.034
-174.3729,36.4080,8.034
-173.9055,-5.0365,8.033
100.3247,16.2530,8.033
173.6302,29.9489,8.032
128.0851,-4.8201,8.032
120.5593,-28.9690,8.032
17.3564,45.6607,8.032
154.5097,-56.6595,8.032
-129.5733,19.1970,8.031
-143.7504,-17.9683,8.030
97.3554,-48.4520,8.030
-117.8457,54.1251,8.030
143.8189,46.9551,8.029
-120.3390,46.0715,8.028
-20.4616,-39.3250,8.028
159.9032,17.0601,8.027
-163.5647,-15.3939,8.026
-31.1487,0.1747,8.026
87.3161,18.6391,8.025
-149.6185,42.4862,8.025
63.8556,-32.3468,8.022
-41.9511,-49.7302,8.022
-148.8321,-45.8037,8.022
-23.5998,-42.4526,8.021
165.4400,8.4444,8.020
109.0964,-39.5016,8.019
-87.7471,19.3154,8.019
158.2900,-16.0146,8.017
-178.2301,-13.4946,8.017
174.0267,51.6110,8.017
162.6458,23.3020,8.016
133.4531,45.8627,8.015
-133.1559,-42.5757,8.015
152.8243,11.6973,8.015
-57.0654,-35.8867,8.015
-54.4856,-50.4285,8.015
108.6274,14.6377,8.014
137.9462,-43.5341,8.013
-158.5661,24.3843,8.012
45.1254,-30.5358,8.011
121.9156,-18.0323,8.010
-92.1691,50.9365,8.010
94.7097,23.4894,8.010
-129.1017,-26.1918,8.010
-75.7592,15.3035,8.010
113.5404,-54.7238,8.009
-156.6487,-56.8643,8.009
-70.3282,-16.5618,8.008
61.3086,9.3436,8.008
156.1619,-12.5397,8.008
179.0228,2.3948,8.008
-45.0266,-15.0241,8.008
132.6816,43.2976,8.006
-86.8141,37.7673,8.006
-118.1149,-47.4195,8.006
-151.6437,23.4114,8.005
70.3435,-3.0804,8.005
121.3737,34.1652,8.004
-159.5447,-8.3626,8.004
172.0714,42.8620,8.004
21.0478,-41.7903,8.003
125.5849,23.8168,8.003
-118.7613,14.7237,8.002
-178.6920,47.9194,8.001
116.8240,24.3438,8.001
176.1329,-5.8407,8.001
-170.6110,-25.9059,8.001
94.7837,-3.8824,7.999
132.6820,-45.2683,7.998
-114.7152,5.8324,7.998
-69.3998,-16.9824,7.997
-176.4832,-30.3935,7.996
35.5446,-48.1491,7.995
-173.8008,-2.0720,7.995
-92.3434,31.7322,7.994
-169.5210,56.1760,7.994
150.6532,6.9672,7.994
97.1141,57.4695,7.992
27.9413,-47.0918,7.992
-109.5494,39.7536,7.992
158.8475,-5.5564,7.991
144.1290,-41.4420,7.990
175.6315,-0.7817,7.990
136.1314,-25.0366,7.989
-89.2259,55.5013,7.989
165.8000,-8.4281,7.989
37.5313,-6.7813,7.989
-83.6427,37.8573,7.988
84.5404,19.0872,7.988
34.6440,-9.5384,7.988
127.9073,26.3483,7.988
-115.3096,26.5906,7.987
42.4552,-25.1761,7.986
-6.4784,-7.7361,7.986
-154.2203,-8.1290,7.985
157.3425,14.2492,7.985
-61.3361,-11.5098,7.985
101.6310,47.7041,7.984
-122.2509,38.1477,7.983
-142.6686,-29.3731,7.983
-6.2835,52.1324,7.982
-159.0780,-5.1271,7.982
-137.0398,58.9468,7.982
103.6045,48.1452,7.982
-107.3160,-29.9608,7.981
50.6483,10.6177,7.981
-22.1190,-40.4781,7.981
15.0651,4.8882,7.981
39.4258,-49.6399,7.980
-91.8683,42.2283,7.980
30.5868,-38.2015,7.980
-125.5620,48.1405,7.979
-127.8498,-50.0690,7.979
-150.3233,-5.5243,7.978
55.2739,-34.2729,7.978
157.9721,-21.9592,7.977
-173.4521,31.2840,7.977
160.7878,58.4620,7.976
-134.2536,14.4092,7.976
-155.2643,1.6958,7.976
161.3744,8.7763,7.976
88.9559,-42.6965,7.975
42.0241,-29.2609,7.975
149.2041,12.9384,7.975
-133.7044,-2.6139,7.974
119.6435,-29.2913,7.974
-173.6036,58.6327,7.974
-114.7987,3.7582,7.973
-46.9063,42.0526,7.973
61.5039,-15.2938,7.972
-129.0636,51.2592,7.972
-102.4804,52.6853,7.971
-39.4572,21.3926,7.971
79.5954,30.1874,7.971
-32.0828,57.7342,7.970
152.7050,-48.7129,7.969
-140.1014,34.9493,7.969
-120.5902,-53.2144,7.969
86.6920,-39.6892,7.969
-162.4373,15.7917,7.968
-140.0783,39.7749,7.968
45.6278,-30.5420,7.968
173.8184,37.2900,7.967
-46.7068,-40.4534,7.967
-98.5604,55.9873,7.967
-157.5325,11.5161,7.966
-163.3720,7.3657,7.964
60.7431,4.9726,7.963
-23.1577,-42.3797,7.963
124.4699,-25.7133,7.962
91.3402,-0.1481,7.962
-112.0454,54.0102,7.960
-159.8997,-1.1027,7.960
75.9587,23.5143,7.960
52.2639,-50.4652,7.959
111.4421,21.9588,7.959
37.6612,-34.8431,7.959
-130.0959,-51.9924,7.959
70.8897,32.1960,7.959
-151.2438,-5.4354,7.957
99.3377,-37.3491,7.957
-144.4640,39.7908,7.957
-60.5528,-37.0593,7.955
-113.9677,29.9992,7.955
120.4617,25.1268,7.955
156.5174,-27.2163,7.955
43.2113,-56.7056,7.955
71.3170,-25.2533,7.954
-127.3421,-44.1909,7.954
36.2138,33.9051,7.952
95.3113,-28.0791,7.952
113.3886,34.1048,7.952
-155.6130,19.2411,7.951
94.6598,24.0137,7.951
-171.1489,47.9282,7.950
-171.7149,19.9987,7.950
-179.7209,2.0126,7.948
-150.5236,22.9981,7.948
121.6482,-14.8985,7.947
158.0346,13.8499,7.947
156.1748,12.4107,7.947
-49.1945,-55.2999,7.946
-24.1307,53.8495,7.944
155.8543,-16.1887,7.944
-175.0654,16.0061,7.944
124.0179,15.3321,7.943
127.0830,-6.8301,7.943
-31.3651,-28.6592,7.940
-134.2623,-48.1147,7.940
-161.5293,-49.3319,7.939
152.7125,-0.9414,7.938
-99.0957,46.3825,7.936
163.3335,-2.3771,7.936
-131.8581,-56.9865,7.936
-155.1017,37.5228,7.936
83.0645,4.2312,7.936
139.8000,39.4187,7.936
-143.5854,-39.4439,7.935
170.4354,-58.7041,7.935
21.7257,47.7023,7.935
-148.3656,22.1410,7.935
-52.1389,30.7408,7.934
-43.7681,56.2387,7.934
-177.3231,38.5891,7.934
52.9798,45.9617,7.933
144.0500,-25.5109,7.933
51.6500,-31.8608,7.933
52.1678,-24.3516,7.933
-165.1171,40.5897,7.933
109.0054,15.8840,7.932
117.0573,-18.3307,7.931
-66.3651,-2.7495,7.931
-77.1193,18.5552,7.931
-158.1593,-7.3073,7.931
-116.1867,14.6573,7.931
-81.2408,50.2728,7.930
161.4410,17.3719,7.929
-15.2302,51.5315,7.929
149.1762,-21.6330,7.928
-166.4021,45.9067,7.927
50.3808,32.6342,7.926
50.6737,-31.1810,7.926
155.9596,48.1242,7.926
-57.4036,-45.7639,7.926
-161.4993,37.9777,7.925
123.6303,-4.2289,7.925
-143.0186,-21.0509,7.924
36.0042,34.1160,7.922
-91.0404,51.2480,7.922
108.9131,5.6057,7.921
129.5941,-35.6468,7.920
161.3363,-42.9188,7.919
119.6571,23.2838,7.919
-119.6891,28.7178,7.919
166.8712,40.5607,7.919
-45.1818,40.3128,7.918
-163.3527,8.4543,7.917
-176.9149,11.4443,7.916
34.2200,-33.2997,7.915
-131.0435,-7.2774,7.914
-137.4472,39.0008,7.913
63.5337,-2.2676,7.913
161.6210,54.7658,7.913
-170.3878,47.9714,7.912
-84.1083,22.2327,7.912
-119.2302,45.7437,7.912
118.5732,-1.9064,7.911
96.6083,-51.5032,7.911
178.6390,27.6991,7.911
114.0068,-25.3232,7.911
-149.1822,-1.5855,7.911
-129.2139,18.0093,7.908
27.8783,7.8040,7.908
-160.8803,9.4225,7.908
120.8414,-44.0047,7.908
89.0694,-17.1710,7.907
-144.0874,50.8971,7.907
114.5256,-29.4230,7.906
160.3627,19.0713,7.905
32.4073,-57.4413,7.903
-104.0530,43.6757,7.903
59.0201,-16.9096,7.902
156.7827,-43.7743,7.901
-84.3518,47.9077,7.901
-155.3533,17.4504,7.901
-43.1594,-48.4673,7.900
-152.4538,0.9926,7.900
138.6344,35.8050,7.900
64.7931,-6.7189,7.898
68.1652,19.7045,7.896
81.9272,54.2706,7.895
-137.3319,-48.1977,7.895
102.5875,-20.2107,7.895
147.0046,-31.7181,7.895
133.8500,9.0309,7.895
-148.2746,-23.4635,7.894
148.4598,-38.3252,7.894
-132.9781,-27.8437,7.894
137.7729,16.0001,7.893
-92.1666,21.8764,7.893
-150.0028,18.6139,7.893
-112.6867,40.1034,7.893
138.6800,-55.8949,7.893
-69.8064,-22.8476,7.892
-24.0046,52.6829,7.891
142.0353,-1.4055,7.890
-140.8821,9.5307,7.887
141.2959,-56.3347,7.887
169.1862,17.0601,7.887
-85.7588,28.3332,7.887
-175.9192,-12.9929,7.886
136.5805,48.9588,7.885
-95.3521,42.0234,7.885
-118.5128,-45.7552,7.885
-173.1148,-16.9194,7.885
-165.5266,-57.8464,7.884
144.6454,-36.0525,7.883
-165.5053,40.5305,7.883
-95.9095,52.9004,7.883
-112.5776,58.6417,7.883
142.5534,25.4485,7.882
-153.0984,15.1193,7.881
130.8293,7.8900,7.881
168.9503,-22.8225,7.881
154.8810,-8.6183,7.881
121.6505,-4.2909,7.880
-148.4855,-11.8128,7.878
-170.7157,19.8531,7.878
-164.6317,-17.1362,7.878
54.9312,-27.3857,7.877
158.4820,24.2135,7.877
109.3693,-44.5423,7.876
41.7048,-32.9002,7.876
-159.6930,11.6648,7.875
150.0499,50.4683,7.875
-148.9419,-33.9501,7.875
-151.3130,-9.7009,7.875
-165.3877,-48.9814,7.874
-90.1131,55.5274,7.873
155.2684,-9.9149,7.873
179.7898,-26.7376,7.873
-102.8957,32.5709,7.873
-163.2525,-29.5375,7.872
-115.8318,-51.9605,7.872
171.1419,39.9809,7.872
-173.0264,9.2782,7.871
-166.2919,-12.0599,7.870
-177.8711,51.4139,7.870
117.1587,57.7674,7.870
-115.6925,13.7412,7.867
-165.0119,32.1371,7.867
164.3415,-2.7533,7.866
-151.0131,35.1077,7.866
114.5112,13.4453,7.864
119.5355,41.1422,7.863
134.2143,-28.7775,7.863
-112.0933,32.0090,7.863
-157.6008,28.3298,7.863
-179.1048,11.9901,7.863
-160.9490,27.3039,7.862
-62.3491,-19.5235,7.862
-58.0550,-27.5274,7.861
-62.0452,50.1119,7.859
106.1196,-9.4736,7.859
149.7457,-45.6544,7.858
168.3576,-55.5734,7.858
-125.2426,9.1956,7.858
-163.0843,45.5429,7.857
-136.7862,38.9220,7.857
-68.8024,-49.5797,7.856
-15.5041,53.1112,7.855
-87.0127,-57.0452,7.855
124.9046,6.9460,7.855
172.8756,1.4312,7.855
141.3014,-33.4262,7.855
166.5065,-1.0443,7.854
128.5594,3.1828,7.854
-122.7417,32.2330,7.854
10.3126,-14.9281,7.854
177.4731,-7.5544,7.852
146.0660,46.1970,7.852
32.8184,-36.3623,7.851
-76.8085,-41.0374,7.851
-61.4128,-24.0045,7.851
-141.5583,-47.6454,7.850
-97.3855,59.6214,7.850
88.5197,2.1043,7.849
137.1469,-8.9724,7.849
-20.4117,-30.7001,7.849
-49.4352,-26.2558,7.847
-58.9190,-13.9426,7.847
67.8223,-0.2824,7.847
-122.0669,-48.7177,7.846
-111.7407,-17.9621,7.846
117.7708,40.4753,7.846
-138.4434,38.1544,7.846
124.1356,-6.3473,7.843
-152.3140,27.6995,7.843
55.6300,-37.8850,7.843
32.3899,-35.7807,7.843
-25.2095,-29.1657,7.842
-57.9967,-48.3107,7.842
-116.2326,34.0627,7.842
-138.9409,31.7710,7.842
-135.0060,39.3443,7.842
135.4725,-28.0373,7.841
146.9073,30.9071,7.841
-146.3943,-29.1077,7.841
163.4755,8.0434,7.841
68.1577,11.3611,7.840
102.6983,-17.4656,7.840
-158.0363,4.9351,7.840
70.5004,-18.6853,7.840
-76.9792,51.8406,7.839
-65.8765,-52.4749,7.839
-144.0752,6.8994,7.839
102.6685,-21.6440,7.839
25.2039,-25.7511,7.838
153.8602,-43.6889,7.838
141.4260,6.7833,7.838
-158.6754,-7.2573,7.837
-157.3470,28.7636,7.836
-139.5432,-38.8089,7.835
-171.0411,51.5762,7.835
-117.9877,24.9067,7.835
69.1797,38.2548,7.834
145.0862,50.4170,7.834
-138.0133,-21.2324,7.833
175.2518,-2.0204,7.833
-161.8542,13.1394,7.833
162.4948,-6.0129,7.832
74.9875,-49.6022,7.832
-164.8837,35.4573,7.832
94.1565,-10.3970,7.831
5.5727,-14.0538,7.831
-172.9608,12.4281,7.830
12.3905,-36.8171,7.830
-150.4377,26.8696,7.829
-145.7698,0.0727,7.829
-130.7786,-4.9450,7.829
86.3748,57.1184,7.828
-93.0659,44.9465,7.827
107.8325,-57.3336,7.826
175.1204,-1.5590,7.825
-92.2355,34.2172,7.825
47.8541,-16.2135,7.824
109.6487,-33.1792,7.824
-47.8981,25.9069,7.824
18.9226,-29.5529,7.823
1.5957,-50.3494,7.823
-118.4956,15.5735,7.822
-97.0206,-27.1438,7.822
-161.9088,9.5120,7.821
-172.4916,20.6638,7.821
139.4032,-6.2924,7.821
151.0064,12.6567,7.820
4.6978,16.9631,7.820
102.6058,7.7464,7.820
158.5297,12.5118,7.820
-128.7808,50.9614,7.820
-33.8394,48.5489,7.819
-55.2100,-28.4493,7.819
-43.6752,-14.3804,7.818
174.8838,34.3256,7.818
136.1725,40.4678,7.818
138.2238,6.7822,7.818
115.6203,-47.8458,7.818
126.9164,19.9257,7.817
-49.9027,-45.4235,7.817
58.2591,3.2183,7.815
32.8177,23.6951,7.815
69.4378,-39.0122,7.815
141.6151,19.0375,7.815
105.3571,-26.4375,7.814
-78.6304,59.8633,7.814
16.7558,-34.6006,7.813
150.2237,-49.2915,7.813
-126.2369,22.1329,7.813
179.1428,-24.0018,7.813
82.7388,-14.9233,7.812
7.4678,-50.8308,7.811
144.5766,-56.6697,7.810
178.0840,10.2611,7.810
-37.3469,15.3764,7.810
-120.4959,29.3351,7.810
11.9474,-37.7844,7.809
77.5239,-47.6127,7.809
-163.2761,56.9349,7.809
100.6742,-7.2644,7.809
-162.4956,-36.8437,7.808
129.7067,13.5579,7.808
-12.1243,-27.9808,7.806
157.8387,25.2222,7.806
11.9459,-11.4433,7.806
106.9213,-4.0362,7.803
90.4887,32.8274,7.803
-162.2828,-26.0757,7.803
-99.5478,41.3829,7.802
-162.6760,-19.7700,7.802
-30.3171,-49.2468,7.802
-177.7310,4.6541,7.802
166.1295,-20.4638,7.802
13.6598,-31.9075,7.801
23.6045,-36.4833,7.800
-111.0122,26.9324,7.799
-49.5140,-51.1766,7.797
103.7009,-11.0600,7.795
11.7634,-56.5884,7.795
-134.6115,53.1299,7.794
-169.6469,-20.0874,7.793
-98.4360,36.7520,7.793
123.7389,-0.5663,7.793
-149.3587,41.4277,7.793
68.7339,-51.7466,7.793
136.6004,15.6762,7.793
-135.6245,44.0226,7.792
105.0529,-9.3988,7.792
171.1790,1.4490,7.790
-169.9598,12.4054,7.790
-135.6033,36.4651,7.790
130.5397,37.2317,7.790
154.1096,23.9072,7.789
126.7502,-1.4526,7.789
-4.6536,-23.1204,7.788
-70.8412,-2.9816,7.788
146.9912,-25.5049,7.788
96.3035,-6.0492,7.788
10.1929,-40.1894,7.787
110.2877,-37.6386,7.787
166.3078,-11.6903,7.787
141.3388,-0.4414,7.786
4.1540,-8.9204,7.785
-141.7589,14.8202,7.784
-66.0693,-38.6638,7.784
37.7844,38.2694,7.784
110.2922,-35.0341,7.784
7.1409,-11.3587,7.783
-72.0198,-35.7665,7.782
-177.8115,51.2328,7.782
96.4642,0.3152,7.781
-132.2131,-5.4933,7.781
-164.8775,43.5703,7.780
58.9528,29.4813,7.780
-100.8122,18.8281,7.780
76.5752,10.9101,7.779
167.6698,-51.8147,7.779
1.7315,-33.4811,7.779
-90.1123,-58.0814,7.778
116.4296,-37.6528,7.778
-0.4109,-51.0059,7.778
121.7057,0.5301,7.778
-83.4661,35.7044,7.777
116.7389,51.6084,7.777
67.0885,-56.6387,7.777
-166.4831,2.4283,7.777
-153.2398,-34.7668,7.776
-49.5703,55.8028,7.775
116.3446,14.7744,7.772
177.8592,57.9389,7.771
-93.7688,16.2759,7.771
139.1526,-12.8403,7.770
-172.9576,-1.4670,7.770
-93.7062,-1.2336,7.770
140.9492,45.6442,7.770
-56.2299,-47.0735,7.770
-97.0056,32.6605,7.770
-173.8283,-23.9129,7.770
-142.0447,34.4513,7.769
105.0761,-24.5763,7.768
172.1784,26.3928,7.768
75.1033,13.2474,7.767
91.4543,39.3249,7.767
-123.6939,0.2510,7.767
-172.7653,-31.2440,7.766
-139.0679,18.1601,7.766
37.8537,-26.2421,7.766
123.9202,-16.9362,7.766
-25.5356,-51.8529,7.765
-31.1125,31.6531,7.765
-158.7970,-4.5107,7.765
-153.4476,1.9286,7.765
115.5753,51.9089,7.764
114.0667,10.0094,7.764
121.6435,-40.1506,7.764
-176.5149,-11.1691,7.764
113.8318,-0.4106,7.762
-24.9755,55.3325,7.762
-175.8697,50.5023,7.761
46.3215,-3.5895,7.760
3.1971,-47.8438,7.760
-16.6422,-18.8480,7.759
-2.8650,-50.0014,7.758
109.5045,-0.7779,7.757
4.7005,-33.3870,7.757
-54.7545,9.0995,7.757
57.7199,-59.2399,7.757
-60.7170,-42.0562,7.757
-162.7948,54.8292,7.756
-133.6402,22.2033,7.756
-24.5335,51.2834,7.756
21.8196,-42.4946,7.755
148.9041,22.9993,7.755
60.6621,3.5233,7.755
136.2635,-26.3944,7.755
-26.8032,12.2270,7.755
91.0893,-30.4661,7.755
-160.5994,-39.2254,7.755
153.7547,21.4832,7.754
-177.4085,-2.0413,7.753
-169.2577,31.3818,7.752
29.3018,14.8132,7.752
92.5722,-4.1168,7.752
177.7638,28.2127,7.751
-179.4716,44.5670,7.751
-142.2205,20.0589,7.751
-163.5355,30.3504,7.750
-169.9351,-51.9798,7.749
116.9882,-36.0758,7.748
-140.9531,36.8409,7.748
-134.4154,49.0864,7.748
123.1898,-36.6389,7.747
-166.0249,54.8895,7.746
-133.4104,-2.4073,7.745
131.1039,-2.8092,7.744
120.4199,-58.8039,7.744
68.5803,28.6458,7.743
-159.0134,-36.2350,7.743
6.8837,-14.3449,7.742
-123.1670,-37.6885,7.741
158.7170,-22.2254,7.741
-119.5682,-56.0057,7.740
-47.4851,25.8585,7.739
74.9434,-20.6671,7.739
-171.1976,-49.3278,7.738
78.3450,2.5258,7.738
-139.7100,39.8206,7.738
-173.3156,-48.6092,7.737
-153.7011,21.1925,7.737
104.1313,21.4448,7.736
-149.1995,8.8315,7.736
144.6841,44.3290,7.736
-164.6986,42.3185,7.735
143.2255,54.0741,7.735
-154.5320,2.0142,7.734
155.3476,-5.0752,7.734
27.1456,-20.3659,7.733
-173.7149,-6.1260,7.733
-123.1681,28.7119,7.733
112.1074,43.6825,7.732
129.5917,29.6345,7.732
124.0272,-7.5648,7.731
-169.6291,32.1093,7.730
-121.2753,9.6645,7.730
153.0885,-39.6684,7.730
175.7962,23.9755,7.730
-1.9334,34.8003,7.730
-32.8569,-23.8198,7.730
-93.1719,26.0552,7.729
-174.9782,7.6992,7.729
-148.5640,47.4888,7.728
-132.3681,-32.5998,7.728
175.6464,-16.2350,7.728
165.1711,39.8684,7.727
165.4975,-46.7985,7.727
156.8138,50.8790,7.727
149.3509,-41.4921,7.726
-19.7125,-40.5393,7.726
42.3777,-28.3793,7.726
136.3222,12.6539,7.726
-38.6218,-42.1966,7.725
121.3219,-24.1656,7.725
163.0705,-19.3153,7.725
-156.8791,0.6004,7.724
-122.6442,32.9244,7.723
82.8333,-37.3518,7.723
-136.4244,-35.3425,7.723
-147.9786,-2.8670,7.722
119.7544,-45.9472,7.722
70.1771,1.6499,7.721
138.2839,4.0196,7.721
-100.9309,21.9089,7.721
130.8827,44.0778,7.720
114.0598,5.7109,7.720
178.4856,34.6017,7.719
-56.0375,-26.6570,7.719
-48.4890,25.4898,7.719
-171.5583,-58.5803,7.718
125.5624,-36.5593,7.716
174.0410,-22.2125,7.715
23.5376,-47.5732,7.714
-165.0533,-48.9078,7.712
6.9787,-56.6487,7.712
-122.0195,9.8363,7.712
-133.1290,-10.0299,7.712
-76.0922,5.2447,7.712
172.8260,-8.6276,7.712
-68.0735,-17.8916,7.711
-10.7638,-35.2546,7.711
-154.8870,3.1789,7.711
157.3808,-18.2581,7.710
33.9618,58.5213,7.710
-127.7894,-22.1659,7.709
-111.7512,56.1063,7.709
167.3905,-51.2323,7.709
100.1036,-7.8068,7.709
-147.0102,-6.6243,7.708
39.7248,44.7900,7.707
74.8087,14.8905,7.707
163.7239,4.3859,7.707
-79.1727,20.9729,7.706
-31.5097,-59.1094,7.706
-108.0832,30.9351,7.706
-60.9038,3.0475,7.706
-10.8211,-5.7732,7.703
158.6610,16.3237,7.703
23.6165,-23.1890,7.703
36.7750,-58.2851,7.702
-130.3355,44.2959,7.702
176.7995,-4.1585,7.702
-57.1924,-24.4242,7.701
65.9023,-13.1051,7.700
-144.1632,42.1515,7.700
164.5065,-2.4143,7.700
68.9344,-42.4301,7.699
119.7319,-35.9421,7.698
-55.7593,-20.7678,7.697
-120.7069,31.1224,7.697
168.9066,-49.8362,7.697
-4.8492,54.6203,7.697
164.8054,56.9393,7.697
93.0335,24.5241,7.696
111.0792,-4.3634,7.696
39.8821,-4.8761,7.696
-153.2200,30.9014,7.696
-26.2674,-19.2999,7.696
38.4067,-29.9432,7.696
-117.6437,0.3212,7.695
169.0630,-44.2229,7.694
-173.6239,33.1627,7.694
-133.0978,-4.0854,7.694
-62.9747,-5.7944,7.694
142.9799,-58.1670,7.693
120.9429,30.6350,7.693
-63.3015,-39.1673,7.692
-91.6623,24.7197,7.691
-139.0642,-32.2864,7.691
96.9922,-10.5722,7.691
175.7342,55.5345,7.691
-157.6324,3.3589,7.690
-172.4822,4.4503,7.690
103.9119,40.7503,7.689
-107.0782,32.8792,7.689
-176.9333,47.5685,7.688
-164.5288,45.1415,7.688
-146.7613,-12.6523,7.687
179.4320,49.0317,7.687
138.5435,-38.7983,7.685
-138.3885,-27.0907,7.684
141.6638,54.8490,7.684
-147.1913,-12.3267,7.684
-62.0627,-44.8040,7.684
-132.1205,20.8769,7.683
-153.0281,55.9093,7.683
152.1425,-19.2673,7.683
-102.9646,47.3555,7.683
159.0840,-42.9024,7.682
-137.5906,32.8893,7.682
151.9766,30.2917,7.681
145.7285,29.7228,7.681
167.2929,-19.4530,7.681
-143.6507,-45.1700,7.680
173.2869,45.1104,7.680
149.3178,2.9777,7.679
-177.0881,-11.5505,7.678
-127.8320,-55.5893,7.677
-172.1765,-42.8644,7.677
132.9390,14.6459,7.676
-168.5432,28.6255,7.676
-142.8920,-40.5683,7.676
-35.4446,-19.0589,7.675
128.8982,24.4309,7.674
132.0769,-13.1091,7.672
-90.1073,30.7399,7.671
161.6723,-40.9099,7.671
-136.0938,1.8774,7.669
150.6408,-57.5475,7.669
-5.3897,-36.5572,7.668
169.6154,-3.5800,7.668
-150.5892,44.3006,7.668
150.1564,27.2692,7.667
35.3696,-50.0132,7.667
96.3294,-1.3077,7.667
-121.1073,18.5602,7.667
4.5454,-13.7829,7.666
125.7483,29.1932,7.666
73.1907,-32.0306,7.665
-171.1789,6.5847,7.665
59.1476,-47.7852,7.665
-54.3025,-51.6299,7.665
-74.1411,-56.9998,7.665
125.3250,-10.6924,7.664
-165.6783,-41.9263,7.664
-44.1181,-30.3342,7.663
103.9463,3.7741,7.662
159.9862,-15.9950,7.662
-135.2694,42.3167,7.661
-154.7464,2.0350,7.661
-159.1000,-9.9403,7.661
-80.4925,52.5275,7.660
100.2750,3.8763,7.660
120.3571,16.2827,7.660
136.2210,-34.7284,7.660
51.4856,-10.0027,7.659
-4.5964,49.0457,7.659
-143.6225,-29.5089,7.659
-165.4557,17.9221,7.658
-126.3736,34.2615,7.658
142.5080,-20.6863,7.658
20.8698,-27.5255,7.657
-147.7481,-2.4733,7.657
10.8460,-36.5956,7.657
133.1818,-4.3120,7.657
158.0830,-30.9872,7.656
74.4400,-54.5485,7.655
179.5250,2.8970,7.655
-152.3821,44.1053,7.655
3.5442,-0.8629,7.654
-68.7971,57.2381,7.654
153.3384,24.5460,7.652
-150.6389,-9.4874,7.651
47.3834,-39.4582,7.650
-84.6535,57.9177,7.650
-170.5891,-31.2950,7.650
-94.3219,15.4691,7.650
177.6304,21.7941,7.649
136.6805,26.5696,7.649
-179.5473,39.3504,7.649
168.4484,43.3511,7.649
81.7583,-1.4988,7.649
-109.7602,-59.5761,7.649
173.9830,-5.1026,7.647
-90.6213,41.5815,7.647
-176.9617,-58.2812,7.647
-125.8014,-54.1401,7.647
84.4303,-4.5645,7.647
151.6773,-38.7742,7.645
168.7610,11.2743,7.645
-82.0057,11.7510,7.645
91.3963,-4.8821,7.645
152.6555,-55.4685,7.645
66.9666,1.4658,7.644
128.2583,-8.1053,7.644
153.7965,-39.8128,7.643
-51.2578,-43.5350,7.643
-132.6006,-22.5341,7.643
-162.5955,54.0498,7.642
138.9103,-56.5528,7.642
-97.2555,42.4876,7.642
78.0400,7.8487,7.641
147.3449,28.7555,7.641
163.6168,-49.5701,7.640
149.0192,49.7495,7.639
-133.7054,-28.8763,7.639
-168.4636,39.5598,7.639
-143.8207,-52.8132,7.639
106.2107,33.1600,7.639
7.1717,-4.7524,7.639
159.9856,33.2209,7.638
22.4965,-48.2209,7.638
-112.4454,48.7249,7.635
174.6502,-2.3859,7.635
45.7821,54.8306,7.635
122.9788,38.9856,7.635
54.4234,-58.0138,7.634
105.1473,-48.0060,7.634
36.9020,35.4782,7.633
111.6594,-46.4088,7.632
-24.8603,-59.5759,7.632
-147.1758,38.2588,7.631
-134.1799,-27.3767,7.631
-25.8198,-37.3386,7.631
97.3280,3.6946,7.630
-31.2443,-37.3679,7.630
126.4644,-55.0590,7.630
-115.7659,-15.4937,7.630
-155.8474,-11.5588,7.629
112.2736,42.2934,7.629
-168.5765,53.0908,7.628
19.4042,-30.0490,7.628
50.6238,-26.1045,7.628
-150.2645,48.4819,7.628
-166.4535,35.7941,7.628
160.2323,54.3444,7.627
-136.9636,15.7365,7.627
-150.2152,-28.0219,7.625
-160.6965,-7.8244,7.625
41.9819,-36.5524,7.624
-127.4370,-0.9053,7.624
19.4356,-28.3672,7.624
61.0416,0.9423,7.623
-149.7439,-44.9558,7.622
166.2190,5.8180,7.622
169.3821,-51.8103,7.621
-9.0256,-3.1289,7.621
-166.4070,-5.0761,7.620
-86.3463,-16.8934,7.620
-19.6178,-36.4000,7.620
-157.6407,43.5864,7.619
37.0669,27.6583,7.617
9.1889,-31.5803,7.615
-165.3129,35.8929,7.615
-117.0208,21.7891,7.615
-164.0739,-23.3178,7.615
-91.6848,39.6281,7.614
-152.2494,9.1894,7.614
124.3066,27.4425,7.614
-147.2119,-38.3248,7.614
102.3965,27.9945,7.613
29.5566,-35.7937,7.613
152.0437,36.5806,7.613
-175.3924,-9.8583,7.613
132.9739,24.6775,7.613
-72.7128,-58.8851,7.613
59.8650,4.8936,7.613
-127.1691,-38.0319,7.613
-47.8196,-52.2496,7.612
-117.8487,40.1054,7.611
178.5655,43.9938,7.611
128.6077,58.9544,7.611
128.1776,32.7019,7.611
143.7217,34.1566,7.611
157.9234,-40.4249,7.610
64.0757,-37.7519,7.609
158.9475,-5.0139,7.608
-163.3426,-28.6452,7.608
13.1748,-21.2906,7.608
-167.9287,-51.5467,7.608
-164.6113,-23.9266,7.608
175.1298,43.9192,7.607
-115.3472,-57.0263,7.607
-178.6159,5.5325,7.607
-37.6748,-41.1082,7.606
-163.9414,-17.6425,7.606
122.9080,2.2081,7.606
-160.3361,50.7286,7.604
-126.3385,9.1644,7.604
143.2157,22.5026,7.604
-70.1833,-0.6048,7.603
172.3151,32.4698,7.602
-148.9471,-5.0742,7.601
39.0241,-37.3176,7.601
154.5615,-19.1038,7.600
107.8410,25.7864,7.599
173.0232,-4.6419,7.598
165.2318,29.4694,7.598
-149.9178,24.2660,7.597
-161.5763,15.2593,7.597
175.4842,1.5271,7.597
-66.6970,-50.8891,7.597
108.6764,-5.0360,7.597
12.1534,-33.9413,7.596
64.3049,-3.2058,7.596
-123.2345,30.0735,7.596
150.1695,-6.5035,7.595
116.9394,33.4375,7.595
-150.3061,-9.4794,7.595
-79.3075,32.7897,7.594
127.7966,-15.6145,7.593
-168.1133,-14.6612,7.593
-128.5138,2.2880,7.593
-168.4714,3.6287,7.591
-139.0768,-13.6175,7.591
-75.6617,41.7787,7.591
-160.0829,2.4805,7.591
65.0920,-3.2668,7.590
84.0203,30.4958,7.590
-160.0702,-46.3382,7.590
61.4578,-55.6898,7.590
-27.4469,-56.3584,7.590
-92.1763,38.0178,7.589
-57.2063,-57.3392,7.589
33.3286,-25.4961,7.588
78.0256,6.3855,7.588
-45.1111,-41.5578,7.588
-161.8558,-32.4262,7.588
148.2430,-52.9544,7.588
-61.2006,-36.5454,7.587
-123.3732,21.3828,7.587
133.5354,10.8243,7.586
149.0061,-26.5310,7.586
77.0059,39.8552,7.586
70.4365,-57.2172,7.584
102.8532,-31.1152,7.584
143.5885,-41.2974,7.582
-155.3295,36.6513,7.582
-109.7530,-51.2050,7.581
11.6990,-49.1026,7.581
-162.7800,-48.6537,7.581
104.5000,4.7678,7.580
-65.7742,-40.1790,7.580
123.9082,-31.4687,7.580
-125.4205,-57.5190,7.578
132.6385,-33.0186,7.578
150.9801,-36.3230,7.578
9.6700,-47.2447,7.577
-157.2656,-2.9137,7.576
-174.6892,43.1115,7.576
-146.7517,-42.9586,7.576
-85.5173,-51.9115,7.575
-52.9996,56.6969,7.574
-169.7995,28.3810,7.574
-169.3081,17.6295,7.574
44.6603,-52.6817,7.572
135.7433,-34.6455,7.572
88.3013,-33.2319,7.572
-65.0912,-10.4558,7.571
-89.1516,41.7958,7.569
-6.9048,-8.6841,7.569
-106.8712,-36.1291,7.568
163.7033,18.8226,7.568
-111.2722,51.2349,7.567
84.5079,30.7385,7.567
-152.3434,35.3722,7.567
78.2663,34.9298,7.567
140.3221,11.9855,7.566
84.6773,12.3533,7.566
92.5390,33.6870,7.565
-140.1770,15.3311,7.565
60.4016,4.7732,7.565
39.8207,-21.0434,7.564
-16.9888,-46.4965,7.563
-117.9917,-48.0227,7.563
-121.4159,19.3474,7.562
-143.5585,-2.1910,7.562
169.0871,46.0002,7.561
149.9631,20.5294,7.561
-124.6293,27.4051,7.561
-108.5216,-53.0978,7.560
91.6519,12.4882,7.560
126.7841,35.6171,7.559
133.0380,9.8229,7.557
-164.0722,-50.4161,7.557
-17.9118,-17.0520,7.556
98.1819,36.1160,7.556
-167.6417,-3.0726,7.555
-168.3391,44.2292,7.555
-172.2603,30.3815,7.555
60.2144,7.4471,7.555
147.0820,4.9825,7.555
-177.8771,-24.1022,7.555
-136.6663,3.0605,7.554
-164.4646,-12.8025,7.553
94.6131,-25.2591,7.552
151.1541,-0.5050,7.551
-133.9809,-21.6336,7.551
-151.1601,-1.1837,7.550
-91.9128,-23.8107,7.550
70.5735,18.2943,7.549
-83.1519,-47.6010,7.548
38.0843,-57.1601,7.547
139.6428,5.7933,7.547
-1.5250,31.6328,7.547
-178.4067,-10.6220,7.546
-154.1059,-38.7863,7.546
-97.2553,46.2653,7.546
-173.8796,-23.1083,7.544
143.9920,-53.3104,7.544
-47.2005,-51.4264,7.544
116.7065,-18.9851,7.543
-50.9860,52.7787,7.542
174.5456,-22.8373,7.542
-170.5123,35.3758,7.542
-36.1982,-33.2412,7.540
-150.4582,-33.6844,7.538
-173.9522,-39.8659,7.536
118.7369,35.3815,7.536
179.8336,10.7014,7.536
-162.8946,0.5252,7.535
-10.8708,-49.4193,7.535
-174.5054,50.1105,7.535
57.7963,38.2636,7.534
-75.0360,11.5134,7.534
-124.6260,-57.2981,7.532
161.6937,47.2119,7.532
156.3984,1.5590,7.532
-23.2731,56.1148,7.531
-176.3570,15.6937,7.530
59.9896,59.9871,7.530
154.8167,-33.4512,7.529
-25.4443,-55.2930,7.529
-164.0431,45.6625,7.529
155.1931,23.6625,7.529
-159.1720,58.2616,7.529
68.6056,-17.4056,7.528
133.6576,29.0166,7.528
-160.9121,3.3886,7.528
44.6838,53.2605,7.528
-85.9629,15.2719,7.527
-175.5731,38.1243,7.527
-15.2960,-51.1960,7.527
-179.2305,0.4629,7.526
-158.0878,23.0808,7.525
92.3655,13.6188,7.525
120.9315,-0.1006,7.524
89.4182,35.0047,7.524
175.4156,17.8138,7.523
-123.7756,30.2922,7.523
170.2835,-18.1363,7.523
-58.4257,-20.0742,7.522
112.3587,-0.2626,7.522
75.1384,-0.7044,7.521
144.0073,-5.9336,7.521
-153.7481,-15.1686,7.521
157.9910,53.9084,7.521
10.8742,-47.1053,7.521
64.1269,58.8880,7.521
-66.6684,-30.5924,7.520
117.9350,40.3214,7.520
-91.8203,45.8091,7.520
-173.6995,-53.7020,7.520
51.0946,-30.6857,7.518
117.5658,53.1002,7.518
60.7413,33.6386,7.518
121.5300,39.6340,7.518
-171.5975,-24.3352,7.518
-157.8886,0.9199,7.518
147.6373,30.2377,7.517
65.3941,-49.0137,7.517
-139.6878,35.3379,7.517
-177.9124,12.2171,7.517
178.6661,1.3123,7.517
115.8149,-43.9217,7.516
164.9324,19.4591,7.516
-142.3975,32.6894,7.516
-167.9781,-2.4585,7.516
33.8462,-40.1514,7.515
26.7763,-41.2893,7.515
-124.0804,12.0378,7.515
-171.2486,42.7415,7.514
-167.1503,-47.3170,7.514
132.8647,7.5506,7.514
74.2861,-38.0612,7.513
2.9721,-11.3854,7.513
-163.9872,42.3517,7.513
-123.0031,38.8906,7.512
-171.3336,53.0541,7.512
-66.5065,-19.4343,7.512
100.3351,17.9630,7.511
-168.0204,25.2431,7.510
159.5490,-3.0894,7.510
-162.6518,-26.4169,7.510
78.7932,-11.2488,7.509
-142.2720,33.3178,7.509
131.6889,37.6064,7.507
-131.7962,7.9591,7.507
113.3242,-39.9632,7.505
-156.5363,31.6910,7.504
153.6925,-18.4961,7.504
127.3856,-9.4284,7.504
113.9484,15.5544,7.504
-48.7977,-54.5940,7.503
114.5060,-29.7020,7.503
5.6710,6.3212,7.503
-19.0246,-52.6674,7.502
-161.1227,53.4529,7.502
64.8010,-33.6675,7.502
66.0605,7.4992,7.501
-159.8726,0.0169,7.501
-173.9885,10.9689,7.501
106.1142,-52.4643,7.501
116.2171,15.2408,7.500
-121.2640,-45.0029,7.499
64.4423,-32.3250,7.499
107.5663,55.7769,7.497
-174.2090,33.8868,7.496
95.4326,-27.5330,7.494
145.3142,-22.0993,7.494
138.9317,-31.0439,7.493
-100.7036,36.1635,7.492
-163.4441,13.1984,7.492
-45.8741,-52.2479,7.491
-11.2753,54.5807,7.491
-171.8750,39.1938,7.490
-19.6110,-43.9383,7.489
41.0963,-13.5633,7.489
73.6566,36.1256,7.489
-118.9216,59.7388,7.489
161.3807,-22.6580,7.489
116.3446,47.6167,7.489
-9.8377,-48.6742,7.488
95.1914,-33.0750,7.488
-99.5263,-43.9591,7.487
130.9959,-14.6433,7.487
-61.7105,29.1293,7.487
61.8572,27.3549,7.486
62.4116,-17.1997,7.486
173.8901,54.5995,7.485
-110.5326,42.6943,7.484
152.6994,32.9762,7.484
118.5203,2.1107,7.484
23.9385,-47.9791,7.483
-148.9088,22.5812,7.482
151.5919,-44.4394,7.482
-95.7864,37.2376,7.482
25.2532,-34.8845,7.481
-171.5146,-37.2559,7.480
103.6488,-58.9153,7.480
85.9481,34.6395,7.480
-45.7606,-33.5911,7.480
73.5211,-3.2813,7.479
100.3722,19.6501,7.478
-150.0038,-24.4782,7.478
36.4415,44.1318,7.478
-132.0112,-42.9151,7.478
-147.3168,-16.9328,7.477
178.7783,-24.9216,7.477
-111.9693,30.2082,7.476
42.4100,-39.6806,7.476
-165.9104,-28.2801,7.475
-162.2076,42.3330,7.475
-142.3893,27.9587,7.474
-136.8180,-53.8343,7.472
-149.3028,56.3869,7.472
153.2615,-15.7437,7.471
67.8461,2.4592,7.471
-170.4629,29.9683,7.471
-57.7492,-58.7968,7.470
-170.9585,18.9608,7.470
-92.5965,45.6806,7.469
-177.8030,-35.4204,7.469
-47.2945,49.2448,7.469
75.4444,-35.4724,7.469
-72.9650,4.2343,7.469
-26.7890,-21.1117,7.468
-99.0887,33.7149,7.468
-68.9832,-34.0414,7.468
38.7675,-20.8205,7.467
-144.5735,47.9878,7.467
-117.5397,-44.1291,7.467
135.9040,-7.6507,7.466
-67.4017,6.9619,7.465
-130.6825,57.0719,7.465
-155.8687,-45.9326,7.464
-112.7800,24.6567,7.463
76.9391,-28.6858,7.463
140.1606,-35.3567,7.461
104.5778,-20.1343,7.461
-138.2562,32.6955,7.460
-93.7513,48.2347,7.459
155.8353,35.0009,7.459
97.3008,15.1622,7.459
101.9678,50.8689,7.458
131.4021,-29.1864,7.458
-162.8932,-54.1870,7.457
-171.7579,38.3227,7.457
93.8906,46.0797,7.457
-150.1740,23.2072,7.456
47.5809,13.0929,7.455
-61.3581,-6.0702,7.455
-124.9735,-12.0462,7.455
40.8001,-58.1362,7.454
66.1697,-58.7734,7.454
-132.9761,24.0121,7.454
-173.5472,37.0714,7.453
132.8261,45.6923,7.453
-62.1028,22.9699,7.452
-157.9379,4.3419,7.451
59.2515,52.3255,7.450
139.8090,11.0571,7.450
-157.4565,19.4949,7.450
16.0968,-28.4483,7.450
37.7643,-33.0484,7.449
135.2298,-5.8152,7.449
-167.7683,-21.7576,7.448
40.4611,-13.3149,7.448
160.6361,6.5563,7.448
-74.9806,3.8801,7.448
-16.5421,-47.7556,7.447
-47.1833,-55.4053,7.447
-15.9230,-45.2878,7.446
-130.6568,-5.1106,7.446
-159.8435,15.1479,7.446
-162.3002,6.4892,7.445
-142.2610,40.4855,7.445
-43.6231,-18.4581,7.444
173.3352,-2.8243,7.444
-162.8449,-47.3126,7.444
-177.5291,-25.5794,7.444
-165.2625,-28.1870,7.444
-43.5086,37.3428,7.443
35.1461,-58.6175,7.443
165.1240,-17.7135,7.442
-34.0154,56.0559,7.442
73.5944,-33.0813,7.441
-111.5749,34.1959,7.441
-136.2669,-29.3392,7.441
172.5870,55.0500,7.440
9.2984,-27.4792,7.440
0.1828,-35.3775,7.440
0.7463,-50.5540,7.439
-109.2186,42.3331,7.439
-150.8597,34.7237,7.439
135.6510,34.6438,7.439
141.8232,9.7593,7.438
-172.2503,12.3649,7.438
162.3399,-3.5147,7.438
-121.5438,-46.6948,7.438
-93.0708,41.5522,7.438
62.8817,-38.7949,7.437
-156.2369,46.3303,7.437
158.4977,5.6370,7.437
-162.3666,16.6719,7.437
12.1625,-3.0725,7.436
-137.7390,28.5630,7.435
-101.2457,-40.4722,7.434
146.9203,-57.2822,7.434
-143.6763,-22.0587,7.434
144.5652,47.7608,7.433
-14.7301,-23.0112,7.433
-120.7088,30.9134,7.432
178.1551,27.3640,7.432
-18.0009,-45.7355,7.432
-169.9083,12.6315,7.432
41.5243,-40.3155,7.431
99.3528,-13.2204,7.431
-157.8165,-8.0300,7.431
-161.5386,-46.5168,7.430
98.2192,-29.3799,7.430
6.9316,-15.5340,7.430
65.6760,35.9614,7.429
-60.8296,-56.7989,7.429
66.7726,-29.0355,7.429
135.7702,-26.1975,7.429
-92.0005,48.7555,7.428
137.0920,-50.5183,7.428
160.7550,-47.8520,7.428
-132.4488,34.0140,7.428
-10.9684,-55.7750,7.427
-130.5503,-51.4609,7.427
21.4637,-4.1327,7.426
164.6691,-13.5841,7.426
101.3699,-28.3874,7.426
-163.2112,-25.6186,7.425
157.9606,-19.5588,7.425
-28.5344,-40.1225,7.424
-125.9544,48.3068,7.424
132.9907,13.8223,7.424
-24.2744,-57.9730,7.424
-51.7777,-53.2097,7.424
-158.3294,-21.8624,7.423
166.8827,7.9902,7.423
-127.2779,-52.4385,7.423
114.2424,15.2752,7.422
-153.8222,6.4026,7.421
-176.9835,-5.9492,7.420
9.7314,-6.0167,7.419
107.4166,43.2578,7.418
130.4089,-36.9371,7.417
169.0229,10.1658,7.416
-49.2355,-41.6123,7.415
123.3772,23.8048,7.415
52.5910,8.0879,7.415
79.7503,15.9402,7.414
179.4470,25.0712,7.414
169.8561,-55.9046,7.413
-75.1291,-53.6572,7.413
-143.5588,34.4215,7.413
154.9556,5.0479,7.412
112.1563,30.9306,7.412
-21.7499,-30.5806,7.412
-120.9862,29.4230,7.412
-159.8523,34.3519,7.411
-154.6896,-17.5747,7.411
-99.9713,45.4120,7.411
55.3669,-17.5965,7.410
174.4123,-7.6138,7.410
-117.9409,27.2137,7.410
158.2688,7.7595,7.410
147.0368,-24.9155,7.409
-140.9014,-11.9840,7.409
-68.9984,-0.4827,7.409
-124.8261,38.5275,7.409
162.8579,12.7567,7.408
-152.1155,14.4856,7.407
164.7714,18.8883,7.407
-15.2060,-32.7504,7.407
-139.0472,10.4631,7.407
142.7811,26.3816,7.406
125.1826,32.5324,7.406
160.8405,40.5735,7.406
25.2321,-10.5853,7.406
-107.9670,14.4861,7.405
-175.7416,-10.5092,7.405
111.3177,25.7215,7.404
-172.3047,-17.3740,7.402
62.2775,42.6112,7.402
115.4457,37.9433,7.402
133.6731,-3.1029,7.402
110.2179,-2.3321,7.402
-34.0146,-42.9568,7.401
147.3008,-25.0643,7.401
-119.1715,16.0716,7.400
65.2314,-48.4269,7.400
18.3107,13.7736,7.400
158.3881,-52.7941,7.399
-88.8610,20.5013,7.397
167.9404,-0.9379,7.396
132.0467,31.7622,7.396
5.8575,-31.9433,7.395
-64.2886,-2.5074,7.395
137.4400,-1.1556,7.394
128.5418,57.8965,7.394
-44.3811,37.3919,7.394
107.5727,31.2660,7.393
165.3577,-45.9484,7.393
74.8150,48.0314,7.392
-36.0481,-41.5596,7.392
160.5098,-48.1626,7.392
116.2860,14.5067,7.392
108.8315,-7.8804,7.391
163.0128,-19.7318,7.391
29.7145,-25.7194,7.390
93.2115,53.3281,7.389
148.7987,-47.4779,7.388
153.9598,44.7686,7.388
-113.1594,-46.6656,7.387
105.6906,30.3539,7.386
63.2449,-38.5671,7.386
-41.1973,-57.5072,7.385
-177.5340,11.6369,7.384
127.8646,-37.5063,7.383
-46.1348,-9.2342,7.381
-162.0539,26.0454,7.381
15.6898,-5.3421,7.381
119.4657,7.8877,7.380
-88.9982,12.3492,7.380
158.2564,31.0919,7.379
-97.8626,41.6622,7.379
149.9418,33.2182,7.379
-3.5837,-30.9562,7.378
-54.0145,58.0948,7.378
-96.1198,53.0349,7.378
-130.5109,21.9747,7.377
-179.8569,15.3172,7.377
50.4179,-29.0041,7.377
152.9974,32.5404,7.376
-61.1611,-40.6349,7.376
149.8099,-38.8019,7.376
69.6523,4.4185,7.375
127.6292,-58.8404,7.375
-1.4588,-30.4621,7.375
162.2590,43.5972,7.374
-167.6889,-52.6858,7.373
-132.0901,36.5072,7.373
-62.4058,-19.9531,7.372
-40.6715,-32.2236,7.372
127.9406,3.7072,7.372
143.8838,-52.5042,7.371
41.3631,-49.4374,7.371
135.0902,30.4620,7.371
140.5809,-31.4825,7.371
-29.4962,-37.3679,7.371
151.2846,37.6395,7.371
-163.7163,8.5698,7.370
130.9889,-11.0977,7.369
31.8243,2.8873,7.369
-158.6523,0.0071,7.369
145.5204,8.1328,7.369
-41.5508,-41.2977,7.369
16.5261,-29.2454,7.368
-112.4011,-54.5216,7.368
103.3064,-58.2837,7.367
-44.7977,-44.6943,7.367
154.6123,-9.2989,7.367
-118.6132,45.6157,7.367
3.4050,-19.9545,7.367
-84.3740,-35.5129,7.366
-178.0912,47.9515,7.365
56.0417,-45.4161,7.365
96.5662,-38.6792,7.365
57.9254,50.9204,7.365
-6.9696,-36.1545,7.365
-22.4668,-53.0976,7.365
65.5094,39.2989,7.364
19.7028,-17.9723,7.362
-87.0456,42.8537,7.362
-174.2126,38.5332,7.362
-75.9573,-53.6316,7.361
72.3559,26.8977,7.361
175.8590,25.4945,7.360
60.0652,8.7101,7.359
64.5769,-48.4323,7.358
-59.3040,-19.9013,7.358
-159.4457,20.7986,7.358
-41.5506,-43.9980,7.358
63.6123,-1.9739,7.358
-92.7001,21.2778,7.357
177.7748,-10.0353,7.357
158.6772,-41.5202,7.356
59.0270,-44.4911,7.356
-119.2606,-58.4929,7.356
-162.9120,49.2416,7.356
-126.0108,58.1377,7.356
-36.0018,-32.4020,7.355
147.8037,-2.7608,7.355
144.8060,24.1049,7.355
-138.2226,13.6098,7.354
165.3674,21.5053,7.354
26.6305,-15.6582,7.353
-95.0522,22.2733,7.353
164.1411,36.3961,7.353
-159.7696,-55.8081,7.352
-51.0657,-38.9897,7.352
-137.9166,-32.2904,7.351
154.9432,16.9111,7.350
-126.1055,57.6774,7.350
113.1469,21.3338,7.350
-132.6634,-22.9948,7.350
167.0795,-45.0512,7.349
-134.1879,-2.6245,7.349
71.0415,29.6143,7.349
-155.2861,41.1300,7.348
110.6690,30.3707,7.348
-91.7513,38.4838,7.348
55.8758,-38.0924,7.348
170.7565,26.7169,7.348
-168.1325,51.2397,7.347
111.0943,25.9138,7.347
105.5925,14.5710,7.346
-107.5269,28.8660,7.346
-150.5826,-47.8538,7.346
-171.1125,54.8338,7.346
-171.3157,-33.4867,7.345
103.8688,48.6461,7.345
-44.6678,-16.7473,7.345
178.4832,20.2784,7.344
-168.2869,-54.0634,7.344
-108.5967,-45.0957,7.341
67.1176,-9.6414,7.341
-149.7765,-4.8081,7.341
109.8501,-44.9051,7.341
133.3272,-29.6190,7.340
-149.0952,24.3742,7.340
170.3973,48.5150,7.340
26.4955,-31.6727,7.340
178.0113,2.8403,7.340
-164.8822,25.7726,7.339
-83.9746,13.1498,7.339
135.7087,33.0079,7.339
-168.2887,-47.8939,7.338
-31.2854,55.8702,7.338
-26.7182,53.1825,7.337
166.4557,54.4364,7.337
-87.2977,-53.6693,7.337
73.5722,6.5362,7.337
-165.1777,-11.9662,7.335
70.3435,-6.8525,7.335
80.0260,54.0377,7.335
-159.0860,-22.4024,7.335
157.5679,13.7381,7.334
161.7694,41.0918,7.334
173.2710,-3.5739,7.334
-124.0170,-12.3932,7.334
-167.7500,-20.9371,7.333
-86.9598,55.7538,7.333
123.4629,32.6694,7.333
-117.9076,18.0191,7.332
-96.6558,41.1327,7.332
36.5560,-37.7027,7.331
-165.4912,-12.1845,7.331
-134.8279,24.5219,7.330
65.2099,-3.5715,7.330
-36.2381,-25.7553,7.329
-144.1157,-6.3607,7.329
-88.5809,-53.3671,7.329
172.6096,49.5194,7.329
77.5675,2.1816,7.327
117.7174,-36.4787,7.327
76.7581,34.6509,7.327
-53.7873,46.5069,7.327
-92.7951,41.7903,7.326
164.2109,19.9126,7.326
177.6102,11.1454,7.325
-86.1283,24.8686,7.325
86.6413,-9.8123,7.324
-19.9216,52.2562,7.323
-33.8946,52.6197,7.323
142.1630,55.6064,7.323
-76.8984,-14.1763,7.322
-170.9212,16.2924,7.322
179.4282,-55.6068,7.322
47.8820,-13.3559,7.321
-119.3907,-8.8946,7.321
40.6618,-19.6888,7.321
-79.6155,-23.2525,7.320
35.0916,-32.8744,7.320
-126.4891,-12.1194,7.319
-73.3785,8.2758,7.319
65.9781,-28.1105,7.319
65.7121,-4.6988,7.319
94.5129,52.8675,7.318
-86.7455,-52.7210,7.318
133.1863,-28.8073,7.318
158.1089,-56.8253,7.318
-175.9456,30.8631,7.317
-161.7229,44.9643,7.317
-2.8931,-40.4531,7.316
-135.6530,41.0165,7.316
168.0327,2.3629,7.315
145.8733,-42.4127,7.315
-5.1569,-45.4186,7.314
143.3802,30.7747,7.313
-175.3717,34.9666,7.313
122.4277,-38.2680,7.313
-65.1780,-52.3544,7.312
-22.5173,-35.6782,7.312
23.2411,59.6681,7.312
-119.0476,0.1132,7.311
138.2913,53.1175,7.310
68.9665,9.2977,7.310
101.1592,25.0608,7.310
-45.1651,37.8760,7.310
142.2740,19.9602,7.309
-27.5437,52.3167,7.309
108.8581,34.4679,7.309
-46.5400,44.0703,7.307
49.4030,27.8084,7.307
-4.5744,-25.1961,7.306
-162.2391,-4.4435,7.306
-131.9257,-9.2443,7.305
84.1421,12.9529,7.305
-49.5450,-26.4406,7.304
-168.5907,-18.3382,7.304
173.4380,48.9397,7.304
-131.3567,23.9086,7.303
-27.4644,-59.4165,7.302
-35.5016,-51.7362,7.302
72.7465,-0.0684,7.301
-55.6983,15.8775,7.300
-42.3632,51.9380,7.300
-148.4857,-22.4347,7.299
-113.7245,3.3132,7.299
-7.4790,-6.1913,7.298
49.6020,-43.7375,7.298
-26.5492,-37.8988,7.298
141.7608,33.4749,7.297
45.1632,-18.9018,7.297
-122.2346,51.5660,7.297
67.4913,29.1934,7.297
10.5012,-47.9366,7.297
65.6691,24.1052,7.295
-170.2824,53.1528,7.295
-23.4825,-16.5318,7.294
174.1710,1.0976,7.293
-89.9724,42.6704,7.293
-170.8854,33.1419,7.293
129.8966,-4.9834,7.293
178.2968,-8.3694,7.292
17.4933,4.6428,7.292
-47.6184,27.9546,7.292
29.0750,-31.7228,7.291
10.3918,-38.2939,7.291
153.9812,-23.7208,7.290
-173.9893,-28.2032,7.289
109.5959,-40.5576,7.288
144.9686,-7.6915,7.288
179.3268,20.3126,7.288
-120.0410,6.1344,7.288
12.2469,-4.0073,7.286
12.6628,-2.6281,7.286
4.1712,-25.0272,7.286
132.9079,-40.0740,7.286
-74.5433,8.6823,7.286
67.9914,6.8280,7.286
69.3894,40.3004,7.285
-161.9207,45.1852,7.283
165.4126,-57.2397,7.283
177.3422,1.1668,7.282
-148.5269,-55.6588,7.281
-19.1625,-59.1144,7.281
64.1202,58.8871,7.281
-134.0687,-2.3954,7.280
-162.0392,-47.4934,7.280
25.1331,-35.2980,7.280
-48.5314,47.2291,7.280
40.7761,-39.3841,7.279
-26.3176,-52.4464,7.279
-158.4764,34.9977,7.277
-156.7900,23.8456,7.277
109.8273,-43.8873,7.277
20.1808,-36.4750,7.277
-144.8515,19.3512,7.276
-175.8534,33.1700,7.276
107.5474,35.2140,7.276
31.4509,-1.9973,7.276
169.8144,10.4959,7.276
170.0830,23.5225,7.275
130.9833,-9.2553,7.275
169.0723,-8.1338,7.275
140.3547,-32.2645,7.274
-50.1069,-30.9987,7.273
-171.6852,6.6131,7.273
42.6051,-10.2276,7.273
-179.1437,38.5593,7.272
170.2327,-48.0427,7.272
-127.4051,-37.8303,7.272
-161.8041,52.6096,7.271
-131.7392,-32.0983,7.270
155.1115,-4.8065,7.270
88.2613,-33.5279,7.269
131.5567,50.3969,7.269
-22.0807,-55.4451,7.269
-65.7578,-0.2401,7.269
161.5090,40.8853,7.268
157.9423,3.9920,7.268
-102.7047,39.4650,7.268
-15.4766,52.3238,7.267
112.7652,-11.2151,7.267
49.3819,15.3110,7.266
146.8981,28.0916,7.266
-158.7491,-2.2236,7.266
-105.9735,29.8680,7.266
43.6127,43.0459,7.266
179.8840,59.9050,7.265
-57.4666,-10.3882,7.264
-113.8602,22.9260,7.264
-23.7455,-47.5993,7.262
58.8323,57.7081,7.260
172.4303,54.4025,7.259
-159.9351,-26.1108,7.259
111.9267,50.1720,7.258
-134.9090,-18.1459,7.258
50.5582,-46.6060,7.257
-63.7185,-59.0367,7.257
-172.6346,24.9632,7.257
-42.5382,-35.4052,7.256
-173.0976,-1.3952,7.255
86.1170,-30.8049,7.255
-144.1112,-41.9342,7.255
155.1585,-9.2274,7.254
36.3003,20.0150,7.254
-1.9424,-26.1725,7.251
-154.1671,26.5734,7.251
-54.6681,-41.2977,7.250
47.1764,43.3582,7.250
-121.7174,-54.2959,7.250
-141.7203,32.2191,7.250
27.3169,-25.6288,7.249
81.1603,32.5303,7.248
8.9168,50.5838,7.247
-41.6098,-44.4230,7.246
-28.3690,57.6588,7.246
-80.8936,-55.7582,7.245
105.7165,-10.4678,7.245
-68.1695,-10.2412,7.244
-137.0577,36.9017,7.244
32.6297,-3.9558,7.243
-13.3986,-38.2178,7.243
-29.5902,-56.0134,7.243
167.9448,-18.8011,7.243
-177.9010,1.8077,7.242
165.6776,34.9342,7.242
-160.9567,-58.6283,7.242
154.5904,-42.1614,7.242
159.6310,27.5492,7.241
-138.3845,52.9556,7.241
125.4440,-34.7039,7.240
-161.2013,-5.7344,7.239
-88.6100,57.6471,7.239
-135.6281,37.7435,7.239
-159.7516,6.8302,7.238
-124.7271,5.6814,7.237
-144.2987,39.9689,7.237
-40.4313,-40.7758,7.236
-42.5582,-45.5374,7.236
170.8511,58.7915,7.236
-135.8679,-27.7932,7.235
-121.2677,57.2846,7.235
163.6938,8.1641,7.235
178.4566,-54.2316,7.234
159.2408,47.5155,7.234
132.2149,-4.2289,7.234
118.0133,-55.5440,7.233
66.0412,-32.1487,7.233
127.6404,-5.7420,7.233
-11.4880,-36.2463,7.233
149.1822,-21.1388,7.232
-29.2553,-45.9015,7.232
-156.6628,-37.9127,7.232
163.9011,55.1953,7.232
135.3551,-1.9582,7.232
-174.4178,-56.2793,7.232
-138.2332,45.6347,7.231
4.1326,-15.9184,7.231
-146.3178,-39.4598,7.231
-164.1580,11.0295,7.230
73.9545,-43.0238,7.230
77.3107,-5.2883,7.229
61.2225,-48.5896,7.229
-114.6667,53.8850,7.229
70.1917,-57.6033,7.229
92.0875,19.9544,7.229
71.1602,-26.5214,7.229
79.3244,53.5664,7.229
96.3827,-31.2667,7.228
118.2550,-0.2993,7.228
94.5066,-18.3358,7.228
45.7838,-31.0882,7.228
146.2983,48.9736,7.227
-177.5455,12.5771,7.227
176.9751,44.6669,7.227
171.4280,6.7369,7.227
145.1675,-36.7482,7.226
-46.3400,-14.3307,7.225
-166.7770,-0.5089,7.225
-18.2085,-0.7018,7.225
146.3749,2.1079,7.225
-136.9013,-36.7052,7.224
-87.6644,25.1255,7.224
90.2080,20.0125,7.224
88.7221,-48.4532,7.222
-167.6441,29.8565,7.222
-84.2403,30.2529,7.221
-107.3595,57.7357,7.220
123.1382,-25.2668,7.220
176.5157,49.5921,7.220
-46.5245,-32.9951,7.220
105.9026,5.3398,7.220
-155.3060,-15.8536,7.220
7.4425,-8.7055,7.220
176.6119,31.7500,7.220
122.5739,-30.0165,7.220
-152.9820,44.5851,7.220
-159.1502,27.1771,7.220
-132.3111,-4.1265,7.219
21.6353,-24.2143,7.219
159.6648,-39.9106,7.219
-149.2594,-10.2138,7.218
-57.9453,-44.9723,7.217
33.3385,-8.9177,7.216
97.9091,42.3828,7.216
-86.0103,34.4630,7.216
168.5917,6.4693,7.216
158.8824,-47.9464,7.215
-13.4279,-10.6211,7.215
107.9073,48.6887,7.214
-75.4002,15.0766,7.214
152.8668,-19.1135,7.213
-109.8548,49.4650,7.212
108.5107,34.7777,7.212
54.2885,10.3211,7.212
-172.7251,-20.7903,7.211
-156.7967,-4.0393,7.211
-139.3402,-21.9292,7.211
-162.3875,0.8838,7.210
-124.5315,50.6871,7.209
128.9094,3.0708,7.209
-163.0709,15.7978,7.209
166.6581,28.7606,7.209
22.6390,-42.5486,7.209
68.9183,-31.0067,7.208
166.8882,47.0682,7.207
178.0680,31.2419,7.207
-153.6879,35.7718,7.207
166.8144,-46.2263,7.206
144.5996,-34.7393,7.206
114.4692,59.8006,7.206
69.3840,1.2093,7.205
-95.5459,48.9278,7.205
120.3675,13.2822,7.205
116.6067,50.6302,7.204
-123.2383,-8.3874,7.204
-166.6231,30.8031,7.204
74.1750,-3.8233,7.204
107.3148,25.9426,7.203
-68.1498,-37.4043,7.202
-166.1392,36.3636,7.202
-18.5926,-43.7849,7.201
-136.0221,35.0206,7.200
-167.0502,-17.1539,7.200
-158.5463,8.3348,7.200
114.9030,5.2433,7.199
-21.5102,17.0672,7.199
148.8109,54.4373,7.199
-156.1707,-6.3707,7.198
7.5600,-53.5924,7.198
-177.4698,36.5322,7.198
-160.2151,20.3549,7.198
120.7982,8.8917,7.197
-171.6547,-33.5124,7.197
-172.8676,-0.3494,7.196
160.1251,6.5598,7.194
-163.9387,-23.9720,7.194
-107.6173,57.2796,7.194
45.9979,25.0006,7.193
-47.3930,5.6619,7.193
-106.2516,31.0262,7.192
71.0895,-17.1489,7.191
38.6519,-36.2850,7.191
-177.8593,-26.0533,7.191
-118.5034,30.7200,7.191
135.3115,10.0362,7.191
140.3666,11.0858,7.190
71.9426,-13.0766,7.190
18.2260,-47.7141,7.189
167.1613,-48.2116,7.188
-149.6418,10.5247,7.187
173.5002,4.7888,7.186
39.5344,-2.9211,7.186
-4.2590,-30.1382,7.186
-47.2789,-58.7662,7.186
-63.1368,-20.4768,7.186
-89.0840,-24.8874,7.185
-164.3826,-4.4187,7.184
-122.6780,58.7747,7.184
142.2016,-54.0940,7.183
146.6884,28.0843,7.183
-177.1809,15.0879,7.183
89.8514,32.2037,7.183
19.1854,-46.0549,7.182
-115.1963,12.6863,7.181
-158.2411,-9.0223,7.181
96.9050,32.8818,7.181
-53.2104,-40.2553,7.180
26.1796,41.7708,7.179
151.2114,-54.2807,7.179
-167.6573,33.8340,7.179
174.6770,35.2326,7.178
-45.9644,-58.5789,7.178
-157.6492,-52.1565,7.178
-5.3964,-26.3034,7.176
-157.3660,44.1034,7.175
149.9855,52.0574,7.175
-143.4762,23.9452,7.175
25.3010,-3.3375,7.175
-157.9257,-2.0472,7.175
24.4262,-19.8635,7.174
137.9453,-28.7061,7.174
-20.8848,30.3893,7.174
114.5574,34.1564,7.173
-155.6325,-53.1252,7.173
-143.4837,36.5898,7.172
-125.5779,33.5628,7.171
121.4926,18.0654,7.171
173.2092,1.4561,7.171
57.8685,23.7902,7.171
58.1101,-55.3914,7.170
156.0995,-39.7383,7.169
138.0241,25.2174,7.168
-76.0003,56.9388,7.168
161.6099,-23.6654,7.168
-94.6749,22.5709,7.168
-173.7584,-29.5058,7.168
-22.2726,-30.0516,7.168
38.6713,-36.9906,7.168
-161.9386,9.6775,7.168
-111.4909,55.9618,7.167
-106.4970,-29.0691,7.166
-141.5212,-50.3102,7.166
167.1897,11.4435,7.166
-152.5884,20.3119,7.166
131.1676,9.5554,7.165
151.9086,14.0735,7.164
-160.6698,16.5193,7.164
126.4269,26.1589,7.164
-121.4110,49.4276,7.163
51.2373,-26.9678,7.163
38.9535,27.2301,7.162
-121.7611,42.0218,7.162
-91.3435,33.8891,7.161
35.7189,22.9247,7.161
17.3630,-46.9995,7.161
-157.7219,54.7709,7.160
-54.9819,-8.5332,7.159
-4.2791,-59.3378,7.159
-95.8823,2.8726,7.159
168.8407,20.3225,7.159
-163.5306,4.0714,7.159
-119.1012,30.7415,7.159
-127.4025,-6.8920,7.159
6.9381,52.0108,7.158
-154.3169,13.1326,7.158
-15.4236,-53.2472,7.158
17.9683,-49.2592,7.157
-147.3116,57.3279,7.157
156.2177,-8.3234,7.155
59.4942,-32.1084,7.155
123.5947,-31.9251,7.155
20.8196,-6.5318,7.155
128.3844,14.6272,7.154
176.3628,31.5758,7.154
48.1347,-46.1500,7.154
70.4430,-24.5785,7.154
-177.3942,14.3152,7.154
-152.9632,-7.4295,7.152
-111.2133,50.4205,7.152
111.1018,11.5568,7.151
60.0495,-58.4416,7.151
-18.2925,48.5248,7.149
-39.1009,-12.1440,7.149
-156.8707,17.8944,7.149
170.8751,-38.1594,7.149
-125.4262,26.8211,7.148
157.2573,3.6619,7.148
132.2978,17.8232,7.148
140.8913,36.2464,7.148
-129.0230,36.0744,7.147
166.3060,9.2377,7.147
-159.6278,-12.6494,7.147
34.3131,-25.8437,7.147
-148.9768,43.9725,7.146
-7.4203,-49.3967,7.146
-160.1614,17.2423,7.145
-21.2916,-47.4003,7.144
140.3765,-35.3654,7.144
113.4391,-59.7910,7.143
141.9016,-13.6918,7.143
161.0431,41.2688,7.143
85.2267,-13.5546,7.142
-113.1804,24.0238,7.142
130.1350,12.7961,7.141
-19.0382,-47.1061,7.141
-128.0164,17.1577,7.140
114.4021,4.4220,7.140
-139.9042,42.6149,7.140
175.3547,6.4800,7.139
43.6236,-34.9446,7.139
158.4841,-22.7319,7.139
171.5974,38.1512,7.138
-27.4022,-54.2305,7.137
34.9663,0.1005,7.137
-94.5322,-24.6501,7.137
167.7734,-48.0518,7.137
146.7780,5.0744,7.137
-95.3143,41.7641,7.136
-164.4229,-2.3169,7.136
-94.0942,25.6990,7.136
-103.3709,32.0266,7.135
-164.6010,-28.3039,7.133
59.9724,39.2343,7.133
-122.7819,39.9445,7.133
62.9845,-14.9788,7.132
154.2919,12.7567,7.132
133.6811,18.4045,7.132
116.5364,55.4786,7.131
99.0248,-51.2883,7.131
67.6322,-18.5576,7.131
-130.1035,-11.5867,7.131
-16.7139,-48.2321,7.131
75.1203,9.1650,7.128
-129.0833,-4.0205,7.128
-102.6334,-44.6202,7.126
8.7857,-0.0010,7.126
-43.7326,-56.6936,7.125
-118.0353,38.4555,7.124
177.4576,13.7665,7.124
-104.0148,50.0111,7.124
-153.5774,10.3223,7.124
-130.0341,-13.6874,7.123
-144.6283,43.6919,7.122
-157.2511,4.6555,7.122
-98.4763,15.8351,7.121
142.9227,-20.7022,7.120
29.1931,-44.5293,7.120
78.3227,4.5230,7.119
-171.2945,58.2870,7.118
146.5521,-8.4164,7.118
-0.5246,-15.6162,7.117
114.3115,52.2648,7.117
164.5651,3.2804,7.116
90.1312,12.7101,7.116
-168.2947,-26.5470,7.115
-153.5838,39.3064,7.115
104.2938,-22.9529,7.114
138.5863,-20.0476,7.114
-164.4974,1.9322,7.114
-100.6537,38.3413,7.113
-149.7107,24.4278,7.113
-177.5828,-13.7038,7.113
-127.8328,13.0340,7.112
-154.9319,19.3049,7.112
-66.0615,-2.7076,7.111
-153.1325,-54.5846,7.111
16.2199,-28.6184,7.111
108.6752,-15.8384,7.111
-156.8423,41.4782,7.110
12.4778,-58.1612,7.110
-144.4030,41.4307,7.110
110.7939,29.7485,7.109
107.5960,22.3145,7.108
172.9441,46.2763,7.108
179.2935,17.9002,7.106
175.5801,-2.6344,7.106
104.3489,-29.1301,7.105
71.5969,18.6877,7.105
157.8580,-55.5666,7.105
46.6694,3.2905,7.105
10.0092,-52.2733,7.105
-54.6672,-54.3430,7.104
-65.8538,-3.7966,7.103
102.3304,-25.7654,7.103
-170.2610,42.7885,7.103
27.2633,53.5060,7.102
89.2209,35.0818,7.102
88.6362,6.2624,7.102
-173.0175,58.5863,7.102
-122.9263,-52.0699,7.101
-144.3646,-19.2805,7.101
157.5063,-22.2735,7.101
-58.4803,-17.2440,7.101
-170.5650,55.0004,7.101
-171.6024,-22.6119,7.101
-78.6957,-57.7375,7.101
-124.6527,18.6832,7.101
-120.5927,-24.0558,7.100
143.9682,-2.6124,7.100
99.4208,-6.6881,7.100
-177.6896,-0.4350,7.100
59.5306,59.9243,7.099
-134.0197,4.3529,7.099
136.6137,-34.1260,7.098
-134.8899,-2.7569,7.097
147.6936,37.8008,7.097
140.9275,-0.5534,7.097
-172.2612,15.5867,7.096
-1.9275,-29.4156,7.096
140.8346,-17.3486,7.095
-58.1876,-45.1154,7.095
134.5310,-4.4598,7.095
-134.6560,21.1738,7.095
72.5735,42.8754,7.094
-149.5167,-34.4511,7.094
132.2297,-31.9985,7.094
-176.5824,32.4851,7.093
81.7025,46.5295,7.093
-76.1254,-23.4270,7.092
-148.2149,-12.0075,7.092
165.0807,-17.1720,7.092
81.2818,-47.8429,7.091
66.2880,-44.1254,7.091
-179.2102,52.1087,7.090
40.5310,-21.0179,7.090
-98.2099,36.4406,7.089
135.4718,-1.1945,7.088
90.0614,-48.1403,7.087
-140.2393,-50.4052,7.087
139.9869,21.4711,7.087
-107.1256,-37.5508,7.086
145.7066,6.9271,7.086
110.0461,12.8927,7.086
-108.1973,15.6222,7.085
70.9658,-34.6199,7.084
170.5261,20.6620,7.084
142.7735,35.6827,7.083
125.3282,-43.8555,7.083
-166.9764,43.1230,7.083
-21.8573,-18.3469,7.082
-105.6514,25.1719,7.082
150.9815,-13.5695,7.081
153.7648,36.1304,7.081
121.2551,-21.2312,7.080
-87.2934,51.5413,7.080
117.8678,16.3171,7.080
69.4249,-35.7714,7.080
-90.3675,40.9910,7.080
-51.5182,3.5011,7.080
176.5674,-5.3486,7.080
-160.1269,6.6254,7.079
-37.3747,-42.1958,7.079
57.4464,-4.7501,7.079
91.9448,-4.5700,7.079
-127.5144,26.2409,7.078
103.1145,-17.4669,7.077
144.2266,-28.0551,7.077
-77.2589,54.7111,7.076
-19.4558,56.0723,7.075
-152.7824,22.7541,7.075
145.9119,-42.8267,7.074
-108.1320,24.3505,7.074
-138.6563,8.9225,7.073
-157.9065,-54.1459,7.073
179.1751,-58.0434,7.073
115.3124,26.8682,7.072
-137.1579,36.5259,7.072
-112.5762,35.4801,7.070
-11.7392,-36.4422,7.070
-94.6749,27.3419,7.070
-129.3775,-53.0793,7.069
-132.2783,-53.7924,7.069
42.4993,12.7718,7.067
-91.9080,26.7075,7.067
-104.1511,54.4148,7.067
-83.0729,-52.8802,7.066
167.1075,-11.8591,7.066
61.9592,-42.7946,7.065
-126.6243,44.0653,7.065
168.9676,-7.4061,7.065
143.4158,20.5708,7.064
27.4579,-59.8794,7.063
-163.2391,36.0311,7.063
-25.9721,-36.0890,7.063
134.1070,1.5363,7.063
35.8198,-39.2654,7.063
-154.5480,-10.3925,7.062
157.9368,24.5498,7.061
-176.5865,-29.8301,7.061
-175.5826,24.1801,7.061
84.3236,2.4891,7.060
-118.5767,35.6187,7.059
164.9446,-24.6525,7.059
176.9178,47.3362,7.058
-19.9658,-50.0653,7.057
-38.0272,32.7882,7.056
-86.3550,-6.4491,7.056
-97.5344,-57.7559,7.056
114.8067,-29.4210,7.056
153.8584,-43.9795,7.056
-109.7775,50.8849,7.056
152.1674,-7.5975,7.055
71.2013,-59.3493,7.055
132.0822,22.9234,7.055
-143.1113,2.8732,7.054
-139.8288,-38.5836,7.052
160.1925,37.2905,7.052
177.7131,30.0580,7.051
-17.6435,-51.2012,7.050
-98.9425,-33.3982,7.050
173.8396,26.6596,7.050
109.1366,24.5269,7.049
-93.9868,18.7597,7.049
-24.9353,52.7704,7.049
56.5657,-56.5811,7.049
141.5593,-20.3132,7.048
118.1046,-29.9182,7.048
135.1213,-28.7478,7.048
-136.6460,-6.7341,7.048
67.1326,-49.3647,7.047
-7.8427,24.2020,7.047
150.2937,9.7982,7.046
-156.0316,-22.5175,7.046
-166.7715,-11.0505,7.045
104.9830,45.0184,7.045
143.4907,-3.2943,7.045
-103.6578,57.6922,7.045
-173.7011,18.2902,7.044
67.0118,17.5521,7.044
174.9275,35.1350,7.044
0.5292,55.7358,7.044
-61.9420,13.9136,7.043
128.8079,-48.8564,7.043
-134.5626,46.4177,7.042
-18.5660,-37.5109,7.042
62.8109,-13.4907,7.041
-164.0416,44.5999,7.041
103.4900,-36.3785,7.041
171.2176,52.6779,7.041
17.5436,55.5554,7.041
-169.2454,0.1515,7.040
88.9687,-36.0658,7.039
-161.4737,41.0159,7.039
91.1833,38.0590,7.038
147.7019,26.3247,7.038
-145.6821,-31.2933,7.037
165.6797,18.3305,7.037
128.0862,39.9288,7.037
109.6984,39.6279,7.037
-172.8046,17.2368,7.036
-144.0412,-38.2647,7.036
126.0922,30.1549,7.036
-177.9294,0.2406,7.035
-26.7216,-36.9647,7.035
-84.7453,18.7171,7.034
51.5655,-25.7733,7.034
-67.5525,10.0759,7.033
102.2642,40.6005,7.033
-48.8696,-43.1227,7.033
-149.8197,-16.9308,7.032
-73.9415,28.8910,7.032
113.2826,23.2549,7.032
-147.2888,-48.2587,7.032
-72.2146,5.6653,7.031
178.0249,45.8915,7.031
146.6625,1.3394,7.031
63.6656,30.7518,7.030
-87.3853,-58.0258,7.029
61.0140,-44.5157,7.029
86.1201,-15.3590,7.029
-174.0455,14.5239,7.029
-6.1225,8.5049,7.029
-126.7337,5.3185,7.028
-144.8574,-17.0183,7.028
-145.3131,56.7508,7.027
-152.1709,-26.0977,7.027
-132.9414,-18.4460,7.026
54.6890,49.6324,7.026
86.7941,33.5101,7.026
108.2314,-10.4825,7.025
-50.8291,-50.5201,7.025
-78.4234,-39.8506,7.024
34.2548,35.5695,7.024
122.4454,-6.9089,7.024
-119.8395,19.9549,7.023
-140.5985,-15.8740,7.023
-125.2935,36.1009,7.023
17.5496,-29.1250,7.023
-108.2881,3.6631,7.023
118.5801,-59.7276,7.023
-171.6926,16.2224,7.022
153.9193,8.9342,7.022
123.0259,-0.7620,7.021
88.5382,26.7967,7.020
-42.1751,44.8241,7.020
123.4807,22.5026,7.020
-142.7684,-10.1734,7.019
172.1917,21.9319,7.019
102.9653,11.5556,7.019
-117.4817,46.3987,7.019
-149.8925,-1.3184,7.018
-161.5949,16.3117,7.017
-19.6916,55.9786,7.017
141.3470,-21.2856,7.017
105.3972,-14.1501,7.016
154.5617,-8.5119,7.016
87.5875,-25.6841,7.015
-164.8541,9.9682,7.015
12.8981,-27.9850,7.015
-127.7977,10.3286,7.015
152.8481,-20.6616,7.014
101.8159,-52.8321,7.014
69.3598,-53.3434,7.014
17.0266,-25.4428,7.014
-114.4853,23.5902,7.013
139.0844,30.6349,7.012
169.3645,39.2545,7.012
-88.5996,-53.3812,7.011
-108.3370,27.1662,7.010
-76.8360,21.0662,7.010
142.5058,42.4807,7.009
-143.4949,-39.9767,7.009
51.6523,-39.8116,7.009
-165.1434,36.9594,7.009
-126.2740,16.5736,7.008
-156.8418,21.0604,7.008
-135.7487,-21.1467,7.008
-65.3865,8.1087,7.006
127.7347,-5.6111,7.005
59.0264,-44.1595,7.005
-59.2678,57.0513,7.005
-15.6388,-50.9229,7.005
103.1670,44.2920,7.004
-179.5945,-22.1886,7.004
122.5267,-22.0665,7.003
-150.1188,49.3658,7.003
88.2015,-5.6167,7.003
16.2937,-51.7229,7.003
89.0989,-32.7539,7.003
149.2214,18.4355,7.003
162.1162,2.3132,7.002
-128.5242,-12.4664,7.001
98.3464,17.0874,7.001
-106.6908,42.5202,7.001
-145.8076,-36.9519,7.000
68.6862,-14.4059,7.000
44.8951,17.4223,6.999
116.6424,-19.2273,6.999
37.3371,-51.5205,6.998
21.0027,24.7555,6.997
110.1388,23.1923,6.997
87.5596,42.2133,6.997
63.2224,-42.7928,6.997
-179.4602,11.8364,6.996
22.2124,-57.5321,6.996
-127.6004,11.6999,6.995
154.5822,54.0795,6.995
-52.2101,45.5986,6.995
-138.8673,-24.5979,6.995
-176.0859,-32.6428,6.994
-46.5244,46.6022,6.994
-63.4511,-32.0503,6.994
-172.5648,-0.7959,6.993
-119.7321,30.5911,6.993
-150.0623,-42.6865,6.993
145.7304,23.7427,6.993
-20.9959,-41.2984,6.992
49.5332,-43.4440,6.992
176.8974,21.6651,6.991
2.8383,-9.8830,6.990
-157.7145,-9.6209,6.990
-14.1317,-1.6340,6.990
163.5534,45.4609,6.990
-121.5644,25.5553,6.990
-164.3596,-14.5297,6.989
-146.9504,-3.8149,6.989
-165.8572,45.1561,6.988
103.9833,-25.4843,6.988
66.8486,-38.7961,6.988
174.9146,-1.0568,6.988
-137.6534,-17.2220,6.987
-107.6897,48.5637,6.985
173.5429,59.8621,6.985
98.6636,23.1560,6.983
140.3629,-1.2039,6.983
-168.5158,36.3982,6.983
-79.5823,51.3352,6.983
-147.2131,21.4299,6.982
156.3103,-26.1682,6.982
-173.2218,36.3941,6.981
-65.3425,-18.0155,6.980
-121.3586,-49.3493,6.979
150.4132,22.1455,6.979
40.8286,-29.2160,6.979
-40.7154,4.8965,6.978
-144.8510,-14.0072,6.977
-137.9871,-18.6627,6.977
-0.8416,-50.0923,6.977
144.8701,-7.4522,6.976
35.1803,51.0077,6.976
-133.3648,20.1874,6.976
112.8943,34.4130,6.976
138.5798,41.7662,6.975
-157.9835,31.6487,6.974
36.7829,14.3476,6.974
70.3117,20.7652,6.973
-105.3765,26.7514,6.973
-82.8846,37.3875,6.972
106.8480,3.8166,6.972
96.8637,-39.1808,6.971
-66.6984,-7.5782,6.971
-173.2971,-0.9386,6.970
-153.0069,-10.4168,6.970
105.8684,22.6077,6.970
-111.8389,37.0956,6.970
39.6113,14.3230,6.970
91.8872,5.0479,6.969
93.6345,0.6673,6.969
-119.2366,53.7562,6.969
28.3943,11.3366,6.967
-175.1972,15.3881,6.967
-143.9157,24.9220,6.967
44.7863,5.2274,6.967
169.2492,47.9918,6.967
152.6764,17.6966,6.966
-125.7700,15.3332,6.966
162.0186,-2.0434,6.966
171.1999,-25.7043,6.966
-105.9326,35.4206,6.965
156.0539,34.8687,6.965
163.6936,-19.5636,6.965
31.1497,-36.2340,6.965
119.2254,-53.6545,6.965
101.6219,44.2653,6.965
-150.9317,-13.2524,6.964
-167.2022,29.8927,6.964
75.1829,-0.4217,6.963
-146.3792,-2.6426,6.963
-43.6326,38.7734,6.962
47.7171,-13.5522,6.961
-133.8567,-10.1143,6.961
134.5010,-37.5405,6.960
163.0007,28.6052,6.960
120.8385,15.0041,6.960
-90.9625,44.9316,6.959
-132.0404,-21.7942,6.959
-101.1931,40.2333,6.958
154.2308,-28.4067,6.958
141.7889,-40.1552,6.958
171.2139,40.6275,6.958
130.9802,6.6832,6.957
166.3959,51.5589,6.957
-168.3270,24.8360,6.957
129.3518,18.7511,6.956
48.7609,13.4236,6.956
-67.5013,-44.4439,6.956
115.1813,-43.4031,6.955
1.0129,-3.8276,6.955
-17.4078,51.7129,6.954
89.7224,14.0475,6.954
-128.5764,-23.1187,6.954
174.6910,-1.2999,6.953
-144.9841,39.7715,6.953
-177.1879,-59.7180,6.953
114.4929,0.8908,6.953
148.7059,-27.3566,6.953
73.1112,13.2565,6.952
141.7666,-18.1569,6.952
132.9909,-48.3590,6.951
-145.8482,-37.1661,6.951
11.5151,-44.5145,6.951
-132.9692,-51.9661,6.950
-69.1857,-55.6690,6.949
142.4555,52.0105,6.949
-166.6968,-44.2454,6.949
-129.0400,-10.8852,6.949
114.2391,-44.3204,6.949
85.0099,-13.5294,6.948
144.6236,-33.6664,6.947
-48.6089,-58.6295,6.947
68.9728,-1.6639,6.946
159.4319,-39.9152,6.946
-78.6467,33.8303,6.946
-38.1212,-54.8341,6.945
-96.8383,21.4404,6.945
-12.7497,-32.4436,6.945
-65.5536,-6.6812,6.945
-177.1305,51.8336,6.945
-174.9020,13.7280,6.944
-130.7336,24.3520,6.944
-126.4464,-52.3909,6.944
148.3578,45.4017,6.944
-171.0722,-14.8729,6.943
-54.2831,-40.8837,6.943
-72.7381,-25.7689,6.943
7.2810,40.9163,6.942
161.0816,3.3442,6.942
170.8047,-11.9541,6.941
-167.0327,-29.4854,6.941
-75.4189,50.7684,6.940
37.1231,-38.0023,6.940
116.7583,-34.7315,6.940
-28.3888,-41.2598,6.940
-173.3779,-50.0593,6.939
-127.0339,12.4812,6.939
50.2650,-40.2741,6.939
-162.3533,25.4820,6.939
179.7604,39.9639,6.938
-1.4140,-34.0958,6.937
10.3269,12.0757,6.937
-43.5165,-47.9151,6.937
-28.2101,54.9112,6.936
-40.7642,37.4020,6.936
-163.9083,57.8759,6.935
162.0339,41.6641,6.934
-63.0460,-19.1271,6.934
69.1877,2.3270,6.934
140.9615,-39.9049,6.934
-141.2661,40.8427,6.934
149.7388,13.0850,6.933
-142.6522,43.3903,6.932
144.7888,28.9890,6.932
-83.4802,31.9069,6.932
125.2926,-4.8539,6.931
150.3252,38.5022,6.930
128.0964,-5.1368,6.930
-157.1713,-18.7754,6.930
-100.7520,22.1285,6.930
164.7143,41.3421,6.930
-2.5953,-39.1182,6.930
-176.5723,-55.9095,6.930
104.4885,7.6557,6.929
148.5446,43.8287,6.929
157.7258,6.0842,6.929
46.3331,-21.7690,6.928
-139.5726,31.1403,6.928
155.8904,-49.5941,6.927
161.0601,37.6866,6.926
-155.3024,14.0486,6.926
94.5984,30.8973,6.925
-157.8410,27.0773,6.925
-4.7913,40.9248,6.925
5.2696,-50.6301,6.925
-171.6929,7.8267,6.924
-59.9443,-16.2140,6.924
-31.7109,-21.5218,6.924
97.9777,-45.1342,6.924
10.8605,-56.2429,6.923
-121.3397,9.8539,6.923
33.4184,-32.2255,6.923
157.4628,21.8800,6.922
128.8255,-9.2609,6.922
132.4881,29.1766,6.922
120.5436,22.2503,6.921
58.6997,-49.4944,6.921
2.8115,-56.7105,6.921
169.1758,56.2892,6.920
-15.3691,24.8420,6.920
-130.0147,17.6948,6.920
28.6853,-39.8491,6.920
-7.3914,-2.7239,6.918
125.2037,-24.9268,6.918
42.4756,-22.3286,6.917
-152.5868,-5.5501,6.916
-6.4247,-36.2551,6.916
-169.8552,36.6541,6.916
-82.9153,39.4799,6.916
170.6517,-50.5386,6.915
-102.9793,-56.4511,6.915
87.0420,-38.4320,6.914
-14.6308,-12.0010,6.914
-2.7846,-48.4727,6.913
57.5198,-2.3780,6.913
-162.9553,36.5216,6.913
-94.0876,26.8929,6.912
156.7107,-2.5936,6.912
139.1044,-23.2782,6.912
128.4358,-36.0176,6.911
-43.5712,4.6440,6.911
-85.6550,11.9903,6.910
-53.2675,-56.4662,6.910
-134.8157,3.6284,6.909
161.5340,41.1447,6.909
-120.0134,22.5373,6.909
-23.3229,-52.0225,6.908
138.9026,8.4110,6.908
-21.6935,-4.0217,6.908
146.0547,23.5392,6.908
-45.7274,-29.8234,6.907
-26.6343,-47.3961,6.907
113.7548,21.6192,6.907
42.6152,-9.3984,6.906
174.7460,15.9918,6.906
-169.4415,31.1789,6.906
86.9325,32.6006,6.906
-44.7175,1.1626,6.905
-45.3332,37.1536,6.903
-135.8225,-9.6566,6.903
-156.2649,19.7543,6.903
-135.5292,26.8015,6.903
86.3472,-11.0230,6.903
-35.8177,-29.1874,6.903
137.6137,-17.0207,6.902
-167.3321,25.2505,6.902
130.0796,-44.6806,6.901
-77.5775,-57.8830,6.901
80.7601,-55.8337,6.900
-163.1045,31.6076,6.900
-113.0067,-12.8002,6.900
-148.5287,42.5058,6.899
-55.3797,53.7914,6.899
-137.6432,-38.3167,6.898
177.2567,27.6969,6.898
95.7768,48.4170,6.898
-126.5986,5.6854,6.897
120.8143,14.2482,6.896
89.2296,51.2983,6.895
39.3284,-24.6808,6.895
-59.5716,-32.8938,6.894
57.9772,55.7815,6.893
-77.0630,9.6025,6.892
-160.4925,42.9970,6.892
36.9606,44.2650,6.892
46.2143,17.4778,6.891
171.6439,54.1054,6.890
172.2221,-21.6727,6.890
-128.9829,-53.7817,6.889
145.0899,-23.9530,6.889
-146.8997,39.3230,6.888
-144.2229,1.1540,6.888
122.4216,15.2779,6.887
74.2976,-38.6022,6.887
-117.5082,48.4177,6.887
-142.4431,20.8891,6.886
25.9762,-29.0175,6.886
75.1632,7.7990,6.886
46.8838,32.0049,6.886
135.1126,24.6861,6.885
88.6178,-42.8248,6.884
-136.3434,43.3316,6.884
39.4619,-21.3502,6.884
100.5557,-35.1717,6.883
-148.7410,35.0306,6.883
135.7487,8.9142,6.883
172.7407,-17.6206,6.882
-142.8642,31.4642,6.882
95.9524,25.0208,6.882
87.1489,45.9014,6.882
62.7716,53.2314,6.882
-12.9963,-50.8830,6.881
97.4919,-6.9778,6.880
163.8595,-24.8429,6.880
89.7636,-17.6346,6.880
99.3057,-22.4400,6.879
-138.7898,-9.5552,6.878
104.9160,-47.2703,6.877
157.3867,22.1534,6.877
137.2170,-28.8093,6.877
-128.4770,49.3776,6.876
27.3832,-53.0232,6.876
-143.7517,-8.8679,6.876
-52.1431,46.8570,6.875
-139.6104,40.4102,6.875
-173.8179,-50.8634,6.874
6.2060,-52.4788,6.874
129.0915,10.6015,6.874
155.6693,22.7861,6.874
-127.9344,12.5613,6.874
-154.5619,-57.8824,6.873
-176.0418,-23.7602,6.872
8.8753,-38.3476,6.872
-43.0012,-55.7014,6.872
123.8149,38.0139,6.872
-169.8088,21.2959,6.871
-155.9046,43.2625,6.871
-146.5809,-48.2576,6.870
117.5984,41.6552,6.870
59.8570,50.7727,6.869
69.2794,-27.3007,6.869
166.8088,-4.8626,6.868
153.6688,-23.5046,6.868
85.9083,-55.6072,6.868
-19.1421,-42.8190,6.867
164.0573,-29.0223,6.866
69.8381,-5.1475,6.866
-154.0682,17.1735,6.866
151.8467,-13.7320,6.866
-160.2328,8.6121,6.866
153.3551,33.2091,6.866
-76.7045,33.7564,6.865
-4.0326,-25.4984,6.865
-170.0271,4.7975,6.865
67.1040,55.1642,6.864
-100.7001,37.4080,6.863
-33.9493,57.6313,6.863
85.8826,20.7884,6.863
70.9516,-38.9737,6.863
128.1569,-14.4223,6.862
164.0753,-36.6038,6.862
169.6316,-2.0097,6.861
-165.7385,-51.6635,6.861
-163.5946,-20.7133,6.861
-172.1330,53.0244,6.860
-80.9570,19.3400,6.860
154.7327,-8.7213,6.860
-111.5044,25.8639,6.860
-145.5719,-2.6205,6.859
141.0511,23.9824,6.859
-178.6347,46.3120,6.859
21.9137,-48.8052,6.859
157.8276,20.9409,6.859
49.8583,-52.0014,6.858
-170.7655,16.7582,6.857
-174.7864,25.4845,6.857
26.2809,14.0942,6.856
-128.7861,12.7489,6.855
152.6752,-14.5226,6.855
64.4162,-32.0257,6.855
95.8896,-0.7148,6.855
-45.1698,-40.5837,6.855
-137.2850,50.6633,6.854
-48.8550,47.1950,6.854
140.7093,50.5610,6.854
121.0900,-24.6746,6.854
106.2722,-5.6842,6.854
66.0478,-38.0996,6.854
-150.8101,23.0746,6.853
70.8997,-4.2529,6.853
30.1996,-31.8735,6.852
131.9390,25.8262,6.852
-15.3469,-23.2467,6.852
-104.3286,51.9819,6.852
179.6936,51.2198,6.851
111.4117,-0.2476,6.850
149.5916,27.6705,6.850
-79.2008,-36.0221,6.849
-82.2685,-29.8638,6.849
164.5502,48.7685,6.848
-169.8708,30.9685,6.848
-22.4973,-32.8035,6.847
133.7916,-32.5999,6.847
177.4992,22.7729,6.847
-131.8017,-45.7397,6.846
-138.1303,-43.8194,6.846
-109.1247,53.8452,6.846
-158.3500,30.5433,6.846
163.7504,-12.5371,6.846
176.7452,19.2078,6.845
-137.1781,45.2446,6.844
-40.5671,37.1901,6.844
59.0599,-42.1530,6.844
139.6212,-21.7159,6.843
-136.5980,-29.8816,6.843
155.2218,-1.4419,6.843
37.7729,-52.7537,6.842
83.2072,54.7848,6.842
-147.2515,-16.0990,6.841
76.8106,9.7193,6.841
145.1920,46.1533,6.841
-19.3441,-45.0639,6.841
117.7395,-17.2866,6.841
89.3002,-45.4091,6.841
-152.7045,27.3281,6.841
-19.4056,53.0251,6.840
52.6583,7.3717,6.840
-157.3650,35.5613,6.840
14.0302,-41.0871,6.839
-76.9187,14.9886,6.839
-16.2198,-58.0245,6.838
-159.6852,38.6849,6.837
169.4301,-51.2541,6.837
-129.8263,7.1542,6.837
92.7265,-52.6577,6.836
169.1294,12.1569,6.836
52.0387,56.0149,6.836
-74.4277,39.7477,6.836
34.3825,-32.9748,6.836
-22.7295,54.5492,6.836
-20.6115,-41.2421,6.835
-175.8745,-9.5821,6.835
140.7020,-27.9777,6.835
70.4255,-30.3361,6.835
114.2190,-26.6478,6.835
-171.5784,29.4902,6.835
99.5455,-30.6454,6.834
-27.1812,17.3513,6.834
-37.6248,54.2543,6.834
154.0346,12.2563,6.834
68.2109,51.1802,6.834
158.5959,-38.6484,6.834
-94.4894,16.7102,6.833
-77.0704,14.1117,6.832
-70.4189,-58.6181,6.832
-137.5121,-15.3469,6.832
-115.4974,-37.1287,6.831
28.6020,-55.9458,6.831
-32.6193,37.2296,6.831
-82.3716,28.4599,6.831
-107.4550,-33.0617,6.831
-100.2868,26.3822,6.830
-148.2270,38.9012,6.830
106.6602,-32.5754,6.830
-145.3341,31.8616,6.830
159.8189,57.2929,6.829
-170.2167,35.5249,6.827
143.2967,45.4138,6.827
142.1876,13.6355,6.826
-150.4010,32.2834,6.826
-19.4266,-51.7501,6.826
29.1690,-2.6208,6.825
-123.9554,-27.3802,6.825
23.8828,-20.0494,6.824
54.4150,23.7806,6.824
126.5732,44.7496,6.823
-17.9697,-41.0968,6.823
168.4719,44.8288,6.823
-134.0525,-27.7292,6.822
-110.6716,50.0325,6.822
-158.4788,28.3140,6.821
-176.2285,46.1181,6.821
68.9508,-5.9942,6.821
89.6188,20.8257,6.821
-155.2164,13.6129,6.821
-77.0376,-57.0778,6.820
128.7018,-58.4452,6.820
66.0634,-39.8043,6.820
-88.4985,7.9521,6.820
71.2311,-47.5201,6.819
-166.6325,46.6051,6.819
-171.8166,5.8834,6.818
168.1853,0.1287,6.818
88.6666,20.8236,6.817
-96.1616,17.1022,6.816
87.7082,16.9028,6.816
51.6648,24.1938,6.816
-158.7501,-19.4859,6.815
-157.5350,58.1180,6.814
81.7293,-35.2785,6.814
-49.2350,-20.2076,6.814
-156.5289,-7.4977,6.814
76.8727,-26.4068,6.813
-106.8344,8.3033,6.812
170.3907,-48.6330,6.811
177.8576,48.2340,6.810
60.0803,-36.8131,6.810
10.3505,-21.5825,6.810
-137.8367,36.8727,6.809
-146.3244,-30.9775,6.808
-172.8295,-8.0944,6.808
-173.5399,1.6749,6.807
-127.1177,-52.7150,6.807
59.3743,-53.2409,6.806
-101.5262,27.1402,6.806
-169.7837,17.2075,6.805
174.3568,59.3696,6.804
-18.4402,-43.2005,6.804
-69.3248,2.4055,6.803
-157.6509,3.1753,6.803
160.2254,-24.4750,6.803
159.0989,-54.8766,6.803
13.2602,-2.1964,6.802
137.2283,49.0445,6.802
16.7510,-49.5948,6.801
-125.1443,-40.3400,6.801
54.5419,38.8765,6.801
-144.0093,-24.2629,6.801
27.6280,-51.6152,6.801
-53.3651,53.8164,6.799
22.4889,-30.3542,6.799
-163.3634,38.1894,6.798
-61.5966,-44.0243,6.798
9.6454,-21.7658,6.797
-176.4959,-6.6591,6.797
136.9372,-27.4201,6.797
33.4773,-5.5674,6.796
-16.1880,49.7625,6.796
-124.0237,6.8271,6.796
120.6626,-51.8231,6.796
-155.9818,32.6274,6.795
178.4027,-53.8003,6.795
-142.9907,43.9303,6.795
113.2543,-17.4587,6.795
-149.2123,42.3105,6.795
-128.1689,-33.2057,6.794
114.5759,46.3439,6.794
-147.9327,-48.2372,6.793
74.4827,1.2000,6.793
-85.6339,20.1547,6.792
174.2523,44.5063,6.792
97.4170,16.1456,6.792
49.9121,13.6370,6.791
74.4870,38.6316,6.791
50.6101,-32.0236,6.791
-85.5512,8.0154,6.790
30.0954,14.6876,6.790
160.8734,-37.9312,6.790
127.4622,27.2200,6.790
139.2315,-8.5994,6.789
142.9998,-36.9282,6.789
94.8259,13.3927,6.789
140.1525,-38.3519,6.789
130.0849,18.4010,6.788
-119.8794,16.7865,6.788
105.5127,-10.5368,6.787
-175.0431,57.0918,6.787
109.0855,-58.9614,6.787
-159.1179,36.2093,6.787
52.2059,51.1874,6.787
149.9372,-14.3618,6.787
142.6072,-20.3906,6.786
92.5381,-35.5182,6.786
81.2626,17.5625,6.785
-116.7328,35.0458,6.785
161.2224,43.5867,6.784
-54.5414,-37.0115,6.784
-151.5359,43.6077,6.784
48.0604,-0.8992,6.784
131.5210,-4.7455,6.784
128.8924,33.8726,6.784
-111.9168,35.7189,6.783
112.5374,20.4840,6.783
112.0621,12.7423,6.783
-124.0860,6.1622,6.783
22.6841,-21.1935,6.782
16.5072,-38.9831,6.781
-125.6704,7.7032,6.781
-120.6326,19.8279,6.781
-144.8146,-18.8063,6.781
41.8218,-50.4348,6.779
42.9464,-26.9861,6.779
81.9995,53.3870,6.779
61.5305,55.6367,6.779
-26.0809,-58.0448,6.779
-119.0118,58.3493,6.778
-46.8497,26.2846,6.778
88.1522,-7.2010,6.778
-176.5715,-55.9230,6.777
-142.1320,13.4254,6.777
-160.9444,31.1402,6.777
-93.7949,13.3772,6.776
179.6511,-21.5969,6.776
-116.2841,-56.3442,6.775
167.6107,37.2141,6.774
-115.9894,-5.7370,6.774
-170.3292,-51.2993,6.774
79.1155,53.0014,6.773
167.9429,49.5549,6.772
157.2931,-57.0979,6.772
-132.0317,-25.2058,6.772
156.3423,58.5945,6.771
166.2031,2.4907,6.771
98.5334,-2.3535,6.771
70.0552,23.9789,6.771
-57.4398,-57.1918,6.771
-77.8196,11.2565,6.771
171.8910,-43.7198,6.770
145.8388,30.2285,6.770
-91.0237,-52.3992,6.769
121.6322,-0.0305,6.769
171.8648,-52.1084,6.769
33.2318,-25.2097,6.769
122.0845,-20.8441,6.769
59.7555,30.4952,6.769
157.6121,-6.3044,6.768
-56.2139,-49.2907,6.768
-145.8157,-14.1633,6.768
77.3660,5.0204,6.768
-49.8072,47.8692,6.767
128.9924,-41.7182,6.767
122.1958,21.7790,6.766
112.8769,-39.6748,6.766
-68.4383,-8.6741,6.766
9.6410,-6.3613,6.766
163.9688,3.3407,6.766
-177.4869,2.7645,6.766
176.5011,-4.0782,6.765
40.4050,46.0588,6.765
23.5942,-43.8267,6.764
20.8185,3.4293,6.764
-177.8487,-58.2877,6.764
-153.8813,46.9159,6.763
-157.7783,-46.7333,6.763
-111.6449,-56.9123,6.762
161.8620,28.1179,6.762
51.2953,-49.5600,6.762
114.0620,21.9309,6.762
138.1308,39.8174,6.761
-167.9923,-35.8077,6.761
-123.7562,-3.0828,6.761
-51.5397,-51.9048,6.761
160.0631,27.8148,6.761
159.9991,-1.9760,6.760
-157.9418,9.0942,6.759
55.3885,-38.2221,6.759
76.4973,42.2589,6.758
135.2522,-28.9244,6.757
-179.0518,4.1899,6.757
-60.1096,28.9739,6.757
29.7992,21.6865,6.757
-133.8382,2.3265,6.756
-35.6783,47.5646,6.756
68.2781,26.8631,6.756
-59.0098,56.6025,6.755
-154.4878,-30.9153,6.755
-148.3092,-47.2486,6.754
-122.0688,2.7159,6.754
150.4746,37.9461,6.754
-159.2590,21.9296,6.753
-158.1954,26.1619,6.753
69.7694,27.0904,6.753
166.9323,38.4857,6.752
-175.8890,34.0822,6.752
-157.3318,21.3105,6.751
129.4691,19.2979,6.751
-128.0509,59.1199,6.750
-109.8868,59.4119,6.750
-98.8216,33.6507,6.750
174.3003,54.4477,6.749
-147.9399,-23.7179,6.749
136.5007,28.7371,6.749
48.5605,45.4940,6.749
-121.7285,23.2561,6.749
-147.1056,-48.0010,6.749
99.3873,44.9342,6.749
42.0866,-11.6422,6.749
70.6616,-8.6142,6.749
108.0837,24.1069,6.749
-124.3443,6.7993,6.748
68.6948,-21.8362,6.748
-51.3096,-49.3428,6.748
89.5725,-38.5934,6.747
-74.1738,24.6205,6.747
144.3359,-37.3973,6.747
97.0705,14.5150,6.747
165.9809,59.1306,6.746
133.6245,-46.0200,6.746
-158.5249,-35.7137,6.746
-143.5824,-43.8800,6.745
141.4202,24.1049,6.744
-162.9371,-19.7993,6.743
34.9095,-42.8846,6.743
147.0251,38.3012,6.743
-48.7457,-30.0997,6.743
147.3483,21.0141,6.741
108.3449,37.4459,6.741
153.4255,-55.2939,6.741
75.8379,47.6886,6.741
-112.4186,20.5448,6.740
-163.0368,2.4621,6.740
-56.0413,-55.9480,6.740
-42.6234,-39.4727,6.740
-135.3601,-5.0006,6.740
-1.0287,-50.3408,6.740
-59.5862,57.0675,6.739
150.3098,19.5394,6.739
174.1849,35.3726,6.739
-172.2854,5.2149,6.739
1.4781,-20.1668,6.738
-133.6017,-14.0044,6.738
-68.8641,-1.7374,6.738
-174.1375,18.3413,6.737
57.5013,32.0580,6.737
-61.5992,58.4613,6.736
-143.2261,-17.0716,6.734
122.7720,-20.3091,6.733
-173.3611,12.6861,6.733
161.2827,-33.8062,6.733
-164.2624,-5.6859,6.733
-125.5790,-56.7960,6.733
155.8268,-8.2780,6.733
-74.8424,22.5671,6.733
106.6424,2.0131,6.732
-113.6795,56.0157,6.732
-4.4294,-58.9826,6.731
-96.2366,39.6702,6.730
-163.9531,-51.2162,6.730
163.0907,-12.5188,6.730
109.9485,17.1281,6.730
-45.9773,42.0663,6.730
-141.0617,-13.1123,6.730
84.6521,4.1108,6.730
124.5262,0.0124,6.730
84.0946,5.6381,6.729
114.3821,-17.7780,6.729
68.2008,4.2549,6.729
-125.9517,10.5982,6.728
-167.3563,-1.2537,6.728
-57.7866,-53.6966,6.728
-64.6918,-58.3659,6.728
-103.4088,-0.0818,6.727
-138.2958,52.0332,6.726
105.9681,14.6503,6.726
-141.7638,6.3371,6.726
-117.8216,48.5385,6.725
55.5916,-39.6580,6.725
130.4229,31.3742,6.725
-156.7917,45.1917,6.725
-178.7310,52.7966,6.725
-161.6744,-5.0354,6.725
98.3173,24.0039,6.724
51.0532,51.6757,6.724
-20.3275,-41.5402,6.724
159.9013,54.3153,6.724
-86.4755,-56.6095,6.724
72.9194,22.0717,6.723
73.2657,-44.5422,6.723
90.5380,-57.3397,6.723
-27.0566,-29.1353,6.723
-152.9652,27.1844,6.722
115.0060,-7.3233,6.722
46.7178,13.5399,6.721
-120.8827,8.2287,6.721
-101.4180,53.9635,6.720
-159.8970,17.6117,6.720
69.7542,-2.2729,6.720
-142.1739,21.7458,6.720
122.9328,-1.7131,6.719
165.6826,26.7555,6.719
155.0332,-4.4424,6.718
-160.1573,33.2054,6.718
70.2780,36.9395,6.717
143.9425,-16.3394,6.717
98.5448,-34.8227,6.717
-100.3776,2.6736,6.717
-158.1079,36.2147,6.716
-157.0109,51.4293,6.716
-153.8438,-47.2129,6.716
-98.1786,26.2846,6.716
-48.4700,-55.5899,6.715
140.2502,53.8974,6.714
-63.7147,-29.4015,6.714
-152.8775,31.7318,6.713
139.2131,28.2737,6.713
-4.7702,12.2313,6.713
-172.5360,43.3982,6.713
-39.8346,-35.2596,6.712
77.1152,-38.0443,6.712
169.4399,0.7569,6.712
160.0922,-14.1666,6.712
-162.8638,42.8460,6.711
51.5777,0.0635,6.711
127.6477,50.8408,6.710
125.3179,-9.3665,6.710
105.6350,16.9455,6.710
-34.3242,57.4992,6.710
94.6724,20.9170,6.709
97.6701,21.2282,6.709
35.2604,-9.2292,6.709
138.4602,-19.3307,6.709
44.0519,-57.0005,6.709
130.8293,29.2373,6.708
-4.8402,-58.9331,6.708
-153.4204,-9.5327,6.707
-121.0682,30.5892,6.707
-62.6545,-19.7914,6.706
13.9422,9.7630,6.705
91.7498,6.0753,6.705
-114.5498,29.4972,6.705
-113.5541,34.4015,6.705
149.9282,-19.4619,6.705
75.7932,-15.0951,6.705
-47.5362,-35.8247,6.705
162.1143,-13.5737,6.704
-172.5965,-38.8381,6.704
153.7476,-46.2935,6.702
-174.7408,38.6904,6.702
-154.3873,-31.5033,6.702
84.7263,-11.5718,6.702
-141.5670,16.1464,6.701
100.6473,33.9732,6.700
-90.0950,34.8810,6.700
-25.6574,55.1736,6.699
-170.1405,19.0719,6.699
36.7150,47.8684,6.699
-167.5264,46.2264,6.699
92.1954,22.9002,6.698
109.6456,-23.9710,6.698
131.8467,-24.7805,6.697
-149.3434,-23.7582,6.697
135.0205,-49.2828,6.697
151.5346,22.2813,6.697
4.2643,-53.5002,6.696
-134.6014,-13.0384,6.696
-106.7006,31.6394,6.696
161.6759,55.6394,6.695
-23.9470,53.7166,6.695
123.9275,12.4138,6.694
102.6611,-58.6765,6.694
99.4075,-5.4285,6.693
-151.0537,23.8293,6.692
145.2183,42.1912,6.692
-153.9523,44.5389,6.692
-53.4621,-33.9436,6.692
96.5588,-28.0658,6.691
25.6226,-46.3151,6.691
-73.3459,-31.7156,6.690
47.7800,-36.4284,6.688
114.4469,0.3658,6.688
127.1455,-39.2187,6.688
-71.5044,-3.5784,6.688
125.2676,-2.0620,6.688
42.4826,23.3227,6.687
-140.6936,-34.4969,6.687
109.1077,24.0403,6.686
-176.3178,-10.2040,6.686
-59.5668,-9.4144,6.686
-52.7240,-36.5802,6.686
101.8719,48.3562,6.685
-140.2393,-34.0027,6.685
8.3501,-18.1383,6.685
28.4542,15.7180,6.685
19.8683,-19.9537,6.684
32.9926,-0.4301,6.684
-58.2526,-44.6178,6.683
-131.5786,41.5076,6.683
157.6653,-23.1349,6.682
-165.7267,-2.6677,6.681
29.0737,-28.5446,6.681
101.2449,-15.5485,6.680
-148.8137,-55.3579,6.680
66.6774,-50.1434,6.680
-152.5435,58.9061,6.679
-117.3989,-55.9624,6.679
-143.5970,58.4684,6.678
-13.0653,-45.4150,6.678
-57.1377,38.6421,6.678
6.3066,-12.0917,6.677
-175.5961,50.2446,6.676
-113.9052,13.9111,6.676
85.7667,28.9559,6.676
-127.2495,52.3276,6.676
-174.2447,54.0603,6.675
174.8154,48.1145,6.675
56.0513,-34.8061,6.675
-176.7040,14.4688,6.675
149.9932,-44.6030,6.674
98.8235,15.3012,6.673
-96.3577,53.2090,6.673
21.3936,-43.5502,6.672
-155.3511,14.3629,6.672
-155.9769,-12.8805,6.672
-102.3721,45.9134,6.672
-156.0724,18.1364,6.671
123.0304,29.6713,6.671
118.1463,42.6278,6.670
19.9985,-19.4407,6.670
-71.2060,5.2814,6.670
-163.9845,-36.2255,6.669
67.2058,-40.3617,6.669
-33.6643,-55.1812,6.669
-142.9297,35.8835,6.669
-140.6973,-13.1760,6.668
129.3205,-44.0196,6.668
147.9983,-38.1668,6.667
-134.1371,-29.7505,6.666
139.9904,-35.8038,6.666
-6.7289,-46.5233,6.666
156.1215,18.1643,6.665
-143.6575,18.7156,6.664
-145.5513,-37.8149,6.664
97.8655,-30.2219,6.664
-143.3527,26.1610,6.664
-164.4468,-50.5096,6.664
83.7272,13.2474,6.664
8.3094,-22.4546,6.664
131.0320,7.5895,6.663
-172.9877,-1.6630,6.663
-20.7447,-38.8131,6.663
-82.7347,-56.9528,6.663
165.4911,-47.1910,6.663
92.5973,-32.1102,6.662
-132.6352,46.3577,6.661
-124.2121,-28.8538,6.661
76.9879,-38.1390,6.661
-129.8056,36.9589,6.660
-43.9127,-36.3059,6.660
-69.3054,-32.5138,6.659
-170.2721,-9.0424,6.659
108.1249,-8.3639,6.659
-108.3240,29.5297,6.658
-126.8717,16.5580,6.657
-175.1969,-5.5189,6.656
-71.3805,50.4029,6.656
-167.0153,5.1609,6.656
-90.7674,-15.3199,6.655
72.5527,-11.1979,6.654
152.4358,12.0962,6.654
152.8190,-2.2635,6.653
-146.3672,47.6079,6.653
58.3650,-0.8444,6.652
-174.2411,25.2904,6.652
-143.7470,-38.4588,6.651
-176.9103,15.1842,6.651
119.5899,-20.1591,6.651
-157.6854,-34.8003,6.650
-39.2353,-34.6783,6.650
163.2714,36.0037,6.649
156.3584,55.2842,6.649
-164.4846,35.5132,6.648
145.7785,-41.7023,6.648
-46.0078,-28.0355,6.648
-54.0943,57.1344,6.648
-168.3844,-46.9395,6.647
176.8223,14.0948,6.647
93.7445,-53.4071,6.647
101.6469,32.0430,6.647
-143.3887,-1.2035,6.647
-141.6096,40.9630,6.647
136.5820,-2.6418,6.647
68.2483,-54.9885,6.646
169.0793,-7.1827,6.646
129.5701,-5.0974,6.646
147.6937,-25.3501,6.645
-168.2605,38.4411,6.645
149.9062,26.2385,6.644
-110.8829,-58.5451,6.644
-148.2983,-5.3084,6.644
144.5673,-59.7065,6.644
108.9219,-45.7004,6.644
-102.3545,51.6604,6.643
138.0902,-33.3143,6.643
175.0140,11.6103,6.643
-94.4715,42.3388,6.642
171.9013,-0.9680,6.642
-140.7104,33.6107,6.641
6.1759,-53.3987,6.641
125.5608,20.9761,6.641
71.5545,-20.7624,6.640
-155.7658,38.0307,6.640
-109.8377,-9.1894,6.639
158.0747,34.9041,6.638
-14.6818,-6.3228,6.638
30.0976,-32.1501,6.638
-152.3055,12.4076,6.638
139.9535,-37.9893,6.637
167.9091,41.4403,6.636
-178.2275,-59.4284,6.636
-119.2009,45.4971,6.636
102.2931,-27.6050,6.636
46.1241,-56.7080,6.635
8.3445,-15.8884,6.634
170.7362,38.4352,6.634
-156.0642,-24.5568,6.634
37.1652,-56.9866,6.634
90.3428,-0.9426,6.633
-156.2468,-28.5648,6.633
-95.6170,-11.1108,6.632
163.2603,-52.5662,6.632
62.7761,38.5569,6.632
-53.7289,-40.1002,6.632
-128.3897,-30.0384,6.632
-99.2731,-58.5319,6.631
22.0459,-40.6371,6.631
-32.5710,-29.4203,6.631
133.9905,29.0277,6.631
-160.0951,23.1255,6.631
172.2609,41.2819,6.631
114.3459,-47.5028,6.630
95.2773,-29.5944,6.630
-128.2779,-55.4103,6.630
-46.3874,-47.1088,6.630
116.9265,-17.1349,6.630
35.0470,-20.2376,6.629
160.2599,1.6708,6.629
27.9363,-25.4812,6.629
-4.7603,-30.3620,6.629
98.5414,19.7241,6.628
-175.8328,-12.3752,6.628
53.8097,-38.2803,6.628
-60.5985,-44.9507,6.628
54.2340,-6.5836,6.627
-122.7423,18.9684,6.627
157.0553,-55.2307,6.627
169.4825,-52.3382,6.626
148.1308,-42.9346,6.626
164.7368,-4.2141,6.626
-171.8696,15.9664,6.624
117.3250,-3.4281,6.624
151.2640,-23.6930,6.624
-10.3799,-25.9645,6.624
150.5318,-0.0501,6.623
-137.7251,17.6907,6.623
-67.4327,-47.0565,6.623
45.3160,-28.5638,6.623
37.8674,-36.4155,6.622
121.7642,57.0620,6.622
-25.3519,-58.3839,6.622
-48.0720,-32.2681,6.621
34.7504,-24.1243,6.621
65.0091,-3.0543,6.621
27.8353,14.4659,6.621
-92.5209,37.4582,6.621
22.7978,36.0483,6.620
-159.8726,-57.1054,6.619
-61.1920,55.8356,6.619
167.7291,-12.1471,6.619
-130.5090,59.3847,6.619
71.0500,-50.9798,6.619
82.2857,-37.3873,6.618
-119.5797,21.4278,6.618
171.8820,-51.5311,6.618
32.6911,-35.4537,6.618
-157.7561,33.4503,6.617
-153.0588,45.8656,6.617
-176.3622,-18.8067,6.617
126.2790,-28.4414,6.617
-148.9382,-37.4971,6.616
142.0412,-1.0684,6.616
76.8407,38.9945,6.615
85.5059,-7.8952,6.615
91.8223,31.3690,6.615
-144.3989,42.9439,6.615
70.4555,36.6374,6.615
123.5086,-41.3152,6.615
-148.2794,-17.7056,6.614
-83.7630,33.9723,6.614
-119.0328,18.1715,6.614
151.8465,-1.4543,6.613
-141.7641,-44.4847,6.613
111.1811,-7.6426,6.611
114.9776,5.7614,6.610
-129.9181,38.4313,6.609
55.5014,5.4708,6.609
125.1603,-7.1566,6.609
174.1824,29.0637,6.608
-49.6490,-4.1639,6.608
110.3783,29.7581,6.608
112.5091,-25.3841,6.608
74.8147,26.6421,6.608
-121.5175,31.7944,6.607
-147.1101,-31.6898,6.607
111.7021,26.0579,6.607
49.3991,-35.0880,6.607
85.1678,1.5101,6.607
-85.7184,21.0503,6.607
-136.6149,32.7303,6.607
-161.2699,-29.1846,6.606
67.7229,-30.8632,6.606
-117.9647,36.1300,6.606
120.8741,-0.2706,6.606
-157.3447,-0.7694,6.606
-108.6948,21.5218,6.606
-156.1036,6.8219,6.605
-59.0248,-23.3988,6.605
-154.7534,-38.8096,6.605
-169.8208,-33.8026,6.605
151.5236,-2.5084,6.603
-175.8435,15.3266,6.603
119.3233,16.0897,6.603
102.5446,-58.6377,6.602
129.2977,41.4866,6.601
-172.0342,6.9788,6.601
145.3441,19.4773,6.601
168.0259,-46.8094,6.600
142.4252,-6.6401,6.600
-47.5064,41.5725,6.600
-174.4300,16.9941,6.600
-29.3477,-31.1509,6.599
-62.1453,-4.0648,6.599
-95.2997,43.1527,6.599
120.7939,-39.1254,6.598
-173.5751,35.6596,6.598
-163.2428,1.4431,6.598
109.6415,33.0553,6.597
-44.3348,57.8094,6.597
158.3849,38.8122,6.597
152.1164,49.5953,6.597
155.7476,43.5933,6.597
48.1686,-38.1330,6.596
79.6295,-41.4590,6.595
-23.8194,-42.5623,6.594
155.8997,11.0158,6.594
5.4322,24.1862,6.594
9.9892,-7.3589,6.594
26.4413,-48.2507,6.594
8.5258,-26.3298,6.594
101.7394,-28.1834,6.593
-115.5935,33.1028,6.593
141.7858,23.5202,6.592
-167.4327,54.1120,6.592
-152.9209,36.8387,6.592
-129.8956,23.9593,6.591
177.2869,-21.5988,6.591
-124.4666,-52.5197,6.590
-111.8131,11.4186,6.590
-176.4118,-31.8760,6.590
-31.0940,57.3885,6.589
-73.0688,23.4574,6.589
139.3340,-2.4851,6.589
-155.7285,-12.7337,6.589
90.2395,4.9261,6.589
76.5047,53.9359,6.588
-102.8064,18.7272,6.588
174.5328,55.3439,6.587
128.2752,-4.2472,6.587
81.3164,-35.5523,6.587
-102.3754,46.1130,6.587
145.5217,17.9871,6.587
-146.7347,-3.8081,6.587
-134.5466,11.4147,6.586
-68.0753,-9.0266,6.585
126.8078,12.6912,6.585
122.7442,-25.3215,6.584
126.6890,37.4786,6.584
-5.0119,14.0288,6.584
135.7580,58.4911,6.584
-160.0351,42.7204,6.584
-155.1939,18.1825,6.584
-81.1529,-28.4895,6.582
3.9427,-51.0782,6.581
173.0839,-53.5183,6.581
147.1413,22.5629,6.581
-123.8666,-36.7884,6.581
97.6013,36.5878,6.581
129.7628,-28.6942,6.581
74.1509,49.5899,6.581
-161.1987,-44.1366,6.580
57.6333,22.4319,6.580
113.5497,-19.6186,6.580
154.8846,-42.2431,6.580
107.9034,35.1250,6.580
143.6641,4.7574,6.579
154.7658,4.7710,6.579
-164.5942,43.2667,6.579
58.0528,-37.9941,6.579
-91.5013,24.6351,6.578
-100.6347,57.8883,6.578
-22.0794,-51.9884,6.578
-56.8250,-22.3066,6.578
174.2202,41.6431,6.577
-70.5795,-11.8728,6.577
-35.1914,-14.9657,6.577
-177.9582,17.4199,6.576
125.7608,-39.8705,6.576
55.3507,-46.5568,6.576
-21.0567,51.7381,6.575
178.6200,16.2935,6.575
-18.7967,53.5414,6.575
-125.0302,58.5145,6.575
92.5426,-3.5649,6.575
-54.2989,-27.8338,6.574
80.1053,6.6263,6.574
-152.0643,-21.2388,6.574
144.5058,-36.4211,6.573
-169.3200,58.6720,6.573
163.9333,9.6760,6.573
54.7717,-39.1049,6.573
-148.7893,33.7345,6.573
-160.8896,12.0041,6.572
146.4778,-46.6173,6.572
108.7258,43.1696,6.572
-52.2549,-12.7572,6.570
-165.0417,-50.4862,6.570
135.5977,31.2951,6.570
-80.6701,19.3470,6.570
114.2623,-29.5684,6.569
80.8843,-35.0698,6.569
1.3297,-58.0328,6.569
127.0122,56.4760,6.568
-176.3611,-25.0654,6.568
-167.2457,28.9389,6.568
118.0687,54.7817,6.568
-149.7006,-9.5000,6.568
69.0880,-38.6774,6.567
148.8262,13.0491,6.567
102.8143,-10.4734,6.567
-23.5738,56.1072,6.566
171.4296,-10.3669,6.566
149.8642,-54.8234,6.566
156.0753,-17.7039,6.566
57.1345,-40.1460,6.566
97.4523,-2.0904,6.565
-16.0845,-52.5450,6.565
-179.3330,8.0498,6.565
104.9896,-32.1804,6.565
-151.7721,-56.2790,6.565
139.8787,-18.0190,6.564
-151.7458,59.9432,6.563
76.5772,-11.1689,6.563
-140.0320,43.3795,6.562
48.1191,40.0908,6.561
-99.5282,46.8902,6.561
-3.2530,46.8341,6.560
168.4576,50.7164,6.560
156.5865,27.0796,6.560
78.3956,36.2544,6.559
104.4078,-25.8381,6.559
164.0283,-16.7155,6.559
-6.7150,-52.7054,6.559
99.3235,-37.7383,6.559
100.4478,-10.4372,6.559
143.1788,-22.6850,6.558
128.7291,4.6242,6.558
-156.8404,-0.6778,6.558
-8.2325,-22.4786,6.558
88.6429,-42.5370,6.557
-73.9056,2.4002,6.557
154.4375,42.7883,6.555
-171.2108,-2.1925,6.555
168.3044,42.4991,6.555
158.4534,7.3087,6.555
154.5692,22.4951,6.554
148.8691,-48.4204,6.554
90.6374,22.3588,6.554
-79.7833,29.1795,6.553
-144.6322,-27.8727,6.553
112.7709,-18.6226,6.552
129.8363,26.2251,6.551
126.6715,21.4936,6.551
131.0850,31.4017,6.551
142.3174,-31.9569,6.551
142.5523,-54.1289,6.550
148.5188,-56.7936,6.550
103.7317,-30.9854,6.550
-84.1963,29.9186,6.550
65.4818,-48.3135,6.550
-168.1455,36.2451,6.549
109.2220,5.1171,6.549
65.2515,-47.8986,6.549
93.3924,20.0644,6.549
-158.4695,-32.1314,6.549
178.7477,4.5989,6.548
155.1266,-18.2226,6.548
-139.7491,51.1422,6.548
127.6446,-7.7956,6.548
10.2718,-24.7609,6.548
152.5599,15.1720,6.547
91.5614,-36.9611,6.547
39.2947,-4.9900,6.547
71.5985,1.6634,6.547
-167.7329,-2.1444,6.547
157.8163,0.8864,6.547
113.7012,32.1343,6.546
-168.1575,-26.1018,6.546
161.1064,1.2981,6.546
17.9804,-20.7650,6.546
-21.5772,51.6586,6.546
-18.1830,54.7902,6.546
9.4936,-7.9229,6.546
125.5817,-43.4195,6.545
53.6955,59.8639,6.545
-56.4383,49.4078,6.545
53.4681,-51.7424,6.545
-161.3656,-7.8222,6.544
158.2514,40.2610,6.543
-143.1829,17.6037,6.542
1.6290,-45.0336,6.542
-121.5409,24.2328,6.542
-20.0390,55.8352,6.542
136.2790,51.0474,6.541
-163.1782,1.8223,6.541
-86.5402,43.0401,6.541
78.2626,-42.5238,6.540
-147.3926,-44.3557,6.540
11.3266,-10.2281,6.539
105.7797,5.5696,6.538
-114.2222,-16.6135,6.537
-101.8174,45.5759,6.536
-157.3309,-3.5677,6.536
76.8359,1.3151,6.536
78.6342,2.0834,6.535
-109.5620,-8.4879,6.535
-125.4223,10.9967,6.535
-158.8282,-2.6227,6.535
9.2364,-49.1213,6.535
75.0231,10.6446,6.535
113.3166,-9.8574,6.534
-125.2213,-43.1633,6.534
-138.8174,35.0266,6.534
-128.2609,51.8538,6.534
145.4662,45.8824,6.534
-142.2616,-5.1075,6.533
-13.6875,-48.7488,6.533
-151.2729,6.0757,6.533
-178.3674,5.5521,6.533
-9.1840,-51.9613,6.532
139.4393,29.8055,6.532
-131.3915,59.4707,6.532
-4.8181,-39.5915,6.532
111.3279,-23.0925,6.532
71.4548,-59.1765,6.531
-78.3915,18.7646,6.531
21.5369,-39.5562,6.531
-107.7949,38.7774,6.530
-131.4157,-1.6735,6.530
90.2793,53.4539,6.529
117.3283,-22.3338,6.528
-17.0810,-30.1345,6.528
-155.2914,23.8844,6.528
-126.7005,3.1887,6.528
-18.4683,-41.2281,6.528
158.3025,5.0461,6.528
171.8816,-10.5118,6.527
120.8327,7.2157,6.527
-160.6885,2.1128,6.527
133.5629,-37.7662,6.527
72.2268,-59.2956,6.526
138.2574,-14.7067,6.525
145.8675,48.5908,6.525
62.1921,-20.3061,6.525
-147.9658,34.0601,6.525
148.1962,-42.5325,6.525
153.2167,32.3673,6.525
-123.4973,36.2322,6.525
136.6218,17.6076,6.524
-142.4598,-5.6103,6.523
13.1757,-55.0929,6.523
171.1676,51.5929,6.523
-117.8217,23.6116,6.523
145.8964,-2.1091,6.523
-70.4835,2.0198,6.522
-59.1033,-48.0552,6.522
-141.3759,-33.7292,6.522
44.3058,36.2937,6.521
69.8381,35.9189,6.521
119.4489,-35.5962,6.521
92.2975,8.1043,6.520
144.9123,-15.1810,6.520
-172.0999,-45.3670,6.520
-172.9056,37.7100,6.520
-171.0752,8.5049,6.519
-172.2258,30.5976,6.518
-146.9242,23.1192,6.518
-167.7095,48.6537,6.516
36.6151,-58.6379,6.516
149.7044,-58.8078,6.515
168.5642,-16.0120,6.515
79.3686,27.4975,6.515
178.3103,42.5959,6.514
108.4441,19.1908,6.513
42.1411,0.5623,6.513
-147.4432,-37.5544,6.513
156.0162,-44.6516,6.513
174.4987,43.0938,6.513
-97.6718,-55.4245,6.513
140.8277,29.7890,6.513
18.7799,45.4125,6.512
136.5466,27.5822,6.512
-38.1743,-58.2695,6.511
-142.7328,11.4351,6.511
-169.9466,30.4977,6.511
97.4564,18.7719,6.511
31.9940,-39.6306,6.511
139.2185,8.4628,6.511
-134.9639,-46.8448,6.510
70.7923,4.7470,6.510
-164.3539,5.0054,6.509
-151.7042,27.5377,6.508
-106.8737,56.9051,6.508
97.4425,32.0358,6.508
79.9532,-45.1816,6.508
-138.1993,-6.9474,6.507
-161.0340,9.6263,6.507
-147.2090,-1.7911,6.507
160.3769,44.4479,6.507
19.4324,-16.9538,6.506
93.4207,-5.8281,6.506
147.4735,-38.6003,6.506
-5.2406,-6.8379,6.506
-110.4702,-48.4020,6.505
101.9040,-47.8041,6.505
-41.0155,-37.0904,6.505
123.0370,-51.7852,6.504
150.4669,9.6544,6.503
-137.5673,-13.1101,6.503
138.9150,-34.9858,6.503
162.1863,-47.6849,6.503
-128.2718,37.4539,6.503
-42.0213,30.1631,6.502
69.6787,28.8508,6.501
-35.6580,-13.8188,6.501
65.7359,-50.1288,6.500
-46.5854,4.6694,6.500
58.9292,-38.2638,6.499
152.1684,22.1391,6.499
99.4963,-33.0648,6.499
-157.3776,44.6575,6.499
-5.2380,-28.7665,6.498
35.7006,-58.0114,6.498
147.4775,-19.4739,6.498
3.5472,-6.7674,6.498
68.4445,-23.6631,6.497
100.5548,47.5933,6.497
-88.1359,-28.5481,6.497
108.4428,-49.5944,6.497
-136.6049,-46.6981,6.496
-138.6914,28.0751,6.496
-167.7797,56.2472,6.496
-149.2454,33.2515,6.496
-165.8032,-7.6896,6.496
118.5752,42.4001,6.496
-111.3993,44.4354,6.496
-142.3410,21.9593,6.496
161.6922,18.2132,6.495
35.2072,-6.0275,6.495
-133.2496,21.9610,6.494
-161.6611,18.1150,6.494
-41.9725,-53.6261,6.494
100.5631,45.4349,6.494
132.0727,5.0496,6.493
120.1745,15.0305,6.493
-157.8137,44.4154,6.493
-54.0889,-52.4427,6.492
73.0735,-17.2630,6.492
64.2110,-59.5106,6.492
-112.0556,-51.5008,6.490
149.5121,-21.8095,6.490
-7.7493,-51.3686,6.490
126.7747,10.6935,6.490
77.6770,11.4100,6.489
-76.9099,19.6286,6.489
-92.5651,44.6062,6.489
174.2408,28.5666,6.489
144.7459,-58.3572,6.489
-103.0005,-19.1329,6.489
172.8853,-3.3924,6.489
-98.6300,52.5398,6.488
-21.9737,-41.3556,6.488
-172.7214,-24.0970,6.488
38.0642,-11.6510,6.487
-72.7207,-20.6331,6.487
138.5639,18.4855,6.487
175.6738,24.7207,6.486
92.4134,-12.3754,6.486
-115.5792,28.0712,6.485
-133.7746,-8.4536,6.485
7.0672,-34.5824,6.483
24.1985,-54.7329,6.483
-44.9462,-3.1869,6.483
-177.5226,14.9366,6.483
-135.1083,-20.3109,6.482
-131.1715,59.6778,6.481
137.7523,14.6027,6.481
75.2173,-20.2112,6.481
174.7308,-53.3242,6.481
70.6483,7.5243,6.480
157.3025,44.7607,6.480
48.3228,33.2234,6.480
-171.4198,27.7756,6.480
-17.0013,-39.6568,6.479
132.5543,31.9737,6.479
-103.5494,43.0626,6.478
-157.8831,41.5328,6.478
78.5085,-21.5222,6.478
57.0251,-4.6956,6.478
140.4033,58.3352,6.477
119.8711,-23.6053,6.477
-153.7471,-32.4144,6.477
179.0380,39.6668,6.476
151.4039,0.2705,6.476
-138.7271,-16.8592,6.476
157.8867,15.5485,6.475
166.3120,28.3263,6.475
75.5867,15.1373,6.475
-145.4728,-22.0553,6.474
119.4151,-48.2563,6.474
179.0849,13.6334,6.474
58.3316,-6.6797,6.474
-157.6887,20.4714,6.474
71.1450,-55.6529,6.474
117.1328,-49.4604,6.474
157.5164,-1.3922,6.474
162.8850,23.3141,6.473
80.6071,13.8968,6.473
25.7306,-29.3950,6.473
17.0119,-42.0640,6.473
90.3640,28.2822,6.473
139.0641,25.5520,6.472
80.0572,45.2820,6.472
-77.0565,-53.3760,6.472
8.8200,-31.9232,6.472
54.2008,-22.1104,6.472
145.4055,-20.8133,6.471
-162.6467,-26.8168,6.471
-18.0356,-42.5321,6.471
-123.0741,-1.8974,6.471
-1.2644,-50.7774,6.471
174.5917,-38.4808,6.471
116.8868,8.5873,6.470
-32.8588,-34.5745,6.469
-61.0985,-54.0985,6.469
-160.9860,51.7153,6.468
80.6251,-52.6984,6.467
46.6426,-56.5436,6.467
89.2084,-34.0932,6.467
-55.7017,-23.2282,6.467
-90.9472,-1.9840,6.466
153.8770,30.3534,6.465
127.1713,16.8604,6.465
138.9624,23.5737,6.464
44.8757,-58.5423,6.464
-122.5714,47.7561,6.464
-125.3747,33.7936,6.464
153.0771,18.4838,6.463
-161.1158,29.4010,6.463
-48.1749,-13.7902,6.463
-172.8862,54.1162,6.463
150.5354,-9.7282,6.463
-161.6417,-18.8033,6.462
148.2726,45.2521,6.462
22.5197,-46.3767,6.461
-83.5814,-55.8660,6.461
152.3861,53.2867,6.461
157.1404,-51.6664,6.461
-161.9702,17.0584,6.461
-164.1885,46.4647,6.461
-112.2155,25.3990,6.460
-134.3257,-15.3211,6.460
-77.6515,48.0746,6.459
-168.2461,6.6136,6.459
-170.2157,-47.2637,6.459
-76.2104,-55.3980,6.459
-169.7322,42.1393,6.458
-165.4247,-20.5394,6.457
-154.7791,-5.6540,6.457
95.4936,-29.4324,6.457
4.3813,19.6852,6.457
-86.6392,5.3283,6.457
167.5805,-20.1126,6.457
166.8401,-7.4317,6.457
-70.3579,-9.3878,6.457
147.6925,30.8409,6.456
-95.3060,30.9335,6.456
-49.3883,-26.9781,6.456
174.9366,35.2756,6.456
-174.5375,10.0280,6.456
173.5043,38.8501,6.455
158.2253,43.2927,6.455
-70.1685,58.1900,6.455
-75.6061,10.2835,6.455
-2.2281,-54.9187,6.454
115.8699,-34.9300,6.454
-52.2633,46.4869,6.453
-60.4417,-20.3576,6.452
-8.9421,-10.8941,6.451
-134.1696,28.2470,6.451
-92.1601,15.3438,6.450
88.3339,-11.9210,6.449
-154.1133,30.3036,6.449
156.4060,41.3002,6.449
-138.3060,-17.1141,6.448
-95.2040,-56.3737,6.448
98.7082,-24.6069,6.448
125.7861,-0.8445,6.448
78.3607,5.9261,6.447
13.3887,17.0680,6.447
79.2323,2.5559,6.447
-77.2671,14.4265,6.447
46.0612,-45.3564,6.446
-158.0660,14.3632,6.446
159.2431,8.6326,6.446
132.8612,2.3059,6.446
-176.5084,-53.6423,6.445
124.4766,-34.0784,6.445
76.8770,15.0938,6.445
154.1359,-7.8906,6.445
149.9510,21.1952,6.445
167.9205,-43.4655,6.443
118.1028,47.7893,6.443
-159.7549,27.5158,6.443
-153.2146,44.2437,6.443
11.1567,-15.4639,6.443
66.2660,40.3722,6.442
169.8272,22.1600,6.442
-94.6521,25.4143,6.442
-150.3402,32.0856,6.442
136.5719,-50.1012,6.441
140.3924,-1.4267,6.441
-137.9107,-24.1715,6.441
-126.1099,19.1638,6.440
-160.3579,52.5985,6.440
-178.1715,14.9526,6.440
166.5598,9.6973,6.439
132.9591,13.6269,6.439
-48.4947,44.4780,6.439
-54.7770,-51.9153,6.439
115.1909,35.4234,6.438
-159.4977,58.6939,6.438
146.5596,-48.8291,6.438
92.5864,-11.6024,6.438
-0.5213,-50.0247,6.437
-162.6744,-58.8805,6.437
-26.5231,-35.8213,6.436
153.3805,-26.6858,6.435
133.5252,31.5378,6.435
143.4661,6.7091,6.435
-161.0457,-17.0468,6.435
-131.9945,-6.3755,6.434
155.5093,-2.3238,6.434
104.8365,20.2384,6.434
-97.7552,35.2767,6.434
-76.0641,46.4578,6.434
-112.4234,-11.8699,6.434
-145.7064,40.8310,6.434
16.4867,-39.6748,6.433
152.3401,-12.5737,6.433
-133.1249,59.9386,6.433
-152.7389,55.9589,6.433
123.6324,-29.7083,6.433
151.6928,-35.9412,6.432
96.2932,-56.7036,6.432
-4.0365,-32.5897,6.432
167.0815,15.3938,6.432
68.9493,27.6832,6.431
56.2081,-45.9590,6.431
13.1388,-51.0974,6.430
-129.8135,48.4098,6.429
153.0606,-38.6368,6.429
147.9825,2.8209,6.429
-162.7074,40.1776,6.429
-35.3332,7.7423,6.428
-164.0928,-4.5411,6.427
164.6972,25.0965,6.427
-77.8527,51.6786,6.426
-122.6622,28.1982,6.426
-26.8647,53.6451,6.425
6.3518,-2.4515,6.425
69.5854,-3.6676,6.425
143.4661,-2.8988,6.425
142.5904,9.0686,6.425
-46.7256,41.4861,6.424
126.4462,7.2795,6.423
-137.8885,32.5763,6.423
123.4628,-17.8835,6.423
108.0307,21.2931,6.423
33.2421,-37.6366,6.422
88.4870,6.3881,6.422
-124.2623,34.0507,6.422
-47.1303,13.8123,6.422
-133.9352,8.9593,6.421
-57.5540,-25.4667,6.421
168.2421,16.8436,6.421
172.3807,-12.2376,6.420
43.0208,35.8435,6.420
127.2497,-57.7168,6.420
-75.3809,30.5485,6.419
111.9312,0.2234,6.419
-170.3843,1.3007,6.419
-149.4380,8.4348,6.419
18.7563,3.6555,6.419
-95.7613,-52.8010,6.418
49.0785,-32.7391,6.418
170.2900,1.4703,6.418
8.6538,-28.1477,6.418
167.7417,20.2696,6.418
102.0199,5.8901,6.418
-131.7809,46.7549,6.417
17.7473,-29.6079,6.417
142.2173,-31.0830,6.417
151.9313,-53.7365,6.417
129.6508,-34.7110,6.416
-135.5445,43.6047,6.416
-130.8510,54.8078,6.416
176.2713,21.9054,6.415
12.9814,-12.7812,6.415
-139.0150,-20.1790,6.415
74.7713,37.6220,6.415
-134.4467,37.7484,6.415
-141.3747,16.1587,6.413
-31.1142,-48.4107,6.413
98.7530,19.5685,6.413
-108.2589,31.9111,6.412
-179.4289,6.7879,6.412
-136.1628,57.9081,6.411
-163.9893,27.2016,6.411
-171.9722,43.7800,6.410
126.8499,-36.0525,6.410
150.1061,-11.6875,6.410
-147.6011,-2.3568,6.410
167.6861,57.4141,6.410
-32.3763,5.4010,6.410
-71.8698,-53.1996,6.410
-114.4450,-50.0371,6.409
-161.5314,-2.4620,6.409
-70.8025,12.7997,6.408
72.1706,-57.8114,6.408
155.1868,-16.4295,6.408
102.2420,-26.2351,6.407
91.4697,-24.5839,6.406
-132.0718,40.7943,6.405
136.7289,-6.6964,6.405
105.1665,-29.9320,6.404
-160.7058,-10.5716,6.404
23.0588,-19.5290,6.403
-22.3572,55.2008,6.403
-121.0839,9.2581,6.403
-150.8261,23.5265,6.403
158.0069,-43.5817,6.402
-167.4660,-5.1818,6.402
-177.3758,-22.0099,6.401
25.6023,-29.3046,6.401
12.9725,17.9922,6.401
-98.8991,53.7183,6.401
127.1590,-31.9271,6.401
-148.4370,21.8142,6.401
-109.6209,47.3053,6.401
30.6427,-36.1045,6.400
-167.7947,12.7967,6.400
55.7148,6.5309,6.400
-115.9972,26.1139,6.400
63.0601,30.1463,6.400
-110.2095,40.3303,6.400
139.3360,-35.5028,6.400
86.3867,17.2388,6.399
-174.3556,53.1231,6.399
106.3495,15.4992,6.399
-173.9761,11.9276,6.399
-115.7325,38.7165,6.398
-107.2182,52.0526,6.398
134.6122,46.6296,6.398
-1.9689,14.9022,6.398
-4.8969,-47.7687,6.398
54.0062,-5.8935,6.397
-25.6751,-37.4833,6.397
158.8187,-16.1154,6.397
3.5525,-7.1404,6.397
89.2212,4.1880,6.397
46.9005,-29.7670,6.397
176.1067,-6.4463,6.396
108.9127,-54.4647,6.396
111.5508,26.5144,6.396
147.9985,22.3249,6.396
-37.8533,-38.3777,6.395
-113.6979,50.7898,6.395
-26.6372,35.3663,6.395
138.3874,32.6118,6.395
-170.2491,51.0229,6.394
-18.0997,-44.8264,6.394
51.5736,-24.6991,6.394
-73.2206,59.5885,6.393
-134.0016,27.9482,6.393
176.7144,57.8081,6.393
125.7936,20.0016,6.393
146.5336,-41.8724,6.393
-178.9878,10.2451,6.393
-67.0919,58.9727,6.393
139.4130,-48.1547,6.392
77.7372,10.9224,6.392
-35.3260,-31.6323,6.392
108.6089,-19.5531,6.392
161.4634,-42.5646,6.392
-149.2572,43.0565,6.391
165.9381,41.2583,6.391
98.1496,-36.0495,6.390
42.8418,-39.8073,6.390
-149.9358,43.6462,6.389
174.8839,-23.7042,6.389
173.4559,2.9893,6.389
-170.1635,35.0323,6.388
168.2696,-52.9577,6.388
178.4379,5.7662,6.388
-126.4857,-48.3961,6.388
-9.5813,-30.8975,6.388
-77.4413,26.0545,6.387
69.1338,-14.0183,6.387
66.3190,-17.1836,6.386
126.2702,-39.8493,6.386
20.8306,-9.1567,6.386
19.2055,16.6400,6.385
4.7906,-2.5272,6.384
135.3484,37.2896,6.384
121.9040,29.0637,6.384
68.1296,7.2827,6.383
-77.2945,-58.2318,6.383
85.0094,52.8916,6.383
166.3569,47.0197,6.383
69.2312,-46.0870,6.382
76.4420,1.0795,6.382
-17.3792,-45.1120,6.381
-85.7289,13.7551,6.381
132.2233,-10.4235,6.381
-159.0179,-43.4204,6.381
-60.4851,-29.1964,6.381
119.1849,-39.4968,6.381
111.7583,38.8874,6.380
-83.6421,15.3933,6.380
91.6977,42.0611,6.380
-142.5090,14.7235,6.380
116.1084,-18.7181,6.380
142.3585,19.7360,6.379
36.6365,-36.9117,6.378
124.7347,42.8731,6.378
145.5175,-14.7996,6.377
69.6787,35.0766,6.376
-42.3836,-34.7958,6.376
121.6826,36.3151,6.375
76.9744,7.7620,6.375
-163.7156,1.3198,6.375
-118.9000,15.5500,6.375
7.6191,-33.9664,6.375
-84.6118,40.0911,6.374
75.2548,55.7139,6.373
-110.3225,57.3371,6.372
-119.0163,-45.7482,6.372
-2.4016,-2.1222,6.372
150.6357,21.9679,6.371
150.1131,19.5325,6.370
-154.1970,-57.2839,6.370
-50.4013,57.2732,6.369
-164.7428,-36.2564,6.369
13.2079,6.9358,6.369
-149.5983,24.1577,6.369
-121.2379,39.5668,6.369
141.2696,-14.8502,6.368
-155.1295,14.1728,6.368
146.5558,-58.1858,6.368
175.5094,39.4024,6.367
-0.1320,-29.9433,6.367
132.3984,-29.8631,6.367
131.9847,-51.5668,6.367
-77.1485,54.3995,6.366
-67.6445,42.8604,6.366
-168.8262,-0.8708,6.366
-32.5472,-22.3200,6.366
176.2025,54.9015,6.365
-96.5685,39.6643,6.365
3.2978,16.5852,6.365
-31.5875,-27.4889,6.365
175.7778,48.8154,6.364
-55.0098,17.3794,6.364
-95.1027,20.4222,6.364
145.9616,23.8462,6.364
-138.6160,-15.8394,6.362
-167.4304,12.5317,6.361
-124.3322,38.7890,6.361
-151.0009,-47.9120,6.361
-147.6002,38.3918,6.361
167.0199,-23.7898,6.360
100.4751,-33.4206,6.360
-164.2479,-6.3445,6.360
-78.2072,-27.9695,6.360
-33.0710,-34.2901,6.359
147.0544,30.0556,6.358
-99.6133,28.5911,6.358
-103.7840,17.0404,6.357
-157.0029,2.2272,6.357
29.6634,-56.7402,6.356
-157.3455,36.2356,6.355
-145.3982,54.3062,6.355
168.2829,23.4067,6.355
92.3599,31.8249,6.354
-29.5139,5.2625,6.354
-109.5475,58.4070,6.354
-144.5919,-22.9519,6.353
-21.4596,-14.3559,6.352
-174.2405,41.0296,6.352
-95.6964,18.5223,6.351
71.3064,-2.3620,6.351
-16.9481,-59.5087,6.351
94.8802,7.4911,6.351
-65.1086,-6.8557,6.350
-149.9822,-25.4986,6.350
21.0359,29.7029,6.350
-174.4368,-2.3689,6.349
109.1298,-18.0794,6.349
70.6014,19.3244,6.348
146.0106,11.5745,6.348
-77.5275,15.7276,6.348
-134.6638,30.2336,6.348
-165.4595,-24.9685,6.347
97.5047,5.9810,6.347
-173.9093,-36.1852,6.347
-137.1931,26.3185,6.347
127.0112,-7.9294,6.346
-166.7255,27.1683,6.345
116.8983,0.9494,6.345
-141.6903,32.6247,6.344
60.0989,-18.4162,6.344
155.4632,3.8589,6.344
-117.6137,-42.9536,6.343
177.2553,3.4241,6.342
163.4773,-8.8557,6.341
174.6758,-4.5599,6.341
135.7029,-42.5331,6.341
-131.2065,3.3860,6.340
-1.0001,-50.8946,6.340
-167.6791,-5.5482,6.340
-119.9045,45.8156,6.339
-43.9704,40.3596,6.339
57.6428,-34.6577,6.339
-66.0178,1.3357,6.339
6.5189,-32.9453,6.339
-156.0532,29.0949,6.338
-167.4991,-29.3034,6.338
-135.1879,43.8024,6.338
-147.1921,-12.9904,6.338
53.4352,-8.8897,6.338
122.2534,-36.5149,6.338
101.1526,14.2816,6.336
-131.6404,34.4178,6.336
-72.0993,26.2903,6.336
-151.3312,-11.2107,6.335
125.2673,-49.5533,6.335
-22.6762,-9.7743,6.335
-160.7971,-24.4373,6.335
114.8336,56.0668,6.334
144.9878,33.3013,6.334
69.3268,22.6046,6.334
-6.2549,-28.2679,6.333
-164.7418,-36.4018,6.333
66.6502,40.3693,6.332
-13.9602,-49.3158,6.332
-92.1897,46.0170,6.332
-96.7082,23.6494,6.332
93.4212,7.3556,6.331
-164.1702,-49.3505,6.331
-26.7388,5.9315,6.331
-82.0394,-23.0169,6.330
159.0229,-16.1049,6.330
114.2930,4.2405,6.330
122.1918,-18.2378,6.330
72.8537,5.2365,6.329
153.6895,-56.0072,6.329
-137.4747,36.9485,6.329
145.6858,38.8299,6.329
166.3131,15.8889,6.329
22.0082,-54.2836,6.328
154.2981,-9.8992,6.327
170.8450,-11.6618,6.327
58.3428,3.7759,6.327
144.2964,-36.1245,6.327
-149.9052,28.0025,6.327
-114.5966,-26.1377,6.327
80.3441,39.8248,6.326
-154.7904,3.0149,6.326
124.0688,18.3786,6.326
177.7197,31.5494,6.326
-157.6885,-26.3473,6.326
-143.6266,21.2501,6.325
39.9511,-25.8263,6.325
134.9944,-2.6324,6.325
141.0076,-27.8388,6.325
67.2866,19.1875,6.325
96.5747,20.9668,6.325
60.7764,-46.5787,6.324
-95.2117,49.6430,6.324
-122.1143,-42.0817,6.324
11.2792,-36.2621,6.323
-103.1645,-2.8792,6.323
149.9593,37.3977,6.322
38.5039,-28.6514,6.322
-73.1198,9.1274,6.322
-26.9747,-54.8217,6.322
-91.9633,36.1875,6.321
62.9289,2.8139,6.320
-167.0507,27.2254,6.320
167.2030,-13.4114,6.320
69.2688,2.6699,6.320
102.8795,27.6509,6.320
-155.1623,0.2283,6.320
15.4384,19.6354,6.319
171.7977,39.0186,6.318
-11.4066,-52.3418,6.317
85.8734,-55.8062,6.317
105.0322,-43.1183,6.317
-112.0540,34.3927,6.316
-34.8818,-37.3409,6.316
-165.3443,45.4775,6.315
80.8371,-57.2947,6.315
-10.8758,-33.5510,6.315
87.6673,34.8913,6.313
144.7461,8.5371,6.313
99.2846,58.2789,6.312
-144.6469,35.4370,6.312
-25.3089,-48.1409,6.311
61.6939,13.1200,6.311
-126.0003,53.6516,6.311
91.1595,-3.1388,6.311
-160.3546,42.7361,6.311
-62.3098,-32.4240,6.311
114.6009,20.1307,6.311
169.3663,51.5345,6.311
7.4325,-47.0300,6.310
-132.4468,40.4418,6.310
-64.3091,-52.7092,6.310
-117.6244,27.5946,6.310
-135.1551,43.3446,6.309
-121.5998,-42.5962,6.309
156.2635,24.5101,6.308
97.2442,4.4288,6.308
148.2098,-40.8303,6.308
140.2627,7.9466,6.308
164.1927,-15.9819,6.308
-170.1751,51.5290,6.307
-60.7328,33.5659,6.307
-1.6640,-42.9734,6.306
74.1121,-44.0121,6.306
-162.8050,-26.7314,6.306
-151.4053,43.1072,6.306
-168.3057,-26.3088,6.306
-143.9829,-22.9424,6.306
76.1821,13.3242,6.305
88.2485,-10.4955,6.305
16.9453,-37.8854,6.305
-39.0897,8.3076,6.304
133.0976,-44.9459,6.303
-120.3670,20.6894,6.303
120.8384,-24.2835,6.303
143.7372,-51.1046,6.303
-163.3183,47.7316,6.302
22.1712,-31.7509,6.302
111.6241,50.2402,6.302
-1.1608,-6.6826,6.302
101.1971,-19.5361,6.302
35.6890,-22.6955,6.301
-153.9301,-35.7747,6.301
166.8987,8.8757,6.301
164.5826,-17.9505,6.301
77.7100,51.3222,6.301
102.7414,47.7851,6.300
155.7167,32.3309,6.299
59.3074,8.6329,6.299
168.6467,0.5439,6.298
-169.2575,2.6501,6.298
-113.1980,24.5825,6.298
-107.2719,43.7522,6.298
-151.9653,34.7990,6.298
-19.2752,-50.3372,6.298
-166.6603,33.0635,6.298
105.4753,15.5590,6.297
148.5635,-15.1219,6.297
-115.7402,58.5437,6.297
-134.1091,-32.4148,6.296
-170.9802,8.0560,6.296
138.8734,-37.1742,6.295
-68.9757,0.4492,6.295
134.7850,-13.2949,6.295
-47.0606,46.2395,6.295
142.0808,18.9616,6.295
-158.5183,32.2444,6.295
152.5096,37.9942,6.294
-158.6513,17.7913,6.293
-143.5864,10.6353,6.293
103.4054,-15.9120,6.292
151.4526,-2.7480,6.292
163.2337,-3.3660,6.292
67.0629,52.2554,6.291
69.3649,-35.2859,6.291
126.5943,-37.2325,6.291
-161.9406,-34.1388,6.291
-179.6141,-32.9881,6.290
21.7764,-24.8751,6.290
83.0343,21.0975,6.290
-89.7538,41.0803,6.290
62.6089,41.0101,6.289
0.9078,-18.0507,6.288
-147.7775,-42.2264,6.287
78.0487,-5.4514,6.287
51.3581,-35.1653,6.286
141.9106,-30.0735,6.286
-68.8089,11.5345,6.285
174.4756,26.3851,6.284
-143.9565,-17.6538,6.284
-14.7739,-37.3516,6.283
144.8570,-37.2769,6.283
-65.9612,-53.3396,6.283
-7.7510,15.7917,6.283
151.9335,-2.6486,6.282
103.4960,-11.2106,6.282
35.5378,-40.1369,6.281
142.3136,24.9518,6.281
-171.7820,-1.0122,6.281
-86.1760,-45.6037,6.281
-119.0768,7.2231,6.281
47.0889,-41.6941,6.281
77.4236,0.3191,6.280
-36.9221,-44.4583,6.280
-118.0045,35.1975,6.280
82.8432,27.1550,6.280
-88.7345,34.6066,6.280
168.8703,4.8473,6.279
-160.9336,-48.1774,6.278
139.5425,0.6510,6.277
-165.4233,-23.8282,6.277
-102.4063,19.0623,6.276
-1.8789,17.1804,6.276
109.4440,19.3480,6.276
1.3604,-20.9607,6.275
-100.4956,44.8012,6.275
-92.6924,48.9264,6.275
-152.6624,-13.2827,6.274
20.5386,-58.9652,6.274
23.2317,-51.3432,6.274
-169.7844,-12.5823,6.273
88.3286,5.6905,6.273
-157.1553,-2.2822,6.273
153.3863,-56.8013,6.273
134.6694,17.5196,6.273
-137.8958,23.3258,6.272
103.6243,28.1218,6.272
89.2952,20.8236,6.272
114.7490,1.3778,6.272
-94.8492,-11.8332,6.272
67.6370,-8.3231,6.272
-36.0899,-42.0724,6.272
-178.1784,13.6754,6.272
-151.9481,1.3268,6.271
84.3707,4.4759,6.270
-167.1253,45.0519,6.269
-69.0647,-13.6842,6.268
-155.9010,31.6336,6.268
98.6572,-29.3443,6.268
-56.5560,-48.9585,6.268
-142.5500,-41.2061,6.267
135.9545,30.5779,6.267
29.7963,-41.0807,6.267
41.7948,21.7638,6.267
-18.1282,-35.1551,6.267
148.4776,-29.8194,6.267
-162.4380,-25.0441,6.266
-178.5462,-26.4626,6.266
-59.2427,-32.1201,6.266
-98.2905,0.6371,6.265
-15.9051,-28.8471,6.265
-70.6039,-9.0562,6.265
80.2663,2.4944,6.265
-97.2318,32.9340,6.264
66.3451,-56.5078,6.264
170.8029,40.5267,6.264
167.0797,15.2092,6.263
25.5774,-41.7807,6.263
-154.5383,-40.2245,6.263
-134.0941,38.5383,6.263
-49.3625,-21.8978,6.262
96.8594,57.7065,6.262
-150.5979,11.0472,6.262
146.0117,30.3260,6.262
42.1719,22.9152,6.262
-177.8207,58.0774,6.262
152.7759,-43.9850,6.261
128.6536,59.6101,6.261
-29.2514,51.3381,6.261
22.5658,-37.4480,6.261
-92.7196,56.8623,6.260
-137.7082,-22.2504,6.260
93.2804,15.2328,6.260
171.3672,15.3547,6.259
74.1947,12.9031,6.259
-113.3367,31.8940,6.259
138.9682,-10.4742,6.259
-97.9650,-55.6966,6.259
57.1200,42.6515,6.259
130.7720,-35.3283,6.258
-123.7366,11.4127,6.258
106.6986,-24.8658,6.257
66.9502,-12.4144,6.257
120.5409,48.4670,6.257
-162.3185,19.3803,6.257
66.3362,47.3267,6.257
137.2074,-13.6172,6.257
-50.8776,29.4737,6.256
-109.3836,54.2740,6.256
172.4124,1.7986,6.256
-86.9011,-50.3014,6.255
158.4285,7.1064,6.254
94.7974,-24.6899,6.254
-45.6880,37.4766,6.254
-68.5946,-51.7600,6.254
116.7112,57.2197,6.254
174.4978,-3.4482,6.254
-175.7371,-55.1904,6.253
164.0683,-19.3293,6.253
162.1954,-48.2243,6.253
-33.2226,-27.9207,6.253
158.0505,7.7115,6.251
116.0069,9.1421,6.251
-108.4146,58.4218,6.250
-57.9243,-30.7240,6.249
-160.8721,-33.3734,6.249
-153.3311,25.4720,6.248
89.3182,-14.1699,6.248
114.1561,-26.3963,6.248
129.1143,-14.8168,6.248
156.1887,46.0630,6.248
-49.0130,-44.4009,6.248
-63.1562,-14.3459,6.247
-1.1252,-44.0438,6.247
106.2419,-15.9901,6.247
150.5546,53.0473,6.247
-129.8032,-54.7354,6.246
146.0497,48.2538,6.246
114.5693,58.0402,6.245
-56.4803,-20.4918,6.244
106.4931,27.4659,6.244
-63.7059,-26.4184,6.244
-150.5138,-9.7489,6.244
-99.3176,-38.8236,6.244
114.7249,5.9659,6.244
66.1856,-34.6194,6.244
94.7720,18.4317,6.243
98.3996,35.8733,6.243
174.5010,32.8810,6.243
27.9363,-20.2467,6.242
-160.8501,3.7480,6.242
169.8264,-24.2421,6.241
43.6529,48.6556,6.241
-128.1895,36.3332,6.240
121.3694,-39.3153,6.239
-80.1110,-56.8120,6.239
98.1736,-24.8558,6.239
150.1700,23.5271,6.238
-98.3638,-3.2474,6.238
164.2662,25.3049,6.238
81.5480,-44.9626,6.238
-155.2855,38.3338,6.238
-120.5852,32.3920,6.237
121.2994,-38.9130,6.236
113.8850,-8.8395,6.236
161.1370,-17.1769,6.236
-168.0866,14.6940,6.235
147.8586,33.3340,6.235
43.6144,-14.3026,6.235
105.4475,-21.0367,6.234
-132.7097,37.2564,6.234
131.8096,-49.0943,6.234
-169.8866,55.1631,6.233
-20.0416,-36.6269,6.233
43.6762,-25.7336,6.233
-138.1077,-24.7506,6.233
89.4642,9.6865,6.232
108.0717,23.7754,6.232
-107.6504,50.7918,6.232
155.2519,-18.9260,6.231
-165.4340,-30.6270,6.231
84.4480,5.0976,6.231
-60.5178,22.0385,6.230
-96.0283,49.9331,6.230
26.6913,2.3008,6.230
147.9343,-14.0381,6.229
128.5288,-55.0328,6.229
-163.3555,55.9517,6.229
-150.4039,-57.5928,6.228
120.8513,19.5954,6.228
-112.1729,32.7991,6.228
-163.8029,53.7158,6.228
165.9076,-21.2365,6.228
84.8576,5.8934,6.228
-135.9696,55.3906,6.226
153.5547,-11.5817,6.225
-63.4812,57.0230,6.225
-80.6611,-55.5627,6.224
75.0238,0.0434,6.224
-143.7674,-28.9537,6.223
-137.8918,32.1995,6.222
140.6615,-3.2394,6.222
92.8740,-31.1675,6.222
-154.6751,-8.0292,6.222
-119.8864,27.3993,6.221
34.6748,-57.9353,6.221
-91.4102,-28.0722,6.221
81.4848,8.4573,6.221
31.0091,-23.0279,6.220
51.9815,-51.2780,6.220
149.0750,0.5003,6.220
-169.5567,20.8420,6.220
62.4165,-35.3626,6.218
159.2087,-20.8538,6.218
176.3683,32.0487,6.218
-178.7401,-26.0681,6.218
-155.2570,12.1277,6.217
-92.8693,20.5588,6.217
-80.0772,28.6094,6.217
-167.5658,31.6501,6.217
-33.2262,-42.1911,6.216
54.7395,42.7995,6.216
-107.6354,-19.8432,6.216
-15.9943,-51.3726,6.216
-140.7028,-43.9952,6.215
-61.0186,55.4685,6.215
-174.4136,33.6167,6.215
-121.4277,25.3365,6.215
157.9363,59.9095,6.214
50.7296,-40.9983,6.213
-61.9254,-19.7714,6.213
9.2112,-10.2587,6.212
146.6004,47.2841,6.212
-174.6565,11.5122,6.212
-166.9420,55.4906,6.212
132.9869,-42.7667,6.212
-33.7875,-35.0576,6.211
171.9525,21.8690,6.211
107.3509,-48.8651,6.211
158.7870,-1.5057,6.210
-33.3376,-52.8466,6.210
128.3377,20.8554,6.210
134.9333,19.9240,6.210
-112.7976,24.4301,6.210
170.4887,1.8057,6.210
133.6504,-38.4077,6.209
-5.4466,-7.1207,6.209
100.7506,10.3460,6.209
-153.0523,38.2451,6.208
-94.4631,-56.3296,6.208
8.2025,-4.7993,6.208
156.9480,25.2509,6.208
-172.7315,-49.7528,6.208
-51.8127,-26.2361,6.208
147.6794,37.3104,6.207
-77.4282,38.4081,6.207
126.3825,3.9901,6.207
163.5534,39.3750,6.207
157.1065,14.5438,6.207
-172.9658,8.8965,6.206
179.7894,12.3823,6.206
79.4946,11.3412,6.205
168.1001,16.8969,6.205
-141.9564,-27.8431,6.204
-17.5794,-45.8280,6.204
179.8455,-54.9631,6.203
-128.4154,-18.5848,6.203
-171.4414,-9.1201,6.203
5.6333,-20.1001,6.203
73.1135,24.7525,6.203
138.6363,-36.7013,6.202
80.0399,45.5711,6.202
-172.4005,-27.2455,6.202
53.6559,6.9099,6.202
110.6556,-39.1527,6.201
36.3221,25.7555,6.201
-171.4470,1.7658,6.201
-141.8067,37.9840,6.200
-61.7696,-37.7173,6.199
158.6504,16.9856,6.199
171.5523,24.3889,6.198
-49.1360,55.2864,6.198
154.3700,7.3726,6.198
95.4761,29.2235,6.198
-3.8179,-29.9523,6.198
159.3102,23.1411,6.197
112.2350,-52.8760,6.197
28.5760,-46.1869,6.196
66.2913,3.4814,6.196
-115.0831,38.0973,6.196
67.1461,-19.3599,6.195
67.0233,44.5213,6.195
-75.5391,47.1202,6.195
-161.9025,-14.9709,6.195
67.6951,-46.0348,6.195
-142.6364,-40.7665,6.195
-19.7865,-42.5878,6.195
-8.8169,32.8813,6.194
124.1762,12.5877,6.194
52.1560,23.9782,6.194
157.9547,9.9848,6.194
73.3602,54.1648,6.193
-22.7175,56.1794,6.193
-168.3341,59.8168,6.193
21.8674,-39.3313,6.193
-45.7396,-36.5753,6.192
177.8013,23.2921,6.192
-108.7034,6.2458,6.192
-135.6318,33.1475,6.192
-122.2246,30.4466,6.192
134.1657,24.3740,6.191
67.3271,-2.4129,6.191
-4.7795,-48.3501,6.191
152.4614,-3.1742,6.190
138.9937,50.9155,6.190
-111.0596,-1.9808,6.190
-128.2846,0.2046,6.190
-62.3674,-51.1902,6.189
137.8430,24.8603,6.189
-165.1481,-59.0942,6.189
108.9215,16.1597,6.189
-79.1758,-8.0354,6.189
-97.1254,-24.3045,6.189
-72.1309,0.0897,6.187
129.8181,-1.2876,6.187
-14.7331,-31.2039,6.186
-133.8902,-24.4101,6.186
-74.9822,39.7427,6.185
105.4303,40.6395,6.185
-68.1041,-49.1453,6.185
-176.0214,31.4805,6.185
169.5861,-45.7341,6.185
125.9358,5.5329,6.185
31.6641,-6.4095,6.184
11.7023,-10.7832,6.184
67.0502,-53.2851,6.184
74.7631,16.1290,6.184
-140.9304,49.5502,6.183
-138.0275,0.2779,6.183
170.9272,39.2258,6.182
56.9325,-59.5279,6.182
-74.9093,29.7197,6.182
-163.9048,-36.0930,6.182
-138.3697,-14.5344,6.182
-93.0650,43.0136,6.182
-147.3069,-36.8780,6.182
-13.2306,-31.4618,6.181
7.9609,-37.1993,6.181
96.5097,-23.6206,6.180
163.0032,-16.9061,6.180
122.4768,-25.7972,6.180
72.1616,-29.0052,6.180
21.4839,-7.0775,6.179
175.0334,26.2540,6.178
-91.7469,26.3610,6.178
-117.2176,-44.3956,6.178
50.0949,-39.0525,6.177
154.8164,-39.4938,6.177
138.1116,30.4970,6.177
7.5416,-20.4593,6.176
-21.3416,55.0288,6.176
-87.3794,25.3507,6.176
70.3044,40.3928,6.175
160.3585,-24.5915,6.174
107.2832,-40.4853,6.173
-172.7189,-37.2853,6.172
-144.8123,51.0269,6.172
-142.7385,-12.3599,6.172
112.1931,14.2253,6.171
-151.1961,44.7474,6.171
-43.2282,39.0656,6.171
119.5277,-1.2332,6.171
-176.2975,-0.0006,6.170
-171.6176,16.7932,6.170
38.8831,-24.3862,6.169
-57.1191,-29.3724,6.169
-139.9862,-46.8754,6.169
142.7445,-45.3183,6.169
-163.2871,-21.7550,6.168
-149.5399,14.9192,6.168
-138.8335,34.0482,6.167
110.9844,24.8546,6.167
-42.7306,35.3959,6.167
56.4131,-4.7278,6.167
129.3007,3.4008,6.167
-151.0080,47.7096,6.166
-83.4491,-39.4744,6.166
138.5600,12.2773,6.165
-135.7155,-19.5545,6.165
7.0297,-14.8007,6.165
77.5596,12.1625,6.165
142.6137,23.3770,6.165
-147.7436,-17.7665,6.164
-150.0866,21.7029,6.164
67.9319,-28.0278,6.164
46.7754,-27.4366,6.164
28.5986,-26.7259,6.164
-170.0347,49.6375,6.164
-0.5665,-22.6808,6.164
87.8600,5.9797,6.163
-58.9670,-25.7072,6.163
63.7687,-38.0962,6.163
137.4515,20.1724,6.162
114.6978,-58.3658,6.162
173.3017,30.7546,6.162
117.5662,-4.5344,6.161
-150.6675,-44.6674,6.161
-109.2436,-53.7404,6.160
135.1300,46.2669,6.160
82.1800,11.5123,6.160
50.7817,-30.9180,6.160
106.2633,7.6442,6.159
64.9797,-14.4766,6.159
-111.5681,-19.8490,6.159
6.6153,42.3781,6.159
-87.1787,-51.4588,6.159
0.3789,1.1655,6.157
146.1082,23.7789,6.156
48.9526,-15.5861,6.156
-10.6229,-31.6400,6.155
75.2301,-54.7373,6.155
10.1520,-23.6191,6.154
110.7959,-16.0913,6.153
-15.4695,-4.0427,6.153
128.1307,18.6718,6.153
117.4037,14.8789,6.153
67.7375,9.2703,6.152
-151.7968,12.7924,6.152
178.3757,44.3864,6.152
170.4466,-50.0478,6.151
-179.6577,-20.3905,6.151
-77.5828,48.2414,6.151
97.8509,-26.0588,6.151
-130.2863,23.6390,6.151
-167.7575,24.2500,6.151
-157.0587,-3.4483,6.150
139.3970,29.3550,6.150
157.2892,14.4923,6.149
-149.5669,-8.1085,6.149
99.6704,50.8966,6.148
-57.4555,-30.4780,6.148
-68.1049,-2.3656,6.148
-75.9456,-23.6748,6.147
-47.4666,-41.3412,6.147
154.9473,-9.5520,6.147
-115.4327,14.4932,6.147
156.0701,14.8614,6.146
-114.3494,32.3768,6.146
155.5760,-4.5259,6.145
-153.1102,31.4521,6.145
146.9253,5.9454,6.145
106.1702,-45.6719,6.145
103.7573,-22.6365,6.144
16.7696,-31.5135,6.144
-98.9221,48.3096,6.143
91.2409,-50.2601,6.143
-171.0706,-51.6524,6.143
126.4025,2.1079,6.143
151.0517,-28.5830,6.143
135.8956,16.7798,6.143
157.5410,31.4888,6.143
-148.3708,2.0861,6.142
93.3907,41.1157,6.142
-121.2447,-24.2006,6.142
166.1747,0.6948,6.142
-138.9317,-41.4286,6.142
-170.4603,-5.7124,6.142
156.1697,16.1277,6.142
-59.0175,56.4102,6.141
65.6873,11.2468,6.140
42.7904,24.9376,6.140
86.7354,-12.5287,6.139
122.2144,-16.7476,6.139
104.3059,16.5308,6.139
-156.6738,31.6575,6.139
-139.0111,-52.5653,6.138
-4.3465,-13.5722,6.138
145.0612,23.8272,6.138
-168.4990,35.6546,6.137
-111.9400,29.6457,6.137
-50.0682,26.7777,6.137
-168.2870,-31.6461,6.137
155.8204,23.6856,6.135
6.1325,-38.2735,6.134
146.2747,28.3859,6.134
-28.9391,-40.6995,6.134
-41.8580,59.8107,6.134
131.2442,7.6967,6.134
-114.0810,15.8528,6.133
-94.1771,39.7059,6.132
-157.1179,-21.6270,6.132
157.3338,47.9272,6.132
-137.6498,37.6001,6.132
-139.7452,-52.2111,6.131
170.3797,-55.6775,6.131
11.2247,-55.4068,6.131
-123.8948,12.2195,6.131
-161.7366,33.5723,6.130
50.5979,23.9916,6.130
-100.8691,29.5069,6.129
118.9499,-37.4393,6.129
-58.4363,-16.6751,6.128
-176.8770,-59.7665,6.128
140.7555,-21.2737,6.128
54.0018,-36.4493,6.128
171.0806,-11.1662,6.127
156.1003,11.7576,6.126
104.0832,27.0767,6.126
2.7923,-10.2938,6.126
-168.2108,35.5132,6.126
141.6387,-19.4131,6.126
103.8045,25.6134,6.126
-7.0988,32.7142,6.125
55.1052,-18.4224,6.125
-14.4607,-33.6701,6.125
164.2167,-2.3197,6.125
14.4428,-42.1036,6.124
-145.9899,17.8390,6.124
-45.1435,-48.3100,6.123
21.5135,-57.8828,6.123
-161.5058,27.7799,6.123
-0.2739,-50.5797,6.122
49.9188,-53.9187,6.122
-3.5998,-59.0415,6.122
-126.0458,46.4101,6.121
-135.9581,-21.4155,6.121
105.1945,-15.7466,6.120
-26.2153,-39.5177,6.120
89.0368,-8.4076,6.120
166.0185,-52.8726,6.119
-128.1244,5.5556,6.119
23.2850,-46.8216,6.119
33.2306,-58.9991,6.118
108.7986,10.6906,6.117
-145.6566,47.3322,6.117
149.0181,50.9100,6.117
156.8610,-36.8577,6.117
76.0602,47.0942,6.116
33.9966,-5.5796,6.116
152.2358,18.3099,6.116
-120.4032,-56.2597,6.116
87.5302,-44.7577,6.114
-33.0017,-37.5433,6.114
-119.9871,40.0124,6.113
169.9954,-2.7923,6.113
53.6446,2.3793,6.113
-80.2390,26.7971,6.113
-124.8096,47.3694,6.112
54.3239,2.2268,6.112
-24.4728,-45.5219,6.112
-175.9574,17.7738,6.111
166.5978,-7.4829,6.111
-146.2818,-31.3481,6.111
-65.0051,-53.3167,6.111
-57.7164,-17.2025,6.110
149.7079,0.6759,6.110
80.2258,-35.9607,6.110
-34.0571,24.7041,6.110
36.5410,-24.9244,6.110
-163.6138,50.2161,6.110
149.0111,46.2057,6.109
175.8634,-48.0481,6.109
161.9811,-4.3876,6.109
22.9948,-59.8390,6.109
133.0455,50.2759,6.108
-108.3614,-1.0870,6.108
117.9587,32.0214,6.107
49.1017,8.7313,6.107
165.8237,23.4056,6.107
141.0507,11.9022,6.106
163.6784,-14.8563,6.106
69.3057,34.2180,6.106
-25.2624,-56.8895,6.106
-43.8845,-45.2240,6.106
49.4354,-32.1502,6.105
162.0836,27.1259,6.104
61.6618,23.1655,6.104
-166.6009,-25.7303,6.104
86.1999,30.4414,6.104
176.6677,46.2789,6.104
-174.6681,52.5095,6.103
170.5100,1.1686,6.103
-171.4029,56.3629,6.103
110.9975,48.4756,6.103
64.8825,-33.8473,6.102
-130.9566,-42.5527,6.102
-31.1769,5.8737,6.102
-176.6369,-27.7464,6.102
-47.1557,58.5622,6.101
153.7964,-27.6618,6.101
117.1235,-14.1387,6.101
72.7348,-41.0235,6.100
140.4043,-29.1169,6.100
-155.5839,55.5389,6.099
-172.8624,-53.6867,6.099
-139.4994,-44.1812,6.099
155.6087,16.9341,6.098
112.6611,23.3971,6.098
-49.5357,-44.4093,6.098
-161.1553,5.2733,6.097
-53.9224,47.5548,6.097
62.0798,5.4076,6.097
-16.0456,-2.4055,6.096
165.2588,-30.4807,6.096
27.1366,32.8196,6.095
49.1001,-2.7140,6.095
-156.5038,58.9789,6.094
108.7668,42.5211,6.094
136.2372,18.8684,6.094
-151.9312,46.1241,6.093
140.7600,-4.9524,6.093
146.7626,54.3980,6.093
-88.0734,3.5121,6.093
35.1242,-42.1980,6.092
81.2698,10.7185,6.092
-160.8142,-11.4157,6.092
-176.1942,42.9689,6.092
134.3342,-35.6293,6.092
-17.5048,-48.5459,6.092
-16.6019,-39.7515,6.092
-107.1956,44.0530,6.091
113.7161,41.0950,6.091
169.3254,-8.8563,6.091
50.5823,-35.8085,6.091
-39.6056,-57.3833,6.091
177.3405,-7.1478,6.091
-23.3760,51.8486,6.091
-47.5362,-52.6707,6.091
39.9017,58.5932,6.090
-172.6027,10.0962,6.090
169.3606,51.9319,6.090
-94.6114,20.9313,6.090
37.6483,-35.2797,6.090
77.2188,-5.7525,6.089
162.9335,21.7819,6.089
171.0437,45.8601,6.089
91.5830,7.4322,6.089
107.4458,22.5051,6.088
24.1752,-0.5871,6.088
123.7530,15.1881,6.088
139.9399,-29.3928,6.087
-24.9645,-58.4263,6.087
-29.7677,59.3023,6.087
111.7358,29.5803,6.087
-170.7968,-49.3221,6.087
-126.3151,-43.0636,6.086
-133.4079,-33.2893,6.086
44.6342,-22.2103,6.086
-174.8785,-5.2871,6.086
-46.1048,38.6446,6.084
-144.0226,54.3437,6.084
91.5115,-23.6446,6.084
-156.2714,11.5216,6.084
-154.9944,36.3154,6.083
-170.3105,-9.9790,6.083
2.8764,-8.4969,6.083
-146.7571,43.9372,6.082
123.0033,-27.3943,6.082
-161.0406,58.4625,6.082
-119.3671,-31.1842,6.081
-107.1071,44.3545,6.080
67.0807,-29.3339,6.080
-19.6163,-42.1138,6.080
-170.0508,-16.6936,6.080
-112.5631,50.3690,6.079
-159.0101,-28.0002,6.079
-24.2690,53.2661,6.078
-149.4550,56.1913,6.078
132.5186,17.9526,6.078
177.3758,20.4911,6.078
-47.0521,42.7324,6.078
-155.8952,-3.9107,6.078
-41.1025,40.8426,6.077
43.4886,-27.2144,6.077
-20.9050,2.2780,6.077
-111.9852,58.4533,6.077
132.8886,-28.6922,6.076
179.5117,41.3801,6.076
-130.2315,36.6450,6.076
-154.0492,19.0432,6.076
-126.9220,-43.9125,6.075
128.6006,0.5804,6.075
140.5954,-9.2905,6.075
152.1712,-58.2693,6.075
-95.3670,43.3985,6.075
57.6632,-43.3193,6.075
105.8050,1.1619,6.074
85.4514,33.5622,6.073
-101.6686,39.9264,6.073
106.0777,-10.0884,6.073
66.1593,-35.0234,6.073
65.5805,-22.4726,6.073
139.4337,-18.3560,6.073
-16.5750,14.7163,6.072
-159.2615,-3.1231,6.072
-160.5405,16.6089,6.072
-44.3819,37.9161,6.072
75.6417,10.1382,6.071
-17.0116,42.4176,6.071
47.8829,30.7203,6.071
106.5268,23.6192,6.071
-43.7327,-17.6553,6.070
-158.7624,-7.5835,6.070
-171.8795,-17.1589,6.069
48.3918,-32.2511,6.069
-87.7331,21.7770,6.069
-150.7864,-31.0476,6.068
-154.4525,12.7447,6.068
-136.3261,10.2563,6.068
-8.2312,-41.5874,6.067
-3.4317,12.4113,6.067
-135.0955,36.7115,6.067
-139.9227,-14.9416,6.067
171.3980,24.1872,6.067
65.0368,-2.5944,6.067
156.2293,42.1719,6.067
148.3371,34.6394,6.067
-112.1092,-53.6701,6.066
-144.4674,-52.8657,6.066
-163.8612,38.4046,6.065
-47.9170,-26.8550,6.065
-129.0206,-43.8932,6.065
160.9414,-1.7364,6.065
-150.7215,14.0693,6.064
177.9807,19.6162,6.064
116.4596,-21.0603,6.064
-165.0010,54.6913,6.063
72.2928,35.6212,6.063
97.3382,30.1715,6.063
-135.2533,37.5026,6.063
-174.5454,-38.8911,6.062
113.4604,-28.7488,6.062
-176.3122,-10.6834,6.062
10.4880,-58.6589,6.062
28.9662,-35.1245,6.062
45.2987,-26.3063,6.061
164.4083,-39.3796,6.061
110.1493,47.9492,6.061
74.5915,38.8300,6.061
-161.9372,-25.0719,6.061
6.7968,1.6002,6.060
-164.5168,41.1496,6.060
-147.1424,-3.0625,6.060
-147.3303,-49.3908,6.060
-162.0584,-37.2360,6.059
-159.2307,49.9022,6.059
68.4085,-16.1903,6.059
137.1871,-26.6955,6.059
16.5667,-27.0911,6.058
-107.4260,-20.3283,6.058
-144.1389,24.6072,6.057
-57.8963,-21.5247,6.057
170.0078,9.5270,6.057
105.2055,-40.1589,6.057
163.8101,-44.6352,6.057
-140.3742,-41.6388,6.056
130.5441,-4.0488,6.055
-178.1604,7.0581,6.055
175.9529,19.2156,6.055
16.5753,-18.9946,6.054
-98.3261,43.4983,6.054
-61.0113,56.7968,6.054
-73.6787,2.3688,6.054
-88.1575,50.9486,6.054
127.5976,-2.3778,6.054
19.1400,-7.0801,6.053
41.0459,51.3300,6.053
-151.6554,-48.4222,6.053
-53.5705,-17.2192,6.053
-135.1585,-39.2770,6.052
-157.3419,9.5499,6.051
35.0068,-20.0535,6.051
95.3182,7.0285,6.051
-6.4199,-31.2006,6.051
101.2553,-35.1147,6.050
-90.0711,-3.3975,6.050
-130.9071,-6.5794,6.050
88.7985,4.3032,6.049
-166.6707,54.8131,6.048
-167.9915,8.8100,6.048
-116.8665,30.4954,6.048
71.8432,-28.2947,6.047
127.2543,-29.6746,6.047
59.7600,-46.0979,6.047
-25.7264,-46.1846,6.046
83.5350,10.9717,6.046
70.2014,27.3405,6.046
132.1227,-43.7120,6.045
-150.9600,0.8235,6.045
-127.4522,-32.2471,6.045
110.1212,27.1728,6.044
-34.2900,-45.8278,6.043
126.1578,17.2727,6.043
71.7182,-20.1622,6.043
48.4507,-53.7319,6.042
-166.0951,-6.2275,6.042
97.5157,45.9210,6.042
40.4164,26.4386,6.042
-119.5752,40.0048,6.042
-32.8584,48.0831,6.041
107.3404,48.5523,6.040
-126.9784,-50.4007,6.039
-171.3577,34.8741,6.039
-3.7782,14.9274,6.038
147.3394,27.7294,6.038
-135.1209,-42.2792,6.037
49.4114,-58.9583,6.037
-173.4869,-22.3275,6.037
164.5139,-7.1298,6.037
77.8417,18.3114,6.037
-2.9844,-48.0160,6.036
-103.4574,34.0308,6.036
172.7922,5.5501,6.035
-142.3638,14.7038,6.035
163.8115,-26.3383,6.035
84.2244,34.9979,6.035
-155.8183,26.3920,6.035
-152.2198,59.7599,6.034
-137.5149,36.7348,6.034
132.7705,5.4987,6.034
150.2207,37.8887,6.033
42.7352,-9.1187,6.032
113.6141,16.1632,6.032
69.0280,9.1093,6.032
177.7528,26.7401,6.032
68.3542,-30.1914,6.031
150.2793,36.1699,6.031
74.3398,-54.3655,6.031
61.6406,-26.1469,6.030
101.6288,-14.5169,6.030
69.4923,-16.5437,6.030
60.0489,-33.2527,6.030
-163.4142,53.0605,6.030
90.9701,53.8288,6.029
20.5923,21.1299,6.029
-167.3155,44.0245,6.028
-67.5574,-35.8621,6.028
-152.1740,17.2172,6.028
-19.8615,45.5468,6.028
103.5617,23.0106,6.028
-130.0223,45.9392,6.027
111.5446,19.8568,6.026
-145.7019,5.7096,6.025
-157.4836,-18.8905,6.025
77.4792,-34.0236,6.025
165.7498,22.7244,6.024
-169.2697,-3.9588,6.024
104.3737,18.1714,6.024
99.4447,18.2350,6.023
94.1018,-49.4483,6.023
-165.2026,30.0275,6.023
92.6490,-2.7016,6.022
40.9619,-11.5707,6.022
166.6293,-54.7377,6.022
145.0678,8.4180,6.022
81.8172,1.9342,6.021
165.6032,-0.4924,6.021
-115.7075,42.4068,6.021
104.9601,-25.8892,6.021
105.6262,17.2899,6.020
104.7623,19.2562,6.020
-14.6302,-35.9093,6.019
-22.7871,51.5514,6.019
101.5600,-27.9764,6.019
-42.0085,16.9215,6.019
-134.1872,29.0343,6.018
-166.8627,41.5825,6.018
-141.6372,32.3872,6.017
132.9364,-45.0708,6.017
137.1553,26.8577,6.017
150.9462,20.3776,6.017
-53.4919,-33.3622,6.017
162.8040,-30.0112,6.016
68.8757,51.0818,6.016
163.1980,-47.6158,6.016
-169.6224,-34.0255,6.016
109.9196,22.3226,6.015
143.9401,18.9305,6.015
35.8136,-31.6455,6.014
71.1645,54.3146,6.014
154.3750,-31.7784,6.014
-13.6171,-50.7467,6.013
41.9594,-33.8378,6.012
-146.7202,58.7244,6.012
168.1657,40.9455,6.012
70.2439,-49.6242,6.012
-151.8815,-5.5910,6.012
111.7725,19.5070,6.011
-149.2312,43.8470,6.011
-24.8985,-22.5123,6.010
116.6685,55.9858,6.010
133.0252,14.2204,6.009
126.8951,-24.9076,6.009
106.7538,39.8310,6.009
81.2419,16.0812,6.009
-168.3981,16.4802,6.008
-101.7621,16.7964,6.008
120.4226,10.1048,6.008
118.8182,-43.2738,6.008
152.0879,3.1899,6.007
144.7673,-7.3874,6.007
39.8777,-21.2258,6.007
-14.7947,31.3035,6.007
71.2060,-30.7250,6.007
-22.8394,-28.7652,6.007
71.2795,-36.9427,6.006
-153.8132,-56.1048,6.006
128.9514,43.0192,6.006
-149.1302,-4.1228,6.006
105.0528,40.7277,6.006
-168.6174,-53.6737,6.005
-75.8665,9.9281,6.005
131.0298,28.6709,6.005
145.4051,-16.9583,6.005
173.7948,54.9822,6.005
-11.3087,43.4603,6.005
155.5633,-8.9813,6.004
-3.2787,-29.7783,6.004
154.4097,-24.4578,6.003
-160.3804,3.5708,6.003
-148.8865,-12.0468,6.003
58.7150,-5.1882,6.002
139.8945,-22.0018,6.002
60.8191,-54.2439,6.002
144.1095,36.2704,6.002
32.2661,4.8923,6.001
-154.1570,59.4956,6.001
-101.3857,54.7247,6.001
-146.0512,42.7171,6.000
159.9086,-1.4898,6.000
100.9386,-3.5259,6.000
98.1970,-57.8160,6.000
104.8887,-57.0099,6.000
88.1839,-12.2440,6.000
-57.4045,-11.4002,6.000
133.7137,13.4012,5.999
113.2591,-18.2587,5.999
-46.2643,-44.4357,5.999
-126.1800,2.4986,5.998
67.8240,36.2568,5.998
73.4122,0.0189,5.998
120.8419,16.7376,5.997
133.4185,-27.5054,5.997
-139.0686,28.7817,5.997
-174.4991,-21.4551,5.997
70.5508,36.3910,5.997
-161.8208,-16.0863,5.997
92.0237,11.5397,5.997
47.0728,-30.4361,5.996
164.8079,-13.0737,5.996
24.2498,-37.1723,5.996
22.7947,-28.6509,5.996
-54.7767,46.7474,5.996
-154.8691,32.1109,5.996
-174.8158,56.7865,5.995
45.6397,58.4842,5.995
27.2323,-15.3565,5.995
83.6350,59.5546,5.995
-87.8809,12.4953,5.995
-129.2430,-30.5144,5.995
-53.4296,-40.5332,5.995
-141.2282,-12.2880,5.995
-33.5997,-49.1160,5.994
80.3847,29.3822,5.994
-171.3751,55.9987,5.994
-73.9028,27.7332,5.994
-162.7560,54.4402,5.994
-166.1526,-35.1850,5.994
139.2675,50.7726,5.993
49.3527,-45.6567,5.993
-139.6740,-5.8901,5.993
95.1611,58.9112,5.993
-141.3739,24.4184,5.992
60.2700,-44.5843,5.992
-51.2441,-35.0773,5.992
145.5085,-53.8340,5.991
102.5791,26.3607,5.990
-157.6012,8.1185,5.990
47.8592,-52.3017,5.990
56.2226,1.8545,5.990
-101.9342,-7.3711,5.990
136.3141,-23.0468,5.990
111.8251,22.0287,5.988
-177.5524,40.6482,5.988
-145.3220,-48.0422,5.988
-134.1765,38.7270,5.987
160.8658,-48.1117,5.986
-163.5418,0.0372,5.985
-52.0431,-36.4187,5.985
-128.7294,12.4734,5.985
2.8756,-59.1618,5.983
157.6072,27.1259,5.983
-124.8305,9.7035,5.982
-138.2367,37.7614,5.982
136.8262,-40.4199,5.982
157.1258,38.6041,5.981
-173.3165,55.2645,5.981
153.3722,23.8686,5.980
-164.4655,24.6608,5.980
81.2983,-7.4331,5.979
-165.4303,42.4527,5.979
29.2760,-56.4981,5.979
137.8362,-28.0214,5.979
-150.8864,-44.5462,5.978
-162.7798,-57.3484,5.978
-124.8283,-51.3636,5.978
72.6094,-43.2699,5.978
-158.3143,51.7999,5.977
-4.8429,-47.9864,5.977
-54.7848,-52.0703,5.977
133.4343,-31.6016,5.976
138.7447,5.3631,5.976
-145.9204,-12.9772,5.976
60.7550,-37.2928,5.976
-75.4231,17.1634,5.975
24.1555,-52.2548,5.975
-168.4846,48.6915,5.975
-142.7439,-53.0827,5.975
119.2715,-46.4717,5.975
-159.4669,-7.3946,5.975
178.1816,21.3322,5.975
141.6057,46.9180,5.974
167.0708,9.1720,5.974
135.5571,35.6980,5.974
20.9537,-39.0988,5.974
153.3141,-2.3664,5.973
-24.1460,54.5228,5.973
176.4398,54.1328,5.972
-96.2569,-39.8303,5.972
-163.5269,-52.3262,5.971
102.9495,-33.0746,5.970
147.0171,19.2289,5.970
105.1524,22.9200,5.969
85.2277,30.1758,5.969
119.5589,26.6874,5.969
-82.0109,11.2952,5.969
149.3648,-22.6054,5.968
110.9371,36.1861,5.967
70.2758,-4.7370,5.967
137.1935,34.2363,5.967
64.4010,28.8069,5.967
-129.8409,-9.8442,5.967
-134.7574,-2.3808,5.967
-158.2685,5.8095,5.967
96.6813,18.2229,5.966
158.5334,-15.9295,5.965
155.1346,18.6912,5.965
-146.9944,39.0813,5.965
113.1196,-7.8419,5.965
-151.7656,-26.2311,5.964
-166.1924,34.9605,5.964
-98.0225,45.9733,5.964
72.9516,50.6359,5.964
-113.8206,-55.0877,5.964
-32.5399,29.0789,5.963
-162.7582,-17.5271,5.963
-94.5057,15.0722,5.963
-148.1199,43.0570,5.963
0.5378,49.5280,5.962
150.7118,15.5872,5.962
47.6407,-32.1329,5.962
85.1850,43.7695,5.962
-136.9564,52.7293,5.961
148.3277,28.0396,5.961
-26.8394,-20.1638,5.960
41.3796,-52.9206,5.960
37.3936,-52.2893,5.960
109.8422,36.7339,5.960
153.5690,-26.1368,5.960
95.6235,30.8224,5.959
110.5507,24.0355,5.959
-147.8408,-45.2193,5.959
-143.1604,-29.7020,5.959
115.3884,-29.7394,5.958
-116.1705,59.9441,5.958
102.0942,-44.4853,5.957
154.6904,56.1093,5.956
16.3931,-50.0366,5.956
147.3519,3.8817,5.955
-148.2178,47.6330,5.955
-137.6012,-37.9364,5.955
3.5345,-55.4883,5.955
-6.9721,-46.8595,5.954
-176.7415,5.1227,5.953
160.6076,30.0900,5.953
178.1677,56.5227,5.953
169.2298,24.6204,5.953
-166.6614,13.0754,5.951
58.2262,-54.2454,5.950
-94.7227,-30.5319,5.950
70.8999,0.3760,5.950
-150.4529,26.4135,5.950
-106.6794,28.7831,5.950
44.3243,-38.2935,5.950
111.3409,24.7630,5.950
71.5720,-37.9018,5.950
-57.4608,-13.2516,5.949
-175.2143,40.4311,5.949
52.5236,24.7229,5.949
-148.7932,22.1704,5.948
73.7693,-19.3092,5.948
-140.1895,45.6654,5.947
114.4774,-0.8011,5.947
-121.2709,41.4299,5.947
129.6177,7.8665,5.947
61.7836,-35.3950,5.943
-109.3398,54.8821,5.943
147.9000,5.7980,5.943
141.4105,-27.4459,5.943
-38.7990,4.7829,5.943
-179.4245,6.4130,5.942
-107.7677,-56.9138,5.942
157.4128,-17.4988,5.941
98.8136,49.6946,5.941
49.5852,-26.2299,5.941
109.6363,-18.8857,5.940
-36.4360,-47.1669,5.940
-165.2062,-57.3409,5.940
132.2472,-39.4211,5.940
122.6133,-58.1776,5.939
-91.7226,41.5383,5.939
156.8862,-43.0786,5.939
150.0840,-43.7854,5.938
-93.3746,54.6109,5.938
-166.1635,35.6400,5.938
-176.2332,7.4513,5.938
164.9839,1.1136,5.937
79.4888,-36.6784,5.936
109.7689,36.3326,5.935
146.3204,-25.5387,5.935
115.6657,15.4671,5.935
-156.3090,-47.9417,5.935
106.0743,-12.5014,5.935
150.2632,24.6637,5.933
-136.4806,21.7458,5.933
164.2662,26.8514,5.933
-154.0280,-27.9669,5.933
-137.6337,2.7108,5.933
4.4047,43.9933,5.933
51.9524,-12.6605,5.932
103.1812,-3.9796,5.930
158.5882,15.3530,5.930
82.4746,58.5581,5.930
29.5735,-34.5820,5.930
-75.5791,-16.1675,5.930
171.6680,46.3339,5.930
86.6424,-20.3834,5.929
130.2223,2.2670,5.929
-112.1172,50.8851,5.929
-131.9760,37.3420,5.929
143.6707,32.6706,5.929
-169.9926,58.0915,5.928
-161.2669,39.6691,5.928
-22.7743,-39.2954,5.927
157.4756,1.0586,5.927
123.4255,22.3111,5.927
77.9121,44.0324,5.926
155.2123,-39.3517,5.926
75.7721,-40.3787,5.926
-146.5369,55.1422,5.926
98.9522,5.9588,5.926
-149.1230,-22.6428,5.926
70.0560,-2.9589,5.925
-119.0974,-33.4920,5.925
2.4350,-14.0870,5.925
121.8034,-30.5472,5.925
-35.2433,-30.8355,5.925
-44.7744,-57.6174,5.924
-34.0658,-29.9457,5.924
148.2710,-53.9683,5.924
97.4947,35.8507,5.924
126.6618,-0.9058,5.924
142.6883,4.4215,5.924
126.9949,-55.9176,5.923
62.6637,-56.0424,5.923
9.1506,-58.0148,5.923
148.1174,-45.8179,5.923
38.8280,41.2840,5.922
-105.7832,16.3637,5.922
101.0823,27.1511,5.922
176.6444,-48.5531,5.922
119.7680,25.4693,5.922
60.3741,2.6568,5.922
-18.2899,-10.1725,5.921
152.6983,8.2794,5.921
127.4669,-39.1053,5.921
-171.8606,-4.7845,5.920
-70.4277,-43.7497,5.920
75.7692,22.6949,5.920
172.0382,-42.1141,5.920
-88.0722,-19.2755,5.920
-15.2187,-54.5317,5.919
173.1820,-53.0934,5.919
-165.1897,42.2416,5.918
115.5574,-28.6702,5.918
45.5029,-0.1699,5.917
-5.1444,-10.7216,5.917
-143.4116,-3.4180,5.917
-102.6813,58.1307,5.917
-133.8642,-19.0462,5.916
-94.8422,-13.1316,5.916
116.2508,57.8612,5.916
-170.8403,-25.2132,5.916
-90.0991,18.7825,5.915
144.6318,0.8409,5.915
15.4943,-32.9872,5.915
108.5965,40.0239,5.915
134.7291,-58.2316,5.915
57.6260,30.8629,5.914
-28.6025,-32.7613,5.914
-68.3660,-41.5528,5.914
156.3521,-9.2623,5.914
145.0071,-17.9928,5.913
78.7050,-40.7108,5.913
109.2366,-54.8084,5.913
102.4787,-39.9940,5.913
42.8003,-34.5225,5.913
-172.4125,14.5125,5.912
-93.0889,20.6304,5.912
-25.5391,56.6955,5.912
-159.0777,4.1482,5.911
-102.8981,45.9189,5.910
-154.3433,13.6961,5.910
-133.5025,-39.2454,5.910
89.1573,-16.2392,5.910
66.9974,-6.6085,5.909
73.8634,15.8822,5.909
173.2012,-7.8598,5.909
136.9870,37.5616,5.909
-170.7743,-35.6377,5.909
147.7660,31.1516,5.908
63.7434,1.0629,5.908
174.8565,18.1256,5.908
-4.5726,-4.0339,5.908
139.4913,11.2439,5.907
-156.5333,11.7278,5.907
94.4555,-23.6433,5.907
158.4179,5.4205,5.907
-78.0538,53.1581,5.907
149.7978,-31.7269,5.907
61.1027,-45.1135,5.906
82.5790,-0.9884,5.906
126.8181,20.3914,5.906
93.9081,6.0740,5.906
-155.3126,29.0748,5.905
81.4639,7.1799,5.905
-10.3298,2.1381,5.904
-92.4675,23.1224,5.904
-154.5433,-8.1755,5.904
-167.5058,52.8851,5.903
-169.1411,1.7136,5.903
142.5729,32.4040,5.902
-162.9651,-2.4396,5.902
142.1464,58.1324,5.901
125.9120,32.4279,5.901
61.8483,-32.8379,5.901
178.0063,21.2341,5.901
20.0434,-48.2962,5.900
-42.9851,-30.8280,5.900
131.0318,26.5265,5.900
-156.4211,-39.8726,5.900
105.6707,-16.9739,5.899
160.9582,-3.6374,5.899
78.4145,-26.2431,5.899
-44.0140,36.5977,5.898
69.8612,59.6252,5.898
-161.9103,9.9293,5.898
-16.3607,-8.3858,5.898
-5.5320,-53.3169,5.898
-63.7203,-50.0284,5.897
143.8332,20.8364,5.897
145.2163,-8.0279,5.897
156.0297,-14.7948,5.897
170.4087,-25.3419,5.896
-100.8723,27.3825,5.895
17.5562,55.2601,5.895
-59.4646,-41.4829,5.895
-136.2856,48.2652,5.895
-153.2518,40.9452,5.895
162.0405,-16.9350,5.894
25.2136,-4.0449,5.894
-38.0119,3.4671,5.894
50.0258,52.9407,5.894
157.2886,25.0282,5.893
-88.8610,19.2978,5.893
173.4938,-25.9020,5.893
122.3170,-25.9877,5.893
140.4743,-6.4866,5.893
-166.7608,46.9436,5.893
157.7719,5.2005,5.892
8.8688,-57.2649,5.892
151.6419,42.3093,5.892
49.2135,-17.7535,5.892
-171.4605,11.9306,5.891
144.7909,7.8217,5.891
-144.6482,11.8274,5.891
118.9650,40.2742,5.890
15.4455,-15.8367,5.890
68.1223,1.9448,5.890
174.2986,53.0364,5.890
-135.7499,-37.4411,5.890
-140.6964,4.6318,5.889
-22.4232,-31.7496,5.889
-5.5184,-30.7832,5.889
164.6515,-16.5057,5.888
163.2519,51.2537,5.888
28.2434,-58.6904,5.888
-44.8920,-40.8567,5.887
96.6370,13.2039,5.886
169.7493,46.3130,5.886
122.2555,-30.0185,5.886
177.5500,-56.0845,5.886
73.6115,7.5165,5.886
123.3844,-28.4793,5.886
127.5869,-37.6420,5.885
-52.9200,-20.9901,5.885
167.9890,41.6929,5.885
-140.7104,-24.6843,5.884
125.7148,-4.1163,5.884
-173.3156,8.3940,5.883
-169.3325,9.7724,5.883
85.6600,-51.1242,5.883
83.1618,-26.9391,5.882
-160.7012,56.3615,5.882
172.4232,21.0599,5.882
-76.0034,-53.2558,5.882
67.4900,-29.4177,5.881
-166.7086,44.6868,5.881
-109.2137,54.3797,5.881
-33.1210,53.3621,5.880
84.5163,-58.0605,5.880
-43.7259,-18.7741,5.880
114.2970,27.3313,5.880
-37.2420,37.8187,5.879
162.6886,-40.9235,5.878
74.4473,-54.1782,5.877
120.1504,13.9622,5.877
52.1561,8.8333,5.877
-150.6359,-22.5565,5.877
-176.6282,-12.6489,5.877
93.9722,6.6996,5.877
171.3264,24.5311,5.877
146.6272,14.9448,5.876
-98.6731,24.7571,5.876
133.2102,23.2787,5.876
-169.6371,45.7220,5.875
-173.8250,-30.1194,5.874
-170.0724,31.8293,5.874
58.0324,-32.0681,5.874
131.0629,27.1207,5.874
86.2280,-39.1291,5.873
-137.3577,55.1786,5.873
-65.5467,-25.7323,5.872
51.3568,-8.8360,5.872
-38.2548,-9.3422,5.872
-174.1199,39.6545,5.872
137.4230,-35.4745,5.872
-131.8293,40.1361,5.872
143.8200,-15.8102,5.871
66.8042,38.1008,5.871
75.1531,10.8170,5.871
-135.2413,-49.8301,5.871
17.3692,-10.8161,5.871
-109.1033,54.0250,5.871
-77.2859,43.9528,5.870
-161.9910,-16.4025,5.869
-160.7856,47.5440,5.869
140.8003,-30.4732,5.869
176.0571,52.9024,5.869
-82.9565,-51.0117,5.869
36.6230,0.0837,5.869
-34.1992,-10.8409,5.868
113.2489,24.7799,5.868
-167.7259,44.2987,5.868
22.0195,-38.2366,5.867
-141.3872,34.0824,5.867
-122.9845,28.6240,5.867
176.9061,-21.5248,5.867
141.6735,-13.6932,5.867
-27.1103,-44.4273,5.867
-147.9897,-34.1596,5.867
-4.8078,-47.2522,5.866
176.7214,37.6211,5.866
-145.8512,21.5657,5.866
-110.3392,-59.6228,5.866
-172.3726,-33.5147,5.866
56.0374,59.5818,5.865
30.3045,-54.5940,5.864
74.1304,-46.9736,5.864
-151.9366,-12.0087,5.864
152.7284,30.6224,5.863
30.4536,-40.9701,5.863
-15.4366,7.1219,5.863
-49.8837,37.9087,5.863
80.9630,31.9383,5.862
-131.1576,54.8046,5.862
-98.8745,48.1013,5.861
9.9847,40.5943,5.861
35.2027,-38.8095,5.861
63.7694,-14.6353,5.861
146.0873,-1.6589,5.860
63.3475,-21.5871,5.860
151.2187,-20.8660,5.860
136.4896,32.9262,5.860
-1.5866,-34.4853,5.860
-140.8862,23.9387,5.860
171.1618,-57.3580,5.860
89.8252,-12.8353,5.859
-137.8646,17.8924,5.859
145.6307,-23.9881,5.859
139.6938,-34.2094,5.858
93.1306,-8.5412,5.858
-177.2130,22.4829,5.858
76.6710,6.3056,5.857
-138.7310,-54.3298,5.857
-146.3707,-1.3049,5.857
19.7262,-59.8217,5.856
-96.4528,25.9381,5.856
-86.2870,-9.3547,5.855
155.3904,-0.5581,5.855
87.3599,-43.9807,5.855
6.0434,-13.3441,5.855
148.6005,20.7657,5.855
-177.0401,6.2866,5.855
-174.3426,-2.4873,5.855
-140.5306,2.5668,5.854
-98.0636,45.4299,5.854
138.2587,23.2149,5.854
64.2828,45.5015,5.853
-107.8379,57.6059,5.853
-171.7141,28.8928,5.853
60.3510,-35.7990,5.853
167.4412,-13.5409,5.853
-151.0996,-8.4306,5.852
40.0947,39.0507,5.852
-57.7845,-49.9146,5.852
-51.0891,-40.8382,5.852
-8.3295,18.3415,5.851
-93.5381,43.1221,5.851
-122.7593,57.8455,5.851
-25.7962,-46.6750,5.851
92.0793,-39.0121,5.850
-53.0483,-58.1894,5.850
-138.1367,31.5690,5.850
-123.6428,-43.7995,5.849
113.6458,-36.7071,5.849
-125.1350,-7.6682,5.848
-117.5682,0.1742,5.848
-132.8138,-59.9006,5.848
56.6102,-58.7079,5.847
111.6406,13.4763,5.847
-100.9641,-57.4656,5.846
-54.5189,-17.6051,5.846
19.4162,-48.5203,5.846
-138.5145,37.1187,5.846
-161.0068,10.3652,5.846
-179.3134,54.4591,5.846
85.8581,-30.6629,5.846
-43.6005,-29.7759,5.845
-35.8091,-48.6871,5.845
-73.3767,19.0162,5.844
176.3683,-48.5149,5.844
36.7123,-38.7595,5.844
85.7195,-55.6609,5.844
-46.3253,-52.0769,5.844
175.2696,-55.4925,5.844
142.0129,4.2800,5.843
-170.7752,31.8843,5.843
89.3852,-46.6918,5.843
130.9772,-54.2720,5.843
92.3916,30.4119,5.843
-164.2694,56.2020,5.842
86.0413,-16.7560,5.842
120.1504,13.6670,5.842
-144.0665,-29.6748,5.842
-140.9169,-36.3828,5.842
93.0759,-39.5429,5.841
163.1597,-10.2238,5.841
-100.0659,51.4813,5.840
178.0546,52.6149,5.840
-114.3415,-52.3393,5.840
120.3687,-10.7339,5.840
-102.4700,9.0345,5.840
177.8932,-20.7318,5.839
89.5592,-32.4564,5.839
47.6190,-39.0940,5.839
70.8150,-28.9205,5.839
-140.1222,-22.8550,5.838
-170.6778,43.1583,5.838
-64.4207,40.7548,5.838
21.1756,44.4027,5.838
-136.8760,-36.3335,5.838
-86.2383,-29.1966,5.837
-22.5237,-48.4333,5.837
80.8096,44.0095,5.837
66.4619,48.6176,5.837
-122.4200,9.8266,5.836
138.9985,56.3474,5.836
169.4955,31.4237,5.836
-66.9061,-12.8047,5.835
-147.4757,50.6580,5.835
101.8086,45.9787,5.835
-94.2451,42.4086,5.834
110.1916,-41.6873,5.833
31.7012,-48.5179,5.833
156.2584,-4.7530,5.833
-145.1677,37.6708,5.833
153.3329,-18.4295,5.832
-175.7737,-7.4658,5.832
-134.8720,43.2664,5.831
34.1831,-6.9343,5.831
-128.0915,56.2099,5.831
159.4134,10.7816,5.831
66.7454,4.0023,5.830
140.0624,-34.8440,5.830
-96.8846,42.0124,5.829
125.4165,-30.8217,5.829
38.1143,-53.2864,5.829
56.1454,-45.0889,5.828
44.7492,17.9403,5.828
143.6952,17.0935,5.828
100.8681,59.7601,5.828
156.4302,-11.5411,5.828
-172.6808,24.2215,5.828
93.6254,-53.6220,5.827
141.1313,-34.6019,5.827
128.5170,17.8008,5.827
38.3409,-5.1486,5.826
59.0060,31.5999,5.826
-87.6811,37.4341,5.826
90.2949,-15.2177,5.826
-134.0721,-53.0655,5.825
-166.0340,33.1818,5.825
-87.9440,37.6762,5.824
107.3941,42.5375,5.824
86.0564,-38.5342,5.824
174.1551,4.1570,5.824
40.5985,-56.0851,5.823
-147.4738,37.7012,5.823
100.6209,49.3131,5.823
-125.5095,35.0921,5.823
-170.6666,-12.5032,5.823
162.4465,37.3998,5.822
15.9297,-56.7996,5.821
-87.5554,20.7565,5.820
-152.8027,40.8531,5.820
106.1129,35.8335,5.820
29.6236,-33.8330,5.819
-164.9620,33.1365,5.819
-178.0591,29.9031,5.819
-26.7161,54.2409,5.819
136.6068,-51.9719,5.819
157.2122,33.4631,5.819
64.8407,-30.2787,5.818
158.3435,30.4592,5.818
-132.7182,-18.9506,5.817
162.2816,-18.6123,5.817
78.9581,10.9238,5.817
-124.5945,34.8170,5.816
27.6664,-28.3047,5.816
134.4101,46.7902,5.816
-95.2366,43.5934,5.816
-83.1290,-57.0475,5.816
-149.6552,46.7110,5.816
-74.2389,3.0110,5.816
114.8650,4.1325,5.815
-176.9660,-1.6599,5.815
101.7935,24.0469,5.815
65.1016,8.1682,5.815
-86.5172,18.8526,5.814
-177.6464,14.2831,5.814
-26.0113,55.2798,5.814
1.7266,-42.2425,5.813
-69.9068,10.7075,5.813
114.6397,49.7713,5.812
-61.5522,-52.2073,5.812
98.1252,-19.8171,5.811
-48.7554,47.6130,5.811
115.6921,15.1466,5.811
-24.7217,-4.2240,5.811
115.7231,7.0043,5.810
87.3368,23.7259,5.810
-110.1334,57.0608,5.810
-174.0448,-50.0483,5.810
-37.9585,54.4401,5.810
128.7055,1.9558,5.809
170.0808,31.2959,5.809
-156.3672,34.1456,5.809
-130.3979,39.6866,5.809
-33.8577,-55.4676,5.809
-163.9738,-6.2729,5.809
152.2699,30.6543,5.809
-157.3539,25.6374,5.808
50.2207,-51.0796,5.808
173.0922,25.1935,5.808
-86.2875,49.9711,5.807
164.6822,3.9866,5.807
-42.8992,36.6169,5.806
-74.0421,-53.5703,5.806
-161.3896,-23.5737,5.806
-15.0304,53.8643,5.805
129.2343,37.5977,5.805
-152.8656,12.8227,5.805
-83.1471,58.3176,5.805
-154.8026,3.7862,5.804
115.5795,56.5058,5.804
-119.1114,33.0277,5.804
-159.3195,51.7209,5.803
148.9454,-1.6966,5.803
105.9638,39.6566,5.803
-170.4047,11.2000,5.803
178.6749,-25.2517,5.802
-45.2027,-40.9744,5.802
66.0688,2.0338,5.802
65.5661,23.2910,5.802
-138.6529,-9.6942,5.802
-115.0479,12.7410,5.801
-132.6424,34.6621,5.801
97.4956,-23.9612,5.801
149.5157,33.5241,5.801
65.1357,-4.1128,5.801
165.5364,-59.9639,5.801
-165.4032,52.6627,5.801
47.0340,35.5747,5.801
164.6923,56.0835,5.801
-168.1630,-4.1628,5.800
74.3878,-34.0828,5.800
-53.2660,55.0093,5.800
-115.8920,58.9183,5.800
122.7713,-1.0472,5.800
146.3779,-41.9080,5.799
-156.1692,29.1348,5.799
137.5462,-58.7194,5.799
-125.8820,4.7834,5.799
6.1721,0.8315,5.798
56.5235,24.8495,5.798
-1.9123,19.7713,5.798
165.7452,53.2705,5.798
-160.2438,-8.4736,5.798
-55.4716,22.5674,5.798
-175.7310,2.2278,5.798
178.7732,-8.6765,5.798
-96.8804,54.6507,5.797
115.0104,-43.7733,5.797
142.5426,-31.1772,5.797
-43.6549,-53.5846,5.797
-97.0284,39.5845,5.797
-124.2228,-44.9861,5.797
72.7392,-49.1983,5.796
164.1091,-24.3733,5.796
45.1369,17.6944,5.796
-124.1140,40.1128,5.796
72.1080,-6.2440,5.795
40.0255,-27.0697,5.795
-59.9548,27.7874,5.795
-162.1213,54.3882,5.794
-119.8887,-1.3040,5.794
161.5682,-6.8698,5.794
-44.8599,41.3590,5.793
-129.0048,10.1118,5.793
-61.8270,-29.0337,5.792
-135.9564,-21.0071,5.792
-158.6820,28.3277,5.792
166.8077,-15.3707,5.792
41.2237,-17.4368,5.791
-167.9391,-3.9096,5.791
118.5866,59.0419,5.790
-169.3936,12.2969,5.790
-124.0000,-28.7867,5.789
110.8134,-37.5852,5.788
-162.5939,7.8961,5.787
17.6609,-29.3959,5.787
137.3916,-27.2950,5.787
-27.2610,-6.4383,5.787
10.8527,-53.4110,5.786
148.6913,-42.6199,5.786
138.5326,-16.6736,5.786
-98.4057,-11.3987,5.785
142.3429,-2.8257,5.785
-144.5795,-28.7344,5.785
173.1883,44.3512,5.785
105.8138,8.9632,5.785
-156.5294,17.5873,5.784
-148.3555,-36.6446,5.784
19.3217,-52.4722,5.784
-121.2984,59.1879,5.784
-48.2212,-36.2363,5.783
-99.3910,46.8282,5.783
10.3743,-10.1605,5.783
128.1732,-41.2963,5.783
69.7231,-33.4646,5.783
176.0846,-15.7738,5.783
12.9650,-20.5451,5.782
120.9470,-36.6858,5.782
-174.0330,1.5229,5.782
-20.3228,-41.1999,5.782
142.8076,-27.5590,5.781
148.3097,33.8125,5.781
164.4227,47.7867,5.780
-121.7480,21.3672,5.780
20.4179,-0.3447,5.780
56.7951,-4.5158,5.780
-78.2402,17.5013,5.780
14.6560,-24.9734,5.780
76.7637,-46.3285,5.779
151.8124,-18.9751,5.778
-105.7368,4.3419,5.778
-172.1015,11.5527,5.778
6.3049,19.7954,5.777
131.7679,-51.7093,5.777
111.3778,31.3943,5.777
-173.0997,55.3646,5.777
-159.1141,-39.0729,5.777
130.8463,-49.9476,5.776
-150.4346,-40.6540,5.776
91.9394,-4.9489,5.776
177.7776,42.2452,5.776
137.3255,23.1287,5.776
-121.7890,9.2191,5.776
60.5086,-30.5465,5.775
-138.0442,35.1521,5.775
94.2953,59.7986,5.774
35.8807,34.7026,5.774
88.8829,-35.6277,5.774
116.2158,-28.6211,5.774
-38.0642,46.9637,5.773
-92.5521,16.0270,5.773
-133.3951,-0.9627,5.773
58.4633,-37.3742,5.772
-79.9909,10.6724,5.772
89.3921,59.5406,5.771
-175.2992,52.8944,5.771
137.8895,19.1340,5.771
-123.7840,-5.2125,5.771
-28.2301,-10.4685,5.771
75.6664,-27.6248,5.770
69.1277,-18.7039,5.770
-173.3559,15.5275,5.770
-161.2355,15.7017,5.770
39.6593,27.4579,5.769
13.8483,-22.3003,5.768
-54.4606,-41.3892,5.768
35.9042,-49.4277,5.768
-165.6667,4.3062,5.768
86.0905,-13.6520,5.767
-175.7298,17.5297,5.767
168.2748,-6.3381,5.767
-136.0494,-12.9071,5.767
169.4944,31.1856,5.767
-86.2497,24.5026,5.766
147.5402,-6.1756,5.766
28.1859,-22.0178,5.766
91.1540,18.7553,5.765
70.5028,-27.4694,5.764
-157.3934,-54.4623,5.764
120.8236,-40.0747,5.764
-172.6940,51.7350,5.764
-167.8017,45.5190,5.763
-17.6798,-53.7451,5.763
162.1367,-34.9356,5.763
140.8989,33.9556,5.762
-41.2070,-24.5223,5.762
107.1712,-26.3766,5.762
-100.1884,49.8032,5.762
-166.1543,51.0441,5.762
-31.8511,-20.2526,5.762
-100.5997,47.6584,5.760
-126.7252,14.5128,5.760
-106.9059,38.0612,5.760
100.9822,-25.5610,5.760
110.8077,2.9275,5.760
153.5589,-39.2260,5.760
73.3376,0.6964,5.760
13.3136,-27.4264,5.759
71.2933,-4.3575,5.759
-169.7384,-0.3383,5.759
98.1929,16.2057,5.759
-144.8205,17.1783,5.758
-21.6873,-5.4414,5.758
-95.3782,47.2288,5.757
133.4034,9.3656,5.757
49.4742,21.7562,5.756
-152.1957,24.9432,5.756
-116.1351,6.1251,5.756
63.9773,-50.1781,5.755
-84.3761,-47.1521,5.755
153.4733,-43.1876,5.755
90.3868,-14.4064,5.755
-83.5593,55.9967,5.755
125.6104,25.9419,5.754
11.6543,-47.2496,5.754
27.5039,-25.1126,5.754
-98.4573,44.2992,5.754
129.6595,-34.8593,5.753
-31.9322,32.7392,5.753
178.8489,16.6999,5.752
-70.7104,0.6255,5.751
-84.8817,42.9567,5.751
79.0252,11.4384,5.750
116.2378,-0.6830,5.750
-167.4068,-25.5828,5.750
-158.8897,-5.6912,5.749
79.7050,-40.5729,5.749
-168.0050,47.1235,5.749
41.5598,-58.2970,5.749
96.8045,-30.2900,5.748
-29.2313,-29.3134,5.748
-152.9286,-12.3726,5.748
-168.2510,48.4805,5.748
-117.5298,54.7411,5.748
-41.3137,-50.7696,5.747
151.0633,-2.4474,5.747
136.3658,-38.4888,5.747
176.3640,51.2343,5.747
132.7970,30.7783,5.747
-114.2308,47.0697,5.746
114.9236,12.6182,5.746
134.6062,11.1778,5.746
139.5159,35.9416,5.746
116.9972,41.5772,5.746
-120.8709,8.9007,5.746
-123.2934,33.1175,5.746
-178.7685,-9.6826,5.745
115.8603,-49.7887,5.745
157.3313,34.5428,5.744
168.3587,-13.3865,5.744
133.7975,-28.7835,5.744
122.8932,9.2881,5.743
-141.6627,-45.0868,5.743
102.0938,23.7369,5.743
19.9939,-45.1203,5.742
-143.6036,-6.0173,5.742
-153.9539,11.5501,5.742
-82.7357,-27.8962,5.742
136.5526,-41.8613,5.741
-97.8612,42.0190,5.741
-52.9263,-36.6245,5.741
99.5219,-24.0300,5.740
142.8334,-24.2903,5.740
51.5665,0.6464,5.739
179.9414,58.2884,5.739
104.3067,24.3472,5.739
96.6710,-1.9203,5.739
165.4787,23.2259,5.738
-40.3699,56.7365,5.738
25.8494,37.0552,5.737
-18.1228,-51.3378,5.736
-131.9082,-41.9092,5.736
-117.4740,23.7953,5.736
131.6717,25.9711,5.736
121.5932,-1.9156,5.736
-153.9784,-16.1541,5.735
-123.3439,11.6081,5.735
135.7215,11.7297,5.735
-177.1622,2.3112,5.734
116.7836,55.1269,5.734
101.9672,-38.4835,5.734
85.3441,48.2643,5.734
42.4144,-55.9159,5.734
-168.8846,35.8240,5.734
96.0635,30.9676,5.733
103.9809,-54.4768,5.733
-171.7756,-9.1998,5.733
-60.0140,-54.6595,5.733
123.9405,39.8633,5.733
151.6517,-17.3614,5.733
-138.4252,17.6017,5.733
127.1852,16.6324,5.732
-132.6634,-28.2545,5.732
-26.9555,-39.0391,5.731
98.5493,36.7760,5.731
-170.7466,14.0947,5.731
-55.4013,-36.6251,5.730
-159.9843,19.7174,5.730
109.6383,7.2846,5.730
149.7586,0.3612,5.729
-118.4097,17.0502,5.729
-84.2971,-47.6094,5.729
56.7275,47.0400,5.729
-21.7356,20.4622,5.728
139.0400,-5.8842,5.728
70.1335,-37.7134,5.728
24.9901,-35.6671,5.727
-173.1211,44.5953,5.727
51.0617,-36.5379,5.727
99.0934,-26.8188,5.726
-167.8611,47.0276,5.726
-170.5900,-11.6150,5.726
-150.0588,54.9822,5.726
-100.1536,-54.6470,5.726
-52.6028,-52.9648,5.726
-129.3330,11.8386,5.726
-158.7094,32.1193,5.726
123.0545,-54.7257,5.725
-114.6572,15.9856,5.725
133.9583,-28.4659,5.725
-129.1084,22.2482,5.725
-55.8082,-56.1275,5.725
-88.1097,54.8100,5.725
124.9778,25.8923,5.725
70.6653,0.8520,5.724
160.3185,-2.4268,5.724
101.0381,-38.0148,5.724
98.3882,-3.2496,5.724
-146.4395,33.9772,5.724
23.4646,42.7075,5.724
-45.3803,-20.4964,5.724
-146.7001,-47.5611,5.724
109.0432,50.0782,5.723
134.5442,-48.0002,5.723
161.0364,24.5322,5.723
98.7071,10.0464,5.723
-157.1831,47.6368,5.722
140.2971,-28.5711,5.722
102.2027,-23.3440,5.722
153.3583,-26.8189,5.721
-140.1614,30.4281,5.721
-102.1869,49.4773,5.721
-80.5016,4.4428,5.721
107.2734,35.4810,5.721
-115.3983,33.2278,5.721
162.4516,12.7887,5.720
-45.5932,39.1841,5.720
-161.7710,-1.9479,5.720
20.1751,11.3839,5.720
142.4728,-35.6882,5.720
-18.4860,-22.2943,5.720
179.3964,7.8994,5.719
145.9159,-9.5649,5.719
-130.8782,-12.0350,5.719
-144.1808,-35.6333,5.719
131.2352,-11.1174,5.719
-119.9001,-48.9397,5.718
92.0025,23.1948,5.717
113.4840,-23.7745,5.717
-150.7070,24.9389,5.717
-170.5369,6.0694,5.717
136.3345,10.0657,5.717
126.3091,-50.7993,5.717
-151.0839,-22.6725,5.716
-136.7545,23.7134,5.716
76.6710,5.5426,5.715
78.3960,-0.7620,5.715
-106.6896,-8.5106,5.715
74.7130,8.7963,5.715
22.7133,8.5176,5.714
92.1649,40.3094,5.714
-1.6898,17.8166,5.714
-163.9497,-30.6047,5.713
131.7894,45.0205,5.713
78.8183,52.7630,5.713
-175.5940,43.5827,5.713
175.3955,3.2981,5.713
38.7495,-23.4058,5.713
117.9839,4.3783,5.713
129.5325,36.4441,5.713
124.0877,-5.9419,5.712
122.5865,-24.0267,5.712
72.7346,-36.2240,5.712
-159.1494,1.5803,5.712
-166.7874,1.7106,5.711
77.7323,-35.5434,5.710
55.8002,-4.2616,5.710
102.2049,16.7697,5.710
146.3148,9.7652,5.710
124.3896,-39.5940,5.709
127.2866,42.5309,5.709
157.9065,-15.6887,5.709
-176.8484,24.5283,5.709
148.9505,29.6482,5.708
-70.5481,-15.2530,5.708
131.9975,-32.1395,5.707
-159.3134,46.9203,5.707
175.9387,46.4334,5.707
-115.8209,-33.5788,5.706
139.8883,-28.8152,5.706
166.2038,53.4934,5.706
58.8858,-54.4107,5.706
165.8451,39.0661,5.706
-107.4337,58.5281,5.706
-96.3308,-16.4944,5.705
89.1862,-28.4890,5.705
151.7121,22.4224,5.705
-144.2908,48.5345,5.705
-153.0259,-42.2222,5.705
85.6222,-52.4123,5.705
146.3001,-38.9673,5.704
152.0014,19.7129,5.704
-75.4291,-12.2846,5.704
-55.5909,48.2843,5.704
21.2372,-2.6720,5.704
81.0395,12.5472,5.703
119.4815,-44.6645,5.703
7.4293,-13.1507,5.703
-147.0609,-48.2015,5.703
22.2680,53.9903,5.703
16.4087,-39.2465,5.703
78.8673,-36.9404,5.702
90.0892,52.9478,5.702
-174.1480,0.4615,5.701
158.4375,-5.7145,5.701
-114.9444,22.6369,5.701
-13.3536,-32.4652,5.701
-168.2632,-19.1222,5.701
79.8421,39.1097,5.701
-169.8969,-2.9009,5.701
-175.0605,43.8065,5.700
-138.6501,23.9942,5.700
-178.1761,53.7712,5.700
-50.9848,14.7974,5.700
123.5545,30.4161,5.699
-13.6280,11.8411,5.699
-136.7504,32.5244,5.699
-82.8944,51.3572,5.698
-153.3779,-0.4130,5.698
-148.3021,54.2203,5.698
-74.9527,-55.3290,5.698
-145.9371,-13.4709,5.698
-37.1024,-40.4943,5.697
77.4033,11.5342,5.697
-153.4370,4.8547,5.697
-87.7105,55.5992,5.696
-163.7084,35.6952,5.696
-116.5865,52.1742,5.696
-161.5134,-3.1493,5.696
119.1230,44.9035,5.696
2.8025,25.4879,5.695
13.0034,50.1932,5.695
163.5358,5.5643,5.695
128.3159,-38.5725,5.695
-79.7028,-20.8670,5.695
48.5657,13.1174,5.695
-153.6363,-19.9785,5.694
0.6971,-9.3622,5.694
103.1323,-21.7049,5.694
148.9205,-18.9384,5.694
-138.2760,-10.2971,5.693
99.3145,49.0702,5.693
-162.6892,-33.7901,5.693
-125.2316,-55.2523,5.691
91.6229,-10.5787,5.691
-135.3230,3.7052,5.691
-156.6328,-0.4881,5.691
50.3420,-17.0666,5.691
-139.6644,31.3634,5.691
53.3823,43.2804,5.691
-167.1238,33.7208,5.691
-33.2982,-49.5402,5.690
150.4959,-53.9072,5.690
-83.6737,11.1404,5.690
151.7520,-36.3933,5.690
-18.4749,-46.9074,5.690
29.1701,-26.8011,5.689
-122.8832,-37.7432,5.689
169.8020,9.2483,5.688
-79.7599,-36.6083,5.688
-139.6532,-58.1417,5.688
-112.7116,27.2762,5.688
-163.8975,4.4761,5.687
155.8837,48.9784,5.687
-115.2706,29.6222,5.686
113.6082,50.8326,5.686
94.1622,44.5931,5.686
72.8489,-43.1858,5.686
-88.2589,37.5395,5.686
120.0686,-52.4621,5.686
-98.5935,-57.9563,5.686
6.4092,0.9704,5.685
-153.7064,-30.9484,5.685
-24.7662,-43.8467,5.685
86.7263,-19.7074,5.685
-5.1362,-0.3691,5.685
-45.4429,40.0106,5.685
108.3964,19.3410,5.684
177.6804,10.0662,5.684
147.3826,9.1547,5.683
-150.9290,-1.0376,5.683
165.9422,-0.9574,5.683
170.5993,11.5467,5.683
123.1055,13.5277,5.682
51.4156,-24.2191,5.682
-60.6317,52.5827,5.682
120.5447,53.8906,5.682
110.7038,30.0811,5.682
60.6539,51.1607,5.681
170.4910,39.7687,5.681
77.1629,-16.1582,5.679
-173.8698,-16.2477,5.679
129.2407,-4.6385,5.679
-109.6405,-15.1175,5.678
-160.9437,-11.3151,5.678
-24.9350,53.3416,5.678
110.7566,36.4582,5.678
-103.6109,40.0451,5.678
78.4395,-54.9856,5.677
158.8671,31.8900,5.677
-49.8059,-30.9588,5.677
-130.9390,-54.0290,5.676
159.3770,33.9381,5.676
-64.1901,-1.8399,5.676
89.7147,7.7197,5.676
78.9889,1.4028,5.675
-56.3467,-49.5412,5.674
108.4885,-17.8949,5.674
-153.2840,19.9792,5.674
-105.1556,3.8551,5.674
-57.2457,-0.3303,5.673
169.3544,31.0490,5.673
158.5612,-39.0462,5.673
-18.4709,53.7781,5.673
126.0443,-2.6949,5.673
146.8918,46.0943,5.673
-159.3212,50.3128,5.673
118.9476,11.2765,5.672
101.4304,20.6183,5.672
70.9317,-0.5205,5.672
-147.3206,-36.5749,5.672
-47.2014,-52.1239,5.672
-73.2697,58.8942,5.672
67.5466,-24.9997,5.671
-94.8017,31.3873,5.671
84.1888,-38.7295,5.671
-179.2125,13.8451,5.671
116.8098,11.5005,5.671
-170.7147,16.3646,5.671
126.6605,24.7760,5.671
171.6530,-13.2306,5.670
-108.0734,54.9341,5.670
167.4375,29.9797,5.670
-148.9275,13.6194,5.669
-167.8713,19.2037,5.669
101.3801,4.4312,5.669
-106.8640,32.3336,5.669
-62.3979,-58.5271,5.669
4.8082,-9.2862,5.669
133.0394,19.7032,5.669
-148.7339,-33.3959,5.668
-109.8949,41.2352,5.668
168.5976,40.8670,5.668
127.1875,6.8399,5.667
-45.8822,-41.3386,5.667
103.2458,39.0968,5.667
67.0250,-52.7761,5.667
-157.4490,42.9784,5.667
-111.6214,-46.9450,5.667
-168.5100,-2.3846,5.666
84.3120,-21.0898,5.666
89.4396,7.8032,5.666
-24.5677,53.0783,5.666
-140.6794,21.8642,5.666
-155.0884,13.0229,5.665
-117.5713,-35.7379,5.665
-170.5234,-27.7830,5.665
156.4637,-34.1315,5.665
141.5566,14.7364,5.665
44.1759,34.4698,5.665
-56.3013,-25.6918,5.664
-135.6841,-20.4784,5.664
-98.7014,52.8869,5.664
-92.0892,54.1114,5.664
175.2649,17.5497,5.664
33.5788,-38.0329,5.664
66.0550,-36.5543,5.663
72.0207,-20.0940,5.663
101.7013,-14.6981,5.663
-83.4813,-54.4590,5.663
-162.3215,-4.6415,5.663
-99.2669,25.4631,5.662
-74.4187,-26.7549,5.662
169.4624,58.7479,5.662
24.4061,-37.0796,5.662
0.9887,-5.9002,5.661
175.6152,-56.1107,5.661
163.9781,-13.2373,5.661
170.2375,46.0617,5.660
161.9458,21.3741,5.660
42.5405,24.3202,5.660
74.6851,35.4333,5.660
-110.6434,33.5809,5.660
-164.9915,39.6834,5.660
133.4701,-48.0570,5.659
41.8851,-17.9481,5.658
-133.2345,55.6753,5.658
-0.2229,-33.7404,5.657
-156.5749,15.9181,5.657
70.0267,-15.6484,5.657
-125.4316,39.5023,5.657
132.4534,8.4711,5.656
-144.1398,41.5072,5.656
176.0555,55.3229,5.656
-168.9572,21.7646,5.656
-170.9565,54.3828,5.656
-106.4311,32.5196,5.656
61.7070,-53.6771,5.655
8.9005,-38.5415,5.655
-167.9422,-1.9227,5.655
-154.6094,-6.5732,5.655
97.2863,14.6436,5.654
-56.7725,-50.3665,5.654
109.1541,47.7872,5.654
125.3443,39.5115,5.653
-87.8553,-44.4460,5.653
47.6270,-34.7593,5.652
5.7236,-34.8719,5.652
-147.8734,-47.1090,5.652
-97.4998,54.7983,5.651
-26.7978,51.3725,5.651
-114.4541,29.1202,5.650
130.1398,8.1434,5.650
60.8087,47.6902,5.650
-135.6444,23.5179,5.650
-175.9265,-23.2099,5.650
-134.4596,-52.8054,5.649
-112.0973,37.4901,5.649
52.9342,-22.6017,5.649
-50.8248,40.9050,5.649
-59.8426,-42.1592,5.649
64.0134,-35.5904,5.649
84.0567,-57.6955,5.649
-99.9181,56.9057,5.649
29.0290,-25.2208,5.648
-140.6353,-17.9614,5.648
32.4044,-36.0836,5.647
5.9464,3.4807,5.647
93.3701,6.4692,5.647
171.1046,48.2583,5.647
67.5729,-54.7980,5.647
-135.0819,43.5211,5.646
-50.5290,-36.4391,5.646
-86.3538,36.8771,5.646
103.2084,-11.5627,5.646
-102.7317,1.9180,5.645
-154.7762,33.9648,5.645
174.5313,1.6690,5.645
-140.3001,-40.4892,5.644
-53.4954,-35.2091,5.644
-92.0185,42.4571,5.644
-156.7041,-7.3733,5.643
174.9647,18.0393,5.643
94.0160,-42.3368,5.642
-165.5276,-26.6449,5.641
146.3230,-0.3106,5.641
-128.6913,1.9808,5.641
92.0390,-11.7590,5.641
76.7983,10.4023,5.641
7.3906,-2.1061,5.641
-167.8104,23.3136,5.640
69.4960,-13.6457,5.640
-107.8994,31.9550,5.639
-130.9517,-53.4080,5.639
-139.2289,-20.1747,5.639
74.5651,0.4422,5.637
-25.8054,-9.3950,5.636
57.0081,-21.2565,5.636
-149.0186,39.7012,5.636
73.3315,-17.1923,5.636
-95.6918,42.0382,5.636
-148.7120,57.9630,5.636
-161.5460,1.6390,5.636
-56.0515,-28.9013,5.635
95.8857,45.5711,5.635
151.0590,-16.8504,5.634
126.7517,11.9395,5.634
63.0506,1.4619,5.634
106.6324,-53.1121,5.634
64.7631,-31.5623,5.634
-148.6829,25.5383,5.634
29.8872,-57.5857,5.634
-174.0772,44.4409,5.634
-42.2756,-45.2619,5.634
-145.4847,-40.3595,5.634
-45.4895,-59.7891,5.634
90.6295,-2.7396,5.633
68.6371,-37.3166,5.633
-50.8125,-23.0940,5.633
45.0474,-57.8780,5.633
49.8074,-21.4521,5.632
56.6969,-37.8190,5.632
-145.7984,43.2194,5.632
-38.0020,1.2745,5.632
-131.1853,-27.1743,5.632
-3.8849,10.9833,5.631
52.5175,46.2890,5.630
144.5984,-4.1726,5.629
145.4582,30.1182,5.629
-170.0324,14.0182,5.629
11.3150,-6.6699,5.629
15.5391,-18.5902,5.629
91.7029,-13.0783,5.629
-165.3267,49.2848,5.628
44.1541,-26.1392,5.628
-174.6455,35.6771,5.627
145.0513,-54.8304,5.627
100.8543,-12.9623,5.627
-56.7819,-16.6595,5.627
144.6527,30.0961,5.626
-114.2114,41.3305,5.626
83.5302,40.2008,5.625
-123.2429,38.7203,5.625
-97.1040,42.2741,5.625
-7.1057,-52.3882,5.625
-46.1311,-40.3553,5.625
70.3734,37.8181,5.624
52.5876,-25.0717,5.624
70.8068,-3.9203,5.624
119.6120,-42.0373,5.624
-171.7100,11.4229,5.624
-32.1905,-27.6687,5.624
115.9866,-15.6142,5.623
60.5680,-39.7156,5.623
9.0740,-8.5593,5.623
-154.0840,16.4801,5.623
-162.7575,-50.4650,5.623
140.5362,-9.7507,5.622
59.3886,6.8987,5.622
136.0154,-43.3795,5.622
-32.8750,20.0222,5.622
-173.8717,59.7648,5.621
136.8106,-0.1291,5.621
-164.2930,-42.8167,5.621
-151.3800,-52.1355,5.621
-114.9490,41.4652,5.621
-63.7811,-53.3951,5.620
-97.2700,45.4697,5.620
-167.0272,-32.5352,5.620
-79.8326,-28.7040,5.620
9.7014,-38.4269,5.620
151.7298,-21.4195,5.620
-122.9396,29.6750,5.619
-5.7238,-5.3570,5.619
-142.2211,-25.2825,5.619
-58.9780,-54.8069,5.619
-178.1875,47.1856,5.618
171.6894,-44.3918,5.618
-147.3198,-34.7821,5.618
134.1643,-8.4093,5.617
-102.2951,44.1774,5.617
68.9400,24.7100,5.617
168.7940,5.1987,5.616
126.5579,38.6485,5.616
10.3727,-45.1277,5.616
-65.0894,-11.8536,5.616
144.7897,-41.8146,5.616
-161.4519,43.5040,5.615
109.7624,12.7813,5.615
-107.9806,47.1004,5.614
142.1155,5.0520,5.614
-60.0238,-31.2167,5.614
-45.7216,46.3777,5.613
-151.8918,-59.1991,5.613
-35.6881,-43.6312,5.613
-158.9192,-21.6834,5.613
18.9364,-52.0472,5.613
-152.8208,-44.0815,5.613
-5.7422,-5.5745,5.612
95.3305,-20.0733,5.612
19.6381,-34.6425,5.612
177.0096,52.0841,5.611
131.3178,-37.2769,5.610
173.9638,-6.4184,5.610
-158.6755,-5.8437,5.610
20.4454,-38.3653,5.610
130.2377,3.0649,5.610
100.5058,52.1966,5.610
126.1624,-7.4888,5.609
41.6032,-16.2231,5.609
106.7205,4.8470,5.609
-125.6646,9.3519,5.609
166.3691,-38.3597,5.609
-138.1673,30.6632,5.608
121.9677,15.5624,5.608
86.1930,48.1920,5.608
-110.8780,33.7176,5.608
19.1882,-55.1608,5.607
-73.7191,-57.9133,5.607
-48.2729,-30.3698,5.606
128.0858,-32.4610,5.606
175.8590,22.2692,5.606
7.2841,16.6145,5.605
100.1443,-11.9035,5.605
-168.5871,-54.1333,5.605
123.0894,53.3597,5.605
-154.9307,-45.5969,5.604
-166.1332,7.0391,5.604
-161.2880,-50.0695,5.604
-162.0903,43.6734,5.604
106.4440,44.0519,5.604
76.0701,14.5233,5.603
-170.5726,45.4152,5.603
48.2408,-35.7743,5.603
-129.1650,8.5100,5.602
-45.9484,43.1825,5.602
-12.3160,-52.2113,5.602
22.7321,-30.7513,5.602
134.9247,28.1597,5.602
-178.8846,48.4124,5.602
-170.7011,-48.1791,5.601
121.2335,-26.5948,5.601
-87.2474,19.4333,5.601
104.4797,31.2309,5.600
139.9156,-19.3247,5.600
-156.9214,57.2687,5.600
-172.0487,59.7328,5.599
176.1434,25.8428,5.599
-15.5842,-4.1521,5.599
140.2006,31.8008,5.598
-161.2757,47.4556,5.598
23.5885,40.5636,5.598
35.6894,23.3654,5.597
22.6508,-50.6233,5.597
148.7873,-8.3460,5.597
167.7643,-48.4368,5.597
-124.8340,-44.5039,5.597
-175.8653,10.7680,5.596
68.5262,-22.1381,5.596
48.5802,57.3084,5.596
121.3267,-48.1899,5.595
-4.3822,-5.7848,5.595
-128.0047,9.5375,5.595
50.6576,-39.5346,5.594
73.8139,-24.0375,5.594
137.5912,18.3441,5.593
-67.4628,-14.8744,5.593
99.4581,-8.3820,5.592
-82.3105,48.8695,5.591
-171.9920,36.4513,5.591
142.6175,2.7149,5.591
102.6134,-33.3734,5.591
108.1317,24.5803,5.591
-62.0414,-28.9763,5.590
-166.8329,-14.6663,5.590
-117.4194,-43.1313,5.590
43.6062,-56.9641,5.590
-163.8876,-16.7109,5.589
-142.0660,-8.7544,5.589
-107.8539,32.0770,5.589
-91.7326,40.9139,5.589
155.4381,-14.1181,5.588
-90.4102,41.9502,5.588
175.3444,51.3854,5.588
-91.1199,-8.0342,5.588
124.6058,50.2966,5.587
105.6030,-39.9062,5.587
-167.0290,-20.7518,5.586
-164.8154,51.2523,5.585
77.7887,4.2181,5.585
-69.7261,5.4855,5.584
-164.1813,44.4114,5.584
61.0071,4.3723,5.584
155.7186,-6.5225,5.584
54.5657,-36.9632,5.583
-146.7836,-17.1420,5.582
-147.0901,10.7718,5.582
115.0208,-8.3503,5.582
123.3427,17.6059,5.582
-173.6399,-51.8550,5.582
-155.9691,11.8939,5.581
-52.8128,-51.3769,5.581
95.5999,-32.1279,5.581
-159.5578,49.3984,5.581
-144.0429,-15.8351,5.581
-168.6796,29.3578,5.580
-170.1787,29.5525,5.580
-57.8568,-26.7869,5.580
142.8922,4.8010,5.580
-62.2143,25.8315,5.580
39.6963,-38.9871,5.579
165.2980,4.2440,5.579
-33.2208,-57.2994,5.578
60.9813,-53.8629,5.578
69.9679,-51.0739,5.577
24.8419,-3.5635,5.576
141.3352,3.4857,5.576
99.0600,-26.3373,5.576
-45.7800,36.9384,5.576
89.2351,-28.9640,5.576
137.5912,18.9012,5.576
123.4428,59.5810,5.575
132.2577,13.7404,5.575
-103.9313,53.1227,5.574
-95.1751,43.4591,5.574
102.0853,37.7321,5.574
30.1206,-38.9304,5.574
79.0552,-35.7091,5.574
-177.0903,7.9321,5.573
74.7104,-0.4675,5.573
127.3873,-31.8854,5.573
110.0426,-35.4803,5.573
-81.0961,42.0759,5.573
176.4035,14.5526,5.572
125.9161,22.9131,5.572
-49.4571,-40.0600,5.572
130.5370,7.6637,5.572
-130.2740,2.9066,5.571
-138.7111,-15.9396,5.571
-117.7493,-53.2089,5.570
141.0477,4.0773,5.570
162.8996,-13.1405,5.570
53.9839,-23.2621,5.570
-166.5240,0.3671,5.570
-144.6139,-6.2786,5.570
175.5277,17.4196,5.569
14.1116,0.1688,5.569
-100.2802,25.6746,5.569
-130.4698,-22.7906,5.569
-129.0457,39.0113,5.569
35.1787,-20.1015,5.569
-137.0935,54.2009,5.569
1.2630,21.9851,5.569
-108.8819,28.1552,5.568
-3.7072,-17.4842,5.568
8.7660,-19.5837,5.568
-144.4986,-21.3253,5.567
118.1341,-23.7607,5.566
141.2338,-27.6225,5.566
-154.3901,-28.8190,5.566
148.4889,-17.5766,5.566
-152.1464,-59.6849,5.565
-12.0494,1.9423,5.565
-176.3178,-17.6699,5.565
-112.8991,-55.2748,5.565
-104.3630,52.5805,5.565
-100.8585,47.5708,5.565
-46.4969,-26.7458,5.564
-44.1219,58.0035,5.564
-88.4738,23.4592,5.564
-139.9245,-11.5834,5.564
-74.3286,7.7321,5.564
8.8922,-21.8075,5.564
-126.4330,-0.6205,5.563
40.3252,-21.1219,5.563
-167.8105,42.9022,5.563
109.8945,15.7519,5.563
-43.2206,36.9789,5.561
-134.8546,-19.0444,5.561
4.2279,-35.9304,5.561
109.8509,35.3832,5.560
113.9346,0.9781,5.560
62.7313,0.1649,5.559
166.0593,15.9936,5.559
-53.7750,-21.7011,5.559
87.1722,-32.7184,5.558
-173.8674,-53.8128,5.558
51.4613,32.5433,5.558
57.5276,-58.7825,5.558
-161.3649,-24.5343,5.558
67.1238,-20.2155,5.557
-88.7334,34.2244,5.557
122.3904,32.7033,5.557
160.8858,-48.7129,5.557
126.0230,5.0850,5.557
140.0666,-25.3241,5.557
-40.7924,-24.0373,5.556
142.8165,-9.6620,5.556
-108.8029,-13.4614,5.556
-24.7245,52.8742,5.555
112.1637,-38.0563,5.555
4.9826,-4.8411,5.554
169.9667,-50.7851,5.554
-164.6221,13.6245,5.554
167.7990,29.4605,5.554
141.1293,-22.3130,5.553
-167.3802,-6.9243,5.553
94.1434,17.5811,5.553
102.3767,34.7218,5.553
-140.9527,-18.1637,5.552
108.2660,-16.3243,5.552
-175.3548,8.3366,5.551
107.4212,20.6660,5.551
138.4784,-11.2399,5.551
-0.9520,39.8344,5.551
55.1572,3.3505,5.550
177.7367,-8.3851,5.550
133.7697,-27.0827,5.550
153.4063,26.3620,5.550
-178.0270,29.5592,5.549
88.7650,30.5752,5.549
-53.7644,-37.3953,5.549
116.9776,54.5792,5.549
-12.2658,-49.9164,5.549
139.5397,-17.8596,5.549
64.7739,-39.3531,5.548
171.2558,20.3589,5.548
1.4804,-7.8582,5.548
144.5269,1.0648,5.547
146.0920,9.4022,5.547
50.9988,-30.3799,5.547
-64.5196,-21.1775,5.547
14.6810,-22.9018,5.547
136.3061,-32.7328,5.547
40.8555,-13.9641,5.546
73.9150,-53.9970,5.546
97.3754,49.9701,5.546
-151.4063,-33.6590,5.546
-50.0816,47.9760,5.545
-64.2965,-20.8471,5.545
-112.2238,41.9457,5.545
80.4017,-47.4124,5.545
-142.5757,17.8945,5.545
-79.7596,-58.2996,5.544
110.3963,-21.0347,5.544
114.3802,-24.5783,5.544
-49.1450,-16.0765,5.544
-44.6027,44.6337,5.544
-58.3346,-21.5319,5.544
133.4351,-42.1472,5.544
166.0387,29.2720,5.543
-52.4340,44.9649,5.543
-102.9674,30.3137,5.543
-151.1712,-10.3160,5.543
159.9958,-42.3848,5.543
21.3379,-28.3723,5.543
1.1346,-7.6813,5.542
30.6572,-41.4401,5.542
-111.4302,23.3460,5.542
108.4249,25.5678,5.542
-107.4485,55.5997,5.541
157.8728,27.3651,5.541
117.3385,-46.6342,5.541
-35.4824,-41.9358,5.541
87.0893,-37.1342,5.541
-179.1804,-18.5053,5.541
48.3190,-56.6038,5.541
-17.5994,-34.3413,5.540
-144.7139,38.1681,5.540
-113.2013,4.5595,5.540
-95.8965,27.9486,5.539
148.2570,32.3157,5.539
-105.4375,-49.9648,5.539
68.7493,28.9274,5.539
154.0754,-1.6566,5.538
104.6812,-18.9131,5.538
162.4306,-33.2146,5.538
86.4263,-19.9851,5.538
65.9679,-30.2786,5.538
-157.0492,2.6765,5.537
96.2433,-7.4397,5.537
-129.1371,40.8208,5.537
-41.1585,30.9216,5.537
-169.4640,-33.2485,5.537
-163.0402,-23.9855,5.537
151.8518,-23.2680,5.536
114.4077,-20.5840,5.536
-148.2584,21.7281,5.535
-148.0470,55.2010,5.535
75.5379,34.8958,5.534
156.3464,-48.7913,5.534
-77.7458,-58.8918,5.534
149.2142,10.8329,5.534
-45.0995,39.4162,5.534
-126.0943,12.7703,5.534
-7.3794,55.8727,5.533
-143.9711,4.1732,5.533
-14.7224,53.6909,5.533
157.8205,-35.0225,5.533
-130.9567,54.2657,5.532
-153.4503,-33.0559,5.532
-158.0271,44.3763,5.532
9.9156,-38.3998,5.532
102.9436,-20.5571,5.532
97.6450,8.4930,5.531
-124.0443,57.9910,5.531
-153.1878,39.2343,5.531
-52.7254,12.1272,5.530
150.5797,-55.2667,5.530
-114.0087,31.4994,5.530
-65.6706,-7.0965,5.530
-178.8121,-58.9786,5.530
-136.3519,59.3668,5.530
81.0757,49.0516,5.529
-136.0334,-41.1959,5.529
-160.5623,33.4812,5.529
-34.0953,53.5860,5.529
72.4197,22.6937,5.528
14.8174,-33.9666,5.528
-107.1203,33.0560,5.528
-80.7158,54.5393,5.528
-162.1208,-57.1272,5.528
-157.5307,-0.9177,5.528
-125.8065,4.3463,5.528
118.7049,-22.1370,5.527
-98.5804,24.6270,5.527
-137.2372,48.6616,5.527
122.1610,29.6259,5.527
110.7193,3.0332,5.527
-177.3827,42.3061,5.527
95.3390,-16.7330,5.526
-90.6510,53.1135,5.526
-7.3980,49.6014,5.526
72.0487,7.2913,5.526
-177.8444,-57.0302,5.526
-96.4658,28.5960,5.525
163.2834,-43.1531,5.525
-168.4358,42.8012,5.524
13.9961,-15.0040,5.524
-117.4443,-47.5130,5.524
137.6248,-23.1000,5.524
93.9996,29.0693,5.524
71.4344,45.2084,5.524
-148.5094,-38.0542,5.523
-160.4527,30.1328,5.522
-133.9674,-19.6183,5.522
106.3029,19.8091,5.522
-172.2748,12.1739,5.522
-162.2149,-41.1742,5.522
11.8214,-18.3034,5.521
81.3031,-38.9352,5.521
-177.0859,-14.4666,5.521
2.0142,-22.0061,5.521
-125.9901,-58.7197,5.521
-92.8860,8.4691,5.521
60.4100,33.4877,5.521
-132.4945,-39.6162,5.520
10.7297,-55.8227,5.520
140.4638,-22.9608,5.519
-140.9498,59.7021,5.519
154.1510,54.4848,5.518
-25.8606,54.4438,5.518
150.7875,2.6100,5.518
12.6273,9.4636,5.518
135.4488,-27.6772,5.517
151.7848,31.6607,5.517
-149.5829,-34.2280,5.517
-152.2965,-6.0307,5.516
-90.2167,47.4168,5.516
-174.0374,33.7411,5.516
-158.6417,-1.2756,5.516
86.8776,-20.6198,5.516
-146.7624,53.1756,5.516
94.2621,-30.2027,5.516
141.2721,54.4362,5.515
-163.5621,45.7906,5.515
-136.8763,-49.3986,5.515
138.4320,-15.7004,5.515
-178.5418,-9.5540,5.513
-83.5893,27.8880,5.513
-94.6817,-13.0914,5.513
-107.1037,45.8283,5.513
-154.0566,-38.2018,5.513
128.6508,-58.6753,5.512
166.2737,-51.9914,5.512
143.0501,-13.9396,5.512
-84.8125,-28.6645,5.512
-149.6931,43.5558,5.512
95.7007,34.7257,5.512
-48.5026,-20.8303,5.512
89.1897,-41.9794,5.511
-56.9352,-29.4022,5.511
-112.7580,-46.6995,5.511
116.2145,23.7078,5.511
111.9974,36.8037,5.510
-176.0205,6.7185,5.510
-170.2429,2.1436,5.510
-106.0413,51.4743,5.510
114.8407,-11.1687,5.510
77.4510,1.6855,5.510
164.1698,40.7558,5.510
150.7511,-3.0081,5.509
-52.6834,-12.7387,5.509
101.1113,1.1458,5.508
120.6730,47.5293,5.508
109.1500,43.2915,5.508
150.6182,53.4207,5.508
50.8654,43.5252,5.508
29.6548,-18.7207,5.508
124.9762,16.5275,5.508
70.5126,-21.2162,5.507
128.8989,13.5809,5.507
30.1369,-37.4763,5.506
-86.7365,39.0214,5.505
154.1713,15.5322,5.505
132.5617,-48.4771,5.505
-150.8935,1.5048,5.505
-157.3082,48.8732,5.505
68.8832,-30.2232,5.505
-128.6517,-20.1172,5.505
-168.8054,34.3275,5.504
-157.4646,7.3299,5.504
156.0830,-22.4694,5.504
18.3179,-28.6996,5.504
85.4985,-37.2526,5.502
-111.5363,-29.6780,5.502
154.1856,27.2240,5.502
77.1198,12.3927,5.502
172.5687,22.7431,5.502
145.8444,32.9832,5.502
-48.6784,47.4140,5.502
145.8752,-41.2774,5.502
-163.6268,13.3372,5.502
66.3921,20.8582,5.501
138.4348,-7.7956,5.500
139.0314,11.0643,5.500
74.1816,2.6567,5.500
-156.1780,-22.6255,5.500
132.7550,51.0845,5.499
-121.0077,28.1240,5.499
-122.6363,-30.4841,5.498
101.2032,11.2845,5.498
-86.1550,39.8973,5.497
75.7485,22.1721,5.497
-160.4226,-18.5025,5.496
144.8844,32.4702,5.496
171.7158,-11.5204,5.496
159.2608,-1.2218,5.496
62.3242,-38.0312,5.496
-48.5590,-21.3354,5.495
10.0096,-46.5943,5.495
-125.9654,2.9662,5.495
93.1247,20.6395,5.494
42.3268,-29.9855,5.494
80.4892,-48.0875,5.494
102.9082,-28.0865,5.493
176.2633,1.4277,5.493
138.1746,50.7780,5.492
-76.6611,-18.3506,5.492
67.8710,-29.3548,5.492
35.7781,-12.2390,5.491
109.1503,-34.1065,5.491
157.7035,-1.4795,5.491
-127.8114,37.5315,5.491
100.9415,-7.5464,5.491
-68.1817,-10.7123,5.491
103.0157,-52.7038,5.490
165.3178,1.7622,5.490
-43.1604,-33.2211,5.490
18.7260,-13.0529,5.490
134.5532,29.1766,5.490
90.6665,20.5768,5.490
-143.0808,34.3473,5.489
-166.8546,42.8283,5.489
-161.6658,32.6186,5.489
-154.7100,3.6500,5.489
-146.3427,-48.0354,5.488
111.9607,33.3362,5.487
90.5872,59.9122,5.487
76.1207,-33.3074,5.487
-102.9158,46.5133,5.487
-179.2561,9.5090,5.487
111.9740,39.1949,5.487
174.6571,49.1060,5.486
-177.6510,40.4946,5.486
-121.9355,25.4830,5.486
13.0686,-21.8151,5.486
-163.6094,-1.7731,5.486
18.2384,-57.5522,5.486
68.2608,-41.0702,5.486
148.6821,-8.9034,5.485
158.7770,-47.0292,5.485
-44.1927,31.7661,5.485
94.4158,-32.8426,5.484
163.2155,-7.3025,5.484
134.9694,-9.1905,5.483
-31.6918,-31.3603,5.483
-169.7582,-12.9754,5.483
-165.8258,-43.0409,5.483
-175.9963,10.3565,5.483
-8.9480,-30.4277,5.483
-0.1985,-22.7338,5.483
80.6228,29.6521,5.483
88.1232,32.2581,5.482
179.0235,58.2828,5.482
157.2869,55.8090,5.482
106.1427,16.8455,5.482
60.1160,-36.9775,5.481
-53.9181,-21.9703,5.481
155.1029,12.5136,5.480
-159.4278,-28.5601,5.480
65.1598,33.8944,5.480
-158.3844,45.0954,5.480
46.8272,-51.4255,5.480
-81.5560,-54.4005,5.480
156.9998,31.5891,5.480
23.6448,-37.0185,5.479
-45.4830,39.6320,5.479
96.4054,-5.7350,5.478
-149.9503,-39.7065,5.478
-147.2916,56.8664,5.478
155.6874,-23.7985,5.478
29.6704,11.5028,5.478
-16.3372,-2.2141,5.478
47.4276,34.2717,5.478
-175.6076,45.8680,5.477
104.2586,25.3371,5.477
-151.1813,25.3461,5.477
-132.8576,-53.7150,5.477
103.3308,-32.2649,5.476
179.4623,-10.5606,5.476
60.2456,-43.9724,5.475
142.1901,-12.8403,5.474
179.8936,-7.5771,5.474
65.9096,53.1951,5.474
163.1281,-17.1720,5.473
36.6059,-38.1554,5.473
4.2475,42.3482,5.473
-138.3608,-19.0514,5.472
-138.2074,-38.1094,5.472
-146.8276,50.2867,5.472
-48.2901,21.4475,5.472
0.4894,7.0207,5.472
73.1938,-18.3406,5.472
-34.7528,-57.9830,5.472
-123.8557,26.3855,5.472
77.2548,29.5365,5.471
-117.3331,57.8861,5.471
94.7452,7.6883,5.471
63.7515,-7.7588,5.471
-152.7386,36.5153,5.470
-132.1204,4.6946,5.470
-109.8101,-56.2586,5.470
99.0198,-33.4435,5.470
172.3466,-52.1353,5.470
40.2805,-53.8804,5.469
122.7492,51.0965,5.469
-87.6838,26.7900,5.468
173.1790,0.6788,5.467
26.0234,9.3025,5.467
-97.2596,23.1386,5.467
-45.3031,12.1188,5.466
114.9052,3.8419,5.466
72.9606,-22.1218,5.466
163.9107,40.6576,5.466
55.9286,-15.5356,5.466
-54.6577,7.9700,5.466
122.1707,29.3352,5.465
111.6574,29.1806,5.465
90.3917,47.9966,5.465
-137.7637,23.5243,5.465
-120.3728,31.6772,5.465
78.4220,-16.0323,5.465
-35.4271,-37.7011,5.465
143.1796,-35.9347,5.465
-149.9211,-34.5170,5.464
153.5097,-42.3176,5.464
-154.6266,54.9105,5.464
-160.1971,0.9550,5.464
16.8190,-43.2410,5.464
-113.1941,25.9713,5.464
-154.5485,43.6411,5.464
147.0606,-29.5813,5.463
57.9834,-15.4029,5.463
19.7882,-38.0638,5.463
139.1774,-40.4681,5.463
-165.8377,46.6115,5.463
39.2262,-29.5631,5.463
-106.6009,32.8557,5.462
123.6753,8.5760,5.462
-92.4338,41.3246,5.461
97.6565,-2.8273,5.461
106.8687,-0.1178,5.461
110.3676,22.3058,5.461
21.5688,-30.2980,5.461
75.6436,-3.0720,5.460
-2.2930,9.2983,5.460
126.4186,-7.5465,5.459
58.7014,-14.5857,5.459
-118.0258,48.4345,5.459
-146.3083,-48.4214,5.459
77.0359,-16.5491,5.458
69.8941,-33.6584,5.458
95.9287,-50.2383,5.457
24.9767,-36.3367,5.457
-38.4738,33.3182,5.457
155.9793,46.5250,5.457
10.1395,-16.7642,5.456
178.6661,14.5118,5.456
71.6836,-1.3103,5.456
-44.7386,-59.3493,5.456
-151.1968,6.2750,5.456
73.5402,13.1986,5.456
102.8413,-51.9736,5.456
81.9568,-54.6545,5.455
-80.2355,30.5925,5.455
90.7641,-42.6425,5.455
101.6349,-58.5047,5.454
-22.9064,-43.1030,5.454
142.8323,-18.5392,5.454
128.4550,18.5683,5.454
106.0357,41.2099,5.454
-137.6524,58.9273,5.453
-18.5537,-24.9349,5.453
-161.7943,4.2375,5.452
65.9687,-37.0542,5.452
75.9196,-39.4830,5.452
163.8215,2.5883,5.451
-80.1844,-13.7086,5.450
-138.0127,29.2882,5.450
149.5606,8.0256,5.450
-163.5890,2.6439,5.450
-97.6730,58.5900,5.450
161.5369,26.3995,5.450
3.7178,-10.3288,5.449
-118.1199,-24.1431,5.449
6.5694,-38.4103,5.449
-124.4749,11.5104,5.448
-158.2500,-36.6758,5.448
115.9844,49.5731,5.448
120.7374,12.8238,5.448
165.0190,22.0807,5.448
148.0980,-0.5263,5.448
106.3898,23.5976,5.447
-90.1407,41.4572,5.447
147.8109,32.6167,5.446
127.5839,19.2703,5.446
85.8386,8.7065,5.446
-134.3788,37.3379,5.446
104.8064,22.7879,5.446
7.5724,-52.8245,5.445
134.4641,-5.1101,5.445
-109.7316,53.9903,5.445
-130.1654,4.8205,5.445
81.5672,-42.0070,5.445
136.2508,9.2101,5.445
-114.3637,35.9407,5.444
-157.0415,13.4707,5.444
70.6141,-40.6818,5.444
-51.6786,-31.7496,5.444
-0.9632,53.9635,5.443
119.8944,-47.0009,5.443
-166.4776,-6.1923,5.443
149.1876,30.6183,5.442
108.9353,15.5210,5.442
-147.9120,46.6520,5.441
-155.4512,-4.6545,5.441
-82.3418,4.3015,5.441
-146.5146,-35.6097,5.440
-121.2775,57.4295,5.439
126.1055,-45.4977,5.439
-96.8325,44.7220,5.439
64.7429,4.0219,5.439
89.9938,13.8500,5.439
-137.5168,-8.9105,5.439
123.7598,-14.6447,5.438
-120.6287,28.5440,5.438
100.7609,8.0233,5.437
22.9581,-30.6475,5.437
18.2294,-17.4618,5.436
94.1751,-11.7765,5.436
-81.2359,38.3345,5.435
179.4980,-57.2123,5.435
-24.7525,-53.8584,5.434
144.1026,-2.7114,5.434
-168.7410,-24.1029,5.434
89.1862,-37.2778,5.434
12.2216,-12.0282,5.433
141.9505,9.2159,5.433
-88.7485,47.4065,5.433
176.3573,25.1616,5.433
-1.1236,4.4967,5.433
-157.5316,-57.3722,5.432
-154.2766,-46.4893,5.432
130.8514,25.0316,5.432
12.8227,-32.5609,5.431
61.6695,-2.9377,5.431
-155.3733,-19.6558,5.430
-147.2666,-2.2994,5.430
91.1726,5.7572,5.429
161.8860,44.0042,5.429
149.0165,33.9108,5.429
112.8055,-2.4475,5.429
68.7938,-2.9320,5.429
120.0137,15.6991,5.428
159.4836,-14.8628,5.428
-142.1812,8.5295,5.428
143.9812,54.9357,5.428
132.5912,-48.3636,5.427
65.7883,-2.9298,5.427
-173.8088,18.4021,5.427
-173.0078,12.0169,5.426
-145.6440,-28.7428,5.426
15.7670,-31.9533,5.426
71.1205,-13.4845,5.426
94.5735,57.2051,5.426
-148.9100,-37.1770,5.425
-34.0495,-36.7739,5.425
105.3111,-47.7959,5.425
-166.0078,-7.5907,5.425
-48.1441,28.3647,5.425
126.2045,-0.4685,5.425
171.1897,23.1752,5.424
-123.0357,49.5313,5.424
-108.2259,32.2830,5.424
-76.3865,-58.2586,5.424
-3.5783,46.7974,5.423
2.7537,-38.9201,5.423
89.1671,-49.5993,5.423
70.4190,-27.0471,5.423
100.3187,-9.6514,5.423
75.0672,40.5398,5.422
-170.7357,-2.1078,5.422
-113.1283,47.1495,5.422
110.6900,-45.2317,5.422
-89.5604,42.1717,5.422
18.5103,-28.6590,5.421
-177.2979,11.9694,5.421
-111.5211,33.3841,5.421
-35.0468,57.0777,5.420
-154.2308,-26.3146,5.420
119.2145,-45.8641,5.420
-60.9377,-28.4170,5.420
147.1638,41.2670,5.419
-164.5756,-13.1476,5.419
-76.5155,-39.8381,5.419
90.0714,34.9548,5.418
89.4693,-3.3931,5.418
-168.2977,-2.8471,5.418
-150.2338,24.1283,5.417
168.0682,-16.7460,5.417
-145.0166,-37.4627,5.417
-7.0540,-38.7179,5.417
-177.2341,-14.2204,5.417
69.6255,34.8075,5.417
10.4468,-46.6140,5.416
-164.0694,41.4815,5.416
65.7219,5.8935,5.416
110.1188,25.5630,5.416
-136.1448,-21.0857,5.416
-151.0258,21.4579,5.415
99.6850,-5.3703,5.415
97.2265,-6.1105,5.415
152.6458,44.7411,5.415
-104.8014,2.0489,5.415
120.9873,-21.3230,5.415
-166.7559,-13.2247,5.415
57.6636,6.6094,5.415
165.0252,-3.5930,5.414
110.6805,-36.9990,5.414
-86.3553,12.6677,5.414
67.4699,37.5348,5.414
99.0366,20.8727,5.413
-117.3841,21.6504,5.413
42.2318,19.6378,5.413
-121.2968,30.5442,5.413
152.8191,-39.7125,5.413
-14.7499,-1.1001,5.412
-158.6043,-19.3869,5.412
-79.2683,36.8158,5.412
-43.5248,39.4652,5.412
89.7172,-0.2633,5.412
166.0035,52.3727,5.412
87.6839,-45.0525,5.411
-88.5448,-16.8338,5.411
-16.3340,-50.8214,5.411
27.4540,-59.4434,5.411
-162.8763,49.0219,5.411
-151.8273,-4.5415,5.410
-144.7553,-1.2361,5.410
-147.1694,17.0251,5.410
172.9601,19.0558,5.409
168.3894,17.1063,5.409
172.4692,-59.9543,5.409
6.3352,-28.1309,5.409
89.2469,-34.4572,5.409
140.3971,6.2589,5.408
140.3673,-9.3848,5.408
43.2017,-55.3230,5.408
-162.3947,19.0627,5.408
-116.8440,37.1625,5.408
-140.9080,-31.8012,5.408
86.5515,-13.1550,5.407
-23.2028,-45.4080,5.407
-145.5879,37.8215,5.407
-8.6983,18.7021,5.406
-174.6363,-17.1577,5.406
84.1888,-36.7465,5.406
103.8162,-20.8676,5.406
-66.9384,25.0146,5.405
-100.5442,53.8648,5.405
-113.2445,44.1763,5.405
-179.6459,48.1693,5.405
-48.0450,-36.0600,5.405
76.0401,4.8371,5.404
-19.0394,53.6913,5.404
-149.0354,33.6307,5.404
-56.4289,-18.2209,5.403
172.8696,32.3475,5.403
-6.3264,-8.0132,5.403
13.7504,-46.2516,5.402
-103.7142,5.3052,5.402
-63.5875,-13.2514,5.402
119.1128,-34.9693,5.401
-17.2400,-59.5414,5.401
-170.0512,34.9087,5.401
-137.5196,54.2636,5.401
-76.5196,-44.9968,5.401
-134.7336,2.0483,5.400
135.1983,6.4203,5.400
115.0116,-20.1644,5.400
160.2349,-10.2831,5.400
-159.5826,-1.7465,5.399
167.3156,-14.0147,5.399
-41.7867,-20.3943,5.399
-158.4297,7.9926,5.399
-173.4671,-2.5990,5.398
-113.5646,37.4996,5.398
15.7041,-10.2458,5.397
-159.8833,47.6112,5.397
89.6641,8.3794,5.396
144.2664,3.3666,5.396
131.6477,30.2561,5.396
-147.6475,-20.1693,5.396
105.0344,20.6801,5.396
177.3689,14.1675,5.396
55.5971,-58.5928,5.396
56.7747,25.1113,5.396
-107.9140,47.9455,5.395
159.7115,-25.1700,5.394
116.8064,42.4883,5.394
117.7661,51.0031,5.393
-157.4007,55.8740,5.393
-55.0790,-31.0626,5.393
13.3013,-12.2763,5.393
-163.3262,56.1603,5.393
160.8260,14.5526,5.393
179.7774,40.3553,5.393
130.2746,22.6975,5.393
164.1512,-49.2625,5.393
-100.7999,-8.9486,5.393
22.6893,-37.6610,5.393
157.0152,22.2284,5.392
57.7501,-39.3740,5.392
-0.7177,-31.4426,5.392
84.3299,-40.7900,5.391
-117.4689,34.5718,5.391
108.7768,6.6161,5.391
-162.3804,-40.3143,5.391
91.7411,18.8902,5.390
42.9852,-25.8742,5.390
-155.1207,-3.2971,5.389
90.0102,27.5406,5.389
175.3839,25.4173,5.389
-169.8498,1.1451,5.389
-50.5741,-50.1182,5.388
-179.4572,3.1982,5.388
-164.7052,-52.8750,5.388
86.1861,46.4795,5.387
-102.3838,-34.8640,5.387
76.7836,9.0332,5.387
68.6118,3.6751,5.386
156.7817,14.9981,5.386
129.2015,36.1655,5.386
-95.8449,-34.9758,5.385
154.6161,59.4761,5.385
-135.5722,-42.0114,5.385
-152.8413,-12.6028,5.385
129.8712,42.9253,5.384
-95.7576,42.5197,5.384
108.0143,-23.9828,5.384
-105.1667,30.6765,5.384
24.0630,-43.0312,5.384
-149.0910,-55.7436,5.384
-26.1780,54.8535,5.383
30.0720,-35.4288,5.382
137.3480,-33.6041,5.382
2.0090,-17.3112,5.381
-53.6207,-51.1651,5.381
179.7405,52.8297,5.381
39.1331,-20.8641,5.380
-136.6861,-24.6147,5.380
52.9994,-26.8139,5.380
100.4289,-21.5943,5.379
42.9426,-18.3774,5.379
-175.3828,40.0083,5.378
138.8642,-28.0412,5.378
-90.1325,55.7419,5.378
66.3918,-5.8519,5.378
173.6532,-5.3382,5.378
71.5532,-29.1260,5.378
84.2385,4.0833,5.378
108.4924,-37.6327,5.377
159.4720,-2.2582,5.377
91.7744,-20.6942,5.377
155.9519,-19.6645,5.377
148.5272,14.0379,5.377
148.4873,-58.4392,5.377
11.4597,-25.7260,5.377
98.2918,-3.7971,5.377
-124.9924,44.2375,5.376
-160.2272,47.2632,5.376
-150.1058,48.1596,5.376
96.6824,-4.9751,5.376
-159.8252,20.5387,5.375
96.5029,39.1945,5.375
-96.4051,50.2824,5.375
69.6919,-23.8394,5.374
31.5382,-7.9534,5.374
147.4853,-23.2504,5.374
-128.6264,-5.4086,5.374
134.8816,59.2579,5.374
-9.4440,3.1657,5.374
77.0323,-48.2662,5.374
143.7544,34.6853,5.373
156.9004,-57.1306,5.373
-168.3797,40.8697,5.373
-63.7087,-34.7059,5.373
-41.3011,-11.2615,5.373
45.4377,-24.4898,5.372
-173.8772,14.9334,5.372
43.7424,37.1259,5.372
68.2138,-24.9431,5.372
171.4586,-20.8464,5.372
31.5726,29.8185,5.372
-55.2208,46.7886,5.372
-86.4494,51.4333,5.371
25.8652,-41.5545,5.371
142.3412,26.2988,5.371
115.9617,-5.7732,5.370
70.0501,-4.4591,5.370
-76.8269,-14.4747,5.370
70.7750,-33.0880,5.370
103.9030,24.3160,5.370
-25.1010,49.3263,5.369
90.7175,-5.9912,5.369
138.3051,-16.7068,5.369
-173.9169,-11.2814,5.368
-55.6013,-22.7770,5.368
7.7609,-11.9022,5.368
139.6263,-33.9236,5.368
38.2050,-37.7862,5.368
9.8158,-3.9201,5.368
-161.5107,17.7280,5.368
-164.7818,45.7828,5.368
77.3032,3.4550,5.367
-176.1596,31.1753,5.367
16.8990,-10.1072,5.367
-20.3793,-42.5941,5.367
-164.0382,-3.8463,5.366
56.9204,-58.5614,5.366
70.2461,-34.6445,5.365
177.2975,23.9435,5.365
63.4655,2.3257,5.364
-126.8077,36.1192,5.364
-140.9687,-17.8500,5.363
144.9384,-20.0564,5.363
73.0792,-47.2405,5.363
-172.2114,56.6288,5.363
92.8322,42.1568,5.363
89.5897,-50.8192,5.363
-149.9936,-13.9165,5.363
116.5755,9.7739,5.362
1.1132,-35.4681,5.362
-31.4873,57.3600,5.362
-157.2523,29.7980,5.362
-125.2734,33.5941,5.361
158.2617,5.4578,5.361
102.8436,7.1445,5.361
-56.1429,-15.3384,5.360
-142.1983,35.7346,5.360
90.5339,-41.8176,5.360
-168.0753,-23.3411,5.359
-107.0892,-21.1467,5.359
135.4227,-36.7672,5.359
130.6037,-54.9176,5.358
139.7461,-35.4854,5.358
-117.5638,29.5675,5.358
153.1808,-30.7210,5.358
66.6244,-35.9812,5.358
-142.0695,47.3933,5.358
-163.1642,-12.4955,5.357
-110.0788,51.2338,5.357
167.3862,-56.2472,5.357
-46.0537,-53.3400,5.357
158.3423,-50.0587,5.357
95.1156,-20.2085,5.356
149.1550,-19.8011,5.356
140.8130,28.0898,5.355
-166.7982,-26.4624,5.355
-153.9127,-59.7005,5.355
-18.8121,-36.9299,5.354
93.4777,-26.8034,5.354
-164.4779,11.6449,5.354
-178.1800,-23.4549,5.354
89.7574,-26.0657,5.353
91.8649,-5.9770,5.352
-121.5214,24.1156,5.352
158.7896,17.4905,5.351
68.4717,-20.3829,5.351
-175.8110,-2.9882,5.351
-88.8924,0.8960,5.351
92.8010,-12.0689,5.351
-29.9732,-42.6488,5.351
174.8926,17.8396,5.350
147.9635,38.6584,5.350
104.4995,-45.0039,5.350
-45.1314,41.4152,5.350
-15.7614,13.1760,5.350
164.8570,45.2921,5.350
-149.4973,36.9162,5.349
-87.5805,57.8711,5.349
90.9571,-41.5694,5.349
-162.7166,15.0340,5.349
138.9948,49.1453,5.349
-26.3255,54.7014,5.349
162.3415,23.0419,5.349
140.6997,56.6281,5.348
-60.3071,-44.9232,5.348
18.5225,-17.8169,5.348
-21.8372,-55.8548,5.348
-21.4302,3.3551,5.347
99.3194,23.3892,5.347
87.4779,20.0892,5.347
163.1473,28.2778,5.347
-147.5195,-21.2072,5.346
-169.9365,-23.9228,5.345
-154.2878,-37.6896,5.345
0.7609,-24.7750,5.345
-169.4261,3.6774,5.345
-164.6126,-22.4075,5.345
-52.3105,-35.8353,5.344
65.4528,-27.8306,5.344
121.5681,56.2096,5.344
-176.6042,-25.1854,5.343
72.8942,7.8842,5.342
-155.8708,-47.8211,5.342
63.5859,4.1567,5.342
-166.5869,-50.0821,5.342
105.5959,5.8372,5.341
-156.5937,44.6649,5.341
-0.7046,-28.0286,5.341
170.2563,-45.5507,5.340
141.4184,-25.8820,5.340
38.1796,43.6068,5.340
-147.0289,-18.2373,5.339
148.9672,-52.3524,5.339
-146.7217,43.3647,5.339
148.4563,-34.9291,5.338
-177.5131,-4.4606,5.338
98.5776,-7.7003,5.338
-171.5952,56.4594,5.338
-69.9443,-16.1500,5.338
90.2800,11.4001,5.338
130.9318,-32.5939,5.338
70.0209,-50.8509,5.337
167.6274,-5.5371,5.337
-100.0094,3.3315,5.336
-130.5872,47.5419,5.336
49.7187,-14.3872,5.335
-158.7033,42.4173,5.335
-5.0088,-52.6813,5.335
37.7959,-1.6563,5.335
65.9561,-2.4942,5.335
93.8331,11.5356,5.334
162.9732,30.5485,5.334
176.2074,-34.7045,5.334
142.5531,-18.6374,5.334
-136.6494,25.3446,5.334
-76.9874,-24.0378,5.333
-142.5522,40.3363,5.333
-63.9681,-46.4928,5.333
-100.3069,58.6702,5.333
-166.0226,55.7579,5.332
-175.4824,16.0367,5.332
107.2462,-11.8628,5.332
62.5294,-19.3177,5.332
-168.2463,-6.7319,5.332
94.5853,13.5047,5.332
-137.9582,-31.7725,5.331
-112.4026,34.7672,5.331
90.9073,-27.6677,5.331
140.6233,21.2383,5.331
30.5391,-40.0728,5.331
48.6164,51.3335,5.331
123.9351,24.5535,5.330
-149.1931,-12.8565,5.329
10.6854,-14.0727,5.329
-152.9755,-6.9263,5.329
-41.1517,-4.7315,5.329
-135.9354,-25.0226,5.329
64.7171,-36.5147,5.328
11.4193,-7.5446,5.328
-155.3682,-8.0827,5.328
122.0194,12.0898,5.328
44.4044,-22.9537,5.328
-53.8381,-41.4234,5.328
-157.9352,0.3784,5.328
-160.3934,43.2546,5.328
-155.8555,-57.0998,5.327
-45.7239,41.4704,5.327
21.1765,-34.6973,5.327
71.0637,-38.2674,5.327
-72.9041,57.3166,5.327
4.6259,-51.2518,5.326
171.3630,47.5364,5.326
135.8753,12.3089,5.326
-171.0415,43.4906,5.326
48.7791,-26.0417,5.326
-158.6916,16.4464,5.326
88.5107,-51.5874,5.326
96.6932,4.1710,5.326
77.0741,14.8988,5.325
-168.1542,39.8460,5.325
114.0437,15.6141,5.325
5.3514,-1.0285,5.325
106.3694,32.1337,5.325
94.6912,-32.1723,5.324
100.5089,-1.3828,5.324
-5.7448,-53.1470,5.324
-101.8096,-35.1014,5.323
154.6208,-23.4121,5.323
-112.8147,-42.1359,5.323
-177.8000,42.8220,5.323
59.0577,29.5987,5.323
-177.5432,51.8771,5.323
-82.7071,-36.5480,5.323
74.8229,-34.6007,5.322
-97.4731,48.6571,5.322
151.6632,-22.2217,5.322
-80.0727,-19.7815,5.321
110.9908,-12.1051,5.321
-156.0219,-39.3462,5.319
70.8426,38.1844,5.319
136.5871,-42.5375,5.319
141.7735,-14.6476,5.319
-88.0765,-57.1606,5.319
-157.5887,-38.5621,5.319
-88.3660,59.5831,5.319
-149.0243,22.1546,5.319
68.4560,8.6473,5.319
146.0754,20.7347,5.318
20.4939,-42.1326,5.318
-2.0689,-43.8445,5.318
72.9074,-46.2826,5.318
-31.8527,55.4131,5.317
149.5586,-13.4033,5.317
-130.2054,52.7145,5.317
-31.6368,-41.1489,5.317
-174.7635,-15.1857,5.317
-167.3458,-2.3575,5.316
-168.9488,14.8043,5.316
165.9238,-48.9776,5.316
60.7197,-45.1290,5.316
-11.8860,-32.5797,5.315
129.8986,23.7651,5.315
41.5190,3.6616,5.315
-172.6508,-1.3518,5.315
143.4977,-13.7045,5.315
70.0391,-19.3797,5.314
115.5643,-29.3747,5.314
124.3496,15.2630,5.313
68.2290,-29.6648,5.313
10.3929,-4.0627,5.313
155.2824,-7.2624,5.312
2.0895,-33.1542,5.312
-77.4840,-45.7700,5.312
-19.1264,-53.1814,5.312
134.0600,13.5421,5.311
-113.5099,-3.9477,5.311
-56.0142,-17.2207,5.310
-26.5317,-50.6142,5.310
58.4398,-33.8427,5.310
86.2014,-38.1376,5.310
-69.8938,45.9401,5.310
145.2674,-46.5128,5.310
106.9020,-10.6591,5.310
-148.3651,58.6980,5.309
-70.7645,-58.0950,5.309
-115.3098,-59.2458,5.309
138.8761,23.8306,5.309
-26.0250,55.1233,5.309
-146.9148,-39.3334,5.309
1.7804,-12.5138,5.309
-170.8457,-52.0318,5.308
-16.2404,-56.0004,5.308
121.8073,-40.3678,5.308
-152.3509,-39.5541,5.308
66.3907,41.1802,5.307
83.6265,-36.1768,5.307
140.0929,-9.3510,5.307
14.6967,-51.6869,5.307
140.7983,-46.3334,5.307
-139.2607,-52.8899,5.307
-95.5402,29.9201,5.307
171.5842,43.8384,5.307
104.6967,-27.6797,5.306
-61.3913,57.4032,5.306
140.1994,-38.6396,5.306
176.9327,21.8911,5.306
-94.3902,-1.9212,5.306
-173.8699,-29.2550,5.305
88.9799,14.0731,5.305
37.5164,-10.4051,5.305
-156.7805,-54.6070,5.305
-143.1879,-53.4405,5.305
26.8370,52.9023,5.304
-165.4905,-34.5353,5.304
77.7933,10.7144,5.304
128.4230,-4.0685,5.304
-94.4553,34.2030,5.304
158.8892,30.0833,5.303
-153.0268,-32.7845,5.303
129.0706,-36.2096,5.303
-58.2353,-6.5093,5.302
25.8880,39.7674,5.302
145.4665,19.7463,5.302
20.6411,-8.9829,5.302
162.7478,-16.2345,5.302
157.0400,-58.0839,5.302
20.6084,-32.4987,5.302
-154.8898,4.0544,5.301
73.8305,-36.7569,5.301
20.9600,-37.7364,5.300
60.1125,-17.9599,5.300
-112.1161,36.0351,5.300
15.2158,-56.1118,5.300
173.6020,-42.2958,5.300
70.2855,-34.0955,5.299
95.9648,12.7122,5.299
115.6221,-51.2522,5.299
-34.4446,57.6235,5.299
15.3355,7.2898,5.298
69.8748,-29.3633,5.298
16.2586,-38.9105,5.298
-164.7197,2.0165,5.297
14.5050,-1.4204,5.297
-50.6219,37.5502,5.297
-117.0411,41.7445,5.297
-148.6591,58.1530,5.296
62.2040,-56.8717,5.296
172.5973,23.5214,5.296
162.7273,27.5205,5.296
50.0316,-27.3785,5.296
-176.3483,8.6620,5.295
-45.6918,-41.1793,5.295
81.9906,45.8998,5.295
-13.3348,-34.8691,5.295
115.6956,-52.1163,5.295
151.2065,-18.4182,5.294
151.2436,-18.8523,5.294
173.9180,-16.4913,5.294
90.9959,5.4785,5.294
103.0442,-12.9736,5.294
-171.6660,-27.1900,5.293
61.2332,-2.4104,5.293
127.5249,11.5156,5.293
43.9738,-51.2532,5.293
-172.7593,-1.6823,5.292
107.3130,-10.9637,5.292
-86.1917,21.4216,5.292
92.5751,-31.0698,5.292
-111.3043,58.7758,5.292
111.7198,0.4060,5.292
38.8281,-8.4514,5.292
93.3374,56.2061,5.292
-5.4111,-7.4064,5.292
59.0388,42.7258,5.292
-154.5013,-54.1050,5.291
128.3158,-35.3239,5.290
-146.4893,22.1972,5.290
168.7443,3.9352,5.290
-89.3580,-44.2111,5.289
-113.0958,-29.0385,5.289
-143.0910,31.1274,5.289
70.2915,-47.7998,5.289
69.2147,-44.9353,5.289
143.8751,7.0332,5.289
-169.0953,32.3943,5.288
124.6570,21.0296,5.288
129.4952,-0.5451,5.288
-111.0673,38.6794,5.287
-102.8185,-58.0736,5.287
99.0587,48.5097,5.287
49.5648,-39.3928,5.287
-76.8418,-53.7620,5.286
143.4442,-12.4307,5.286
-98.5546,51.6528,5.285
-175.9294,52.7590,5.285
38.0738,-31.2594,5.284
-158.1348,-2.5571,5.284
-173.2361,-26.0652,5.284
67.9040,-47.2642,5.283
54.9104,46.0805,5.283
133.9999,16.9030,5.283
146.2129,-13.1344,5.283
-13.9648,-33.3504,5.283
36.5785,-38.9706,5.282
93.2262,-36.3262,5.282
143.3542,51.4030,5.282
177.5224,31.8206,5.282
151.7057,-33.3071,5.282
-171.8768,46.8325,5.282
69.2772,-23.3159,5.282
-169.8940,-12.7816,5.281
163.2752,26.1481,5.281
-144.9462,25.5429,5.281
-14.2917,-12.4580,5.281
-34.4388,57.3671,5.280
-115.5669,-2.7093,5.280
134.8281,-48.6565,5.280
145.6458,-23.6895,5.280
69.7815,-2.6423,5.280
-133.1747,-6.2814,5.279
-109.8355,54.2575,5.278
-74.2438,-58.8199,5.278
-51.0163,-42.8557,5.278
85.5961,-37.6433,5.278
134.2847,30.5338,5.277
-143.0563,-59.5450,5.277
154.9329,-36.8856,5.276
153.3427,-10.2532,5.276
-164.2047,-17.1318,5.276
-106.0038,8.4446,5.276
48.2932,-50.2805,5.276
-106.1224,-56.7283,5.276
-97.5134,-53.2282,5.275
148.6050,38.5429,5.275
169.0105,3.2040,5.275
-78.7944,14.6701,5.275
106.5979,20.4169,5.275
-150.9660,-57.8897,5.275
-174.5855,57.2187,5.274
15.1953,-14.7184,5.274
86.2458,-33.0173,5.274
105.3846,5.9372,5.274
152.1740,20.2037,5.273
-59.6607,-59.9932,5.273
133.7459,-31.1987,5.272
112.3113,17.2457,5.272
161.9976,28.8741,5.272
-46.0526,-49.4271,5.272
-154.2736,30.6952,5.272
-151.8089,-1.6451,5.271
131.0500,29.8607,5.271
-44.0137,7.3772,5.271
-120.1775,28.5107,5.271
-130.6506,49.7820,5.271
-108.5277,56.4489,5.271
-144.8742,-38.8366,5.270
-148.9124,23.6664,5.270
105.6126,-33.4795,5.269
-101.0578,54.5018,5.269
152.8604,35.2941,5.269
132.5883,13.4946,5.268
26.9133,-40.9764,5.268
56.3247,9.4103,5.268
-123.3258,-45.0967,5.267
95.8284,-12.6984,5.267
-161.9984,47.2369,5.267
110.2807,-57.1326,5.266
-141.0030,25.9876,5.266
24.3633,-28.8550,5.265
174.3285,-39.8570,5.265
75.9179,-59.4953,5.265
-48.7029,-56.3428,5.265
116.3324,43.0485,5.265
58.5755,-32.9027,5.265
6.4602,3.0116,5.265
-83.4283,-56.2681,5.265
96.9406,-31.2859,5.264
-165.8304,49.4216,5.264
6.5664,25.0166,5.264
-135.1575,-31.6830,5.264
-108.0329,56.2429,5.263
-161.1851,-29.7866,5.263
-153.7363,15.9866,5.263
31.0833,-46.4509,5.263
164.8812,28.7440,5.263
-155.3250,37.6572,5.263
-136.6342,-13.9320,5.262
-85.7920,-55.3965,5.262
137.4146,30.2322,5.262
-86.5626,-44.2423,5.262
3.6587,-9.1807,5.262
118.9041,55.6960,5.262
-169.4845,2.3214,5.261
76.3360,51.2394,5.261
113.2120,8.2656,5.261
101.9877,-15.0797,5.261
-4.8351,48.9418,5.261
-154.9623,16.0213,5.260
-131.6422,7.3529,5.260
-27.0607,-14.5203,5.260
172.4716,-3.1546,5.260
-173.8106,56.9545,5.260
-62.6039,57.9440,5.260
-92.4545,21.6942,5.259
-31.4336,-33.4991,5.259
168.7397,51.2061,5.258
-153.1623,-32.9183,5.258
-140.8333,6.1617,5.257
-134.0296,-44.3616,5.257
138.6823,-19.3747,5.257
123.7386,-26.6980,5.257
-109.0345,35.7356,5.257
170.5731,-49.0247,5.257
128.2635,21.5022,5.257
141.4608,-36.4250,5.256
85.8622,44.7496,5.256
-121.6380,-25.8812,5.256
156.9843,-44.9349,5.256
-170.8740,-10.5881,5.256
130.8110,31.0597,5.256
-176.8117,52.2807,5.256
-176.1134,45.5289,5.255
-141.3565,16.6214,5.255
131.5134,31.3245,5.254
106.6222,47.0328,5.254
-121.3989,55.4603,5.254
137.6687,0.3765,5.253
174.3616,52.5084,5.253
84.0222,-18.1210,5.253
111.3848,33.2560,5.253
-109.5931,54.1239,5.253
-173.1996,-1.3420,5.253
26.6318,-45.1639,5.253
117.6702,54.7369,5.253
-30.3929,-25.2282,5.252
-151.9258,48.7987,5.252
165.0944,49.6244,5.252
112.8345,22.8333,5.252
147.2305,-12.6542,5.251
171.1642,-3.5304,5.251
67.0196,-48.5282,5.251
-169.5184,44.4279,5.251
-165.1404,46.6106,5.250
77.3000,48.1144,5.250
-75.4653,-59.3527,5.248
177.0920,1.1295,5.247
56.3922,-4.0561,5.247
-60.2968,-10.0078,5.247
-53.0476,-42.7381,5.247
156.4636,46.2986,5.246
-168.7886,-2.6730,5.246
14.7141,47.4774,5.245
-155.0830,59.4151,5.245
-28.9421,12.8715,5.245
-92.7245,-47.5731,5.245
112.2800,-38.3885,5.245
-91.8836,15.7846,5.245
40.6164,-10.7322,5.244
-72.2224,24.9970,5.244
114.9764,52.5227,5.243
-159.4418,28.9031,5.243
155.5212,44.3249,5.243
-151.9916,24.7826,5.243
128.7660,27.7349,5.243
-100.0056,58.7305,5.243
122.8432,17.0331,5.241
-126.8212,58.2036,5.241
-129.2105,39.6785,5.240
107.8026,11.4947,5.240
-62.2403,-29.0648,5.240
19.2719,-18.1315,5.240
-57.3020,-47.2909,5.240
93.6955,-12.7783,5.239
-138.0509,40.3322,5.239
-33.7253,-6.3723,5.239
19.0252,-38.6927,5.239
-147.1043,-30.6431,5.239
99.8024,-11.4868,5.238
-155.4561,-10.9811,5.238
129.3883,43.5392,5.238
23.9809,59.9786,5.238
119.9206,-37.0714,5.238
-46.9914,46.4638,5.237
-98.7354,50.2430,5.237
126.0583,53.9105,5.237
-86.2276,-24.9121,5.237
-40.7369,-40.9345,5.237
-95.6151,16.9330,5.236
149.0420,22.8717,5.236
84.1795,59.7814,5.236
7.7248,-5.0756,5.236
6.8707,-57.2784,5.236
168.2924,-5.1627,5.236
94.0919,-11.2729,5.235
96.2656,15.6000,5.235
102.8689,-29.5114,5.235
-91.7230,53.6786,5.234
69.0130,32.3861,5.234
142.7167,37.0646,5.234
-175.6408,11.2832,5.234
163.1718,-50.3445,5.233
69.9906,27.3025,5.233
95.7738,-47.7446,5.232
-21.3078,37.9504,5.232
148.2736,-2.0737,5.232
-172.0426,-25.4780,5.232
42.2983,-24.9305,5.232
-52.6055,-20.6440,5.232
135.7440,-2.6147,5.231
-140.3810,27.8022,5.231
-137.4799,56.7591,5.231
165.4936,-58.1567,5.231
-46.2376,40.9241,5.230
108.0649,-14.4649,5.230
-58.6770,-18.9776,5.230
86.5937,-40.9566,5.230
-157.6800,-52.3938,5.230
-152.2405,38.2217,5.230
174.7733,22.0377,5.230
-138.5196,-7.5517,5.229
-163.4072,-8.3325,5.229
105.8195,-8.5564,5.229
167.8944,-3.3595,5.229
128.1631,14.3483,5.228
-147.0894,-54.6662,5.227
-7.9259,3.0926,5.227
96.5854,-29.8445,5.227
150.2371,-37.8435,5.227
105.2033,-25.9473,5.225
-43.9433,-39.2277,5.225
-147.1789,-6.4892,5.225
66.0500,-37.1977,5.225
63.1581,-15.8964,5.225
-164.3612,-1.1791,5.224
-146.8591,-55.7237,5.224
-165.8069,49.2465,5.224
41.0570,-15.3209,5.224
106.7695,-10.7837,5.223
-159.7143,-3.1640,5.223
-150.1834,1.5316,5.222
152.3361,44.2088,5.222
-144.1640,43.3694,5.222
94.8719,50.2254,5.222
-82.4203,-52.9052,5.222
52.3146,-13.8053,5.222
177.3109,-26.3438,5.222
85.5444,15.9754,5.222
-44.7091,-29.2235,5.222
104.4552,1.3227,5.221
136.5381,44.1804,5.221
57.0025,-17.3237,5.221
134.6102,28.4870,5.220
-174.9507,40.8043,5.220
117.3622,-38.5499,5.220
-117.1152,-3.6536,5.220
71.0750,2.5246,5.220
-131.3124,-2.2470,5.220
124.0142,25.8279,5.219
90.4240,5.2691,5.219
170.0852,-20.0719,5.218
-100.0101,-58.4728,5.218
118.7741,55.0140,5.218
62.9788,-34.9071,5.218
57.1538,58.8877,5.217
-170.1740,-12.8160,5.217
-162.4277,41.6192,5.217
159.4058,39.7126,5.217
50.7073,-36.8811,5.217
-37.3032,56.9402,5.217
-178.2655,45.0210,5.217
-176.4517,45.8580,5.217
-37.4082,-55.1115,5.217
-173.6182,-29.7882,5.217
-179.8179,31.6435,5.217
-58.9770,-28.8134,5.217
-174.4346,34.0577,5.216
70.8326,-44.6793,5.216
166.5896,-4.1293,5.216
-155.1297,-50.5372,5.216
-136.6940,16.6435,5.215
-145.1216,42.6142,5.215
-103.2629,37.4233,5.215
128.0315,-49.5428,5.215
-50.9597,-23.0470,5.215
-175.4867,-58.4054,5.215
-160.5419,2.9471,5.214
148.3515,-35.4679,5.214
-136.0176,-51.9719,5.214
-10.2624,-22.2874,5.213
51.7625,-37.3434,5.213
-38.2270,45.7819,5.212
-119.1517,38.4306,5.212
127.1458,20.5087,5.212
-144.3924,-47.9557,5.211
-159.3634,-25.9057,5.211
-123.2764,-37.0358,5.211
-57.8572,-39.9832,5.211
-132.1518,-14.3439,5.211
-132.8889,55.6258,5.211
-170.5914,17.3872,5.210
100.7594,47.5251,5.210
-155.7369,40.1016,5.210
89.2702,-23.7884,5.210
-134.6720,44.7816,5.210
155.8870,-11.3042,5.210
-41.8083,-38.2329,5.209
92.6340,20.4289,5.209
-54.2470,47.5779,5.209
-169.3672,46.8966,5.209
98.8075,-13.2218,5.208
36.1919,-38.4341,5.208
-159.6525,7.4326,5.208
-169.2045,42.1077,5.207
55.0601,-43.2589,5.207
-75.3428,41.8993,5.207
94.3218,13.7681,5.207
65.7616,40.5101,5.207
168.6412,25.7215,5.207
46.2643,-13.8262,5.207
152.0404,-29.8895,5.207
-168.1038,12.7716,5.206
49.4255,58.6412,5.206
99.7215,47.0136,5.206
1.9224,-17.9972,5.206
165.3475,22.9107,5.205
62.4779,-43.6644,5.205
-4.1267,-21.2715,5.204
-18.9951,-50.7993,5.204
-31.0722,48.5418,5.204
136.8613,0.5333,5.203
-88.7783,53.2712,5.203
-136.0929,-47.2823,5.203
165.0310,41.1680,5.203
115.3433,43.2865,5.202
115.3593,-17.5391,5.202
-51.3302,-40.8755,5.202
139.9839,-35.2650,5.202
33.6813,-23.8736,5.201
125.5051,-16.1114,5.201
150.5674,-18.2426,5.201
-138.7304,36.3187,5.200
151.3138,-5.2691,5.200
-161.5258,-1.8998,5.200
72.5872,58.7662,5.200
-146.5869,-25.1309,5.200
-129.9482,44.3017,5.200
97.9024,15.1062,5.200
-96.8337,-51.1372,5.199
-164.6881,-17.4259,5.199
-18.3007,-36.8275,5.199
-64.3382,44.1607,5.199
142.8082,30.0814,5.199
-44.5197,-36.2007,5.199
-104.5100,52.1738,5.199
-125.7869,-46.7320,5.198
70.8224,5.6894,5.198
152.9814,-12.2492,5.198
90.6438,-26.4612,5.197
106.5938,-45.6482,5.197
88.2761,-39.1246,5.197
93.5347,28.6723,5.196
-49.4535,-33.3360,5.196
-45.0691,40.0739,5.196
137.1310,-40.4744,5.196
9.3926,-17.2748,5.196
8.2400,0.9654,5.195
44.4624,11.7881,5.195
21.9378,-45.7508,5.195
155.5838,-0.2759,5.195
118.1881,56.3694,5.195
118.2674,39.7612,5.195
93.0852,-57.6360,5.194
-90.1366,22.9256,5.194
156.6841,-1.0568,5.194
-168.7769,50.7040,5.194
99.1818,-9.4498,5.194
-148.9519,1.5539,5.193
-91.8218,53.1981,5.193
95.2423,-20.1217,5.193
109.7374,42.9603,5.192
72.0484,-26.0784,5.192
124.6522,-8.6177,5.192
24.0599,-4.4854,5.192
-106.2879,38.6787,5.191
41.0681,-28.4405,5.191
115.1192,48.0451,5.191
-89.9724,41.5749,5.191
-59.3758,-57.6488,5.191
-20.2344,-52.3569,5.191
-16.7938,-2.5366,5.191
120.8153,26.4200,5.191
-88.1571,53.0181,5.190
139.3050,-19.1642,5.190
-80.9820,-44.0947,5.189
107.5666,38.8071,5.189
-39.1823,-53.8182,5.188
94.9695,1.0010,5.188
-11.6807,6.9415,5.188
82.4633,-35.5996,5.188
-158.4480,23.5965,5.188
175.5085,32.6109,5.188
168.0522,6.5403,5.187
-154.2686,-6.6090,5.187
-166.6896,51.9625,5.187
40.8670,15.2843,5.187
29.4758,-46.6733,5.187
37.6095,-8.8672,5.186
-126.0044,30.8900,5.186
-106.0808,29.6858,5.186
-130.9807,50.8257,5.186
104.9810,40.9165,5.186
-139.6571,14.5496,5.186
120.2255,-41.6398,5.186
142.1688,17.3351,5.186
-90.9173,49.0372,5.185
147.5619,-34.6346,5.185
101.6371,17.9630,5.185
152.3018,30.5430,5.185
18.2480,-50.1802,5.184
-106.0172,42.8978,5.184
-51.1617,55.6180,5.184
136.0060,12.8378,5.184
154.6803,-11.0594,5.184
-147.8072,-36.5627,5.184
-164.6301,55.5985,5.184
-78.8754,21.9178,5.183
30.6937,-40.9864,5.183
15.3960,-0.1923,5.183
134.6368,-59.5606,5.183
143.8018,-51.8934,5.183
147.1160,-44.5212,5.182
99.5533,-28.9159,5.182
-135.0076,23.9906,5.181
152.0949,-55.4270,5.181
37.3481,-6.5926,5.181
147.3135,-58.5293,5.181
-174.1825,-43.6259,5.181
81.6991,-46.3764,5.180
-171.1438,6.1244,5.180
20.7392,-19.2753,5.180
-142.5370,15.8239,5.180
96.4399,44.2106,5.180
22.0738,-21.3993,5.179
-16.7814,-30.8532,5.179
-143.2508,6.5586,5.179
112.4902,30.7095,5.179
72.0611,-39.7264,5.179
-75.7990,-18.5512,5.179
106.0172,39.9664,5.179
-106.1594,51.2360,5.179
69.6756,-29.0400,5.178
-114.2553,-34.2302,5.178
-56.2514,49.9894,5.178
96.7626,5.1329,5.178
144.2590,-56.2945,5.178
-50.6933,-43.0825,5.177
-146.4813,44.0679,5.177
127.7853,-7.4438,5.177
-159.8732,-3.9252,5.177
127.1099,-43.7310,5.177
128.2985,-54.3871,5.177
150.7757,-1.3454,5.177
90.4757,10.3763,5.176
-168.6316,-49.0643,5.176
81.7667,15.9319,5.176
-157.6036,-35.9426,5.176
-83.5152,58.6611,5.175
-144.3131,-16.1883,5.175
174.6940,42.3329,5.175
-173.2520,-53.6031,5.174
81.1259,-42.9663,5.174
-168.2250,42.3623,5.174
-60.7521,-55.0650,5.173
-179.4180,-32.0269,5.173
155.2715,-2.4835,5.173
-144.8466,-1.1313,5.173
-70.6494,34.1342,5.173
-153.0674,-58.4175,5.173
-67.8571,-18.3942,5.172
150.0379,4.2400,5.172
25.7540,-58.5988,5.172
-174.1831,-17.1787,5.172
-89.2062,33.5542,5.171
162.3869,-59.4242,5.171
-170.7264,49.9463,5.170
122.8777,15.7640,5.170
-152.4204,5.7599,5.169
62.4405,-33.7095,5.169
-91.0720,41.5834,5.169
76.2169,-37.0144,5.169
-50.9071,-34.2592,5.169
-51.0395,55.3070,5.168
106.9331,33.1146,5.168
-173.8054,-39.3396,5.168
153.2995,-16.9766,5.168
108.9675,-32.6442,5.167
-76.9787,6.0230,5.167
19.6876,-16.6884,5.167
92.9437,52.3641,5.167
-133.5150,38.4081,5.167
135.6273,-38.9217,5.166
-63.1538,57.6417,5.166
164.1645,-21.6450,5.166
-172.9588,-18.0346,5.165
45.9765,-59.6566,5.165
-109.8272,-8.1232,5.164
-8.2576,-19.7856,5.164
-162.7549,-0.4943,5.163
-70.1031,1.5818,5.163
-171.9442,4.5100,5.162
-93.0395,-6.0047,5.162
19.8582,27.3413,5.162
-90.3919,-52.4172,5.162
133.4499,22.8303,5.162
158.2520,26.1999,5.162
27.9614,-46.3453,5.161
-82.9562,-59.1370,5.161
25.0901,-3.6288,5.161
-119.7566,46.1555,5.161
-116.2627,41.0991,5.161
157.6548,12.3078,5.161
-115.9679,58.6359,5.161
127.3580,23.6012,5.160
-136.4395,2.0973,5.160
-58.1362,-42.4195,5.160
-160.0485,27.8237,5.160
-107.4745,33.1280,5.159
9.5140,-15.4564,5.159
22.6835,-3.1499,5.159
-145.6753,21.0240,5.159
-96.1368,-44.6034,5.159
98.1232,-3.6832,5.159
7.5571,-40.0099,5.158
111.7129,33.3345,5.158
-152.0263,34.3303,5.158
-36.9246,-7.3694,5.158
-161.3469,13.0197,5.158
-76.0354,9.5550,5.157
-52.3131,-12.8932,5.157
93.0474,-10.9302,5.157
-22.7494,-46.7981,5.157
49.0574,-58.9427,5.157
110.2863,-36.3902,5.157
169.5766,44.1678,5.157
129.2662,28.8051,5.157
151.3169,11.7498,5.157
99.9228,-30.7142,5.156
-110.8570,-0.4722,5.156
171.4744,-58.3392,5.155
-25.8091,55.3575,5.154
-72.9598,1.8505,5.154
-176.3364,31.6281,5.154
-171.7110,47.3246,5.153
141.2811,-22.7407,5.153
-177.6280,40.3066,5.152
172.9310,34.0507,5.152
75.5403,-15.8057,5.151
-174.7186,-41.8319,5.151
57.4850,-55.1278,5.151
-94.6505,23.9178,5.151
-152.6401,15.4958,5.151
120.2396,-16.2585,5.150
172.1716,-5.7727,5.150
-166.2723,-17.9212,5.150
101.5993,45.5314,5.150
-154.9014,-45.2582,5.150
91.4693,22.2239,5.149
144.7424,-55.1340,5.149
-155.8422,42.5699,5.149
-88.7659,29.0388,5.149
-49.3297,-6.6673,5.149
55.0395,-17.6089,5.149
-76.5580,16.7886,5.148
8.9295,-11.9896,5.148
154.4064,-27.7893,5.148
-98.7814,59.1287,5.148
88.5706,-37.8889,5.148
101.2922,23.8947,5.148
-151.1610,-14.2155,5.147
150.4504,2.3306,5.147
132.9956,-1.0059,5.146
-50.5626,-44.2230,5.146
-126.5690,18.4254,5.146
129.1394,-48.7428,5.146
-171.0548,36.5491,5.145
105.3779,-10.3681,5.145
148.8470,-19.2844,5.145
126.5086,-2.4144,5.145
145.2973,59.5557,5.144
-94.7188,30.8961,5.144
-157.1496,-0.7721,5.144
72.7173,-43.6136,5.143
-35.0499,-15.4744,5.143
138.8926,48.6071,5.143
87.8011,4.9903,5.143
90.5029,-13.3630,5.143
-165.5255,41.3040,5.143
174.1749,-5.1741,5.143
-148.1968,35.2358,5.143
32.5990,7.7841,5.141
143.2339,3.2806,5.141
93.4297,20.2428,5.140
52.8536,-51.8732,5.140
142.0561,31.9589,5.140
58.5022,47.3042,5.140
-90.6994,-53.5926,5.140
100.9872,1.4835,5.139
-166.7391,42.7251,5.139
-172.4088,11.7766,5.139
150.6443,-56.0816,5.139
157.5832,-56.3999,5.139
-154.7223,38.1302,5.138
42.9403,7.6059,5.138
123.6148,16.4320,5.138
77.6154,-36.8412,5.138
72.3705,23.8095,5.138
129.5759,11.8921,5.138
-39.5888,5.2402,5.137
-160.5392,2.3066,5.137
-43.6124,36.2409,5.136
179.4882,39.6132,5.136
-96.4658,22.4392,5.136
145.8863,-41.9147,5.136
-59.2748,-14.4637,5.136
-169.6058,-8.7037,5.136
137.3897,-33.3064,5.136
103.8527,-17.5075,5.136
92.5466,3.9912,5.135
66.5397,-12.7480,5.135
172.3351,56.2175,5.135
-174.0534,-8.1988,5.135
51.8376,-26.3828,5.135
-41.5562,36.7146,5.134
-136.1074,24.4985,5.134
136.6790,34.3696,5.134
-130.0820,7.0363,5.133
-123.3675,-54.7710,5.133
-62.2405,55.0793,5.133
167.1585,-14.6116,5.133
41.0672,39.4822,5.133
-155.8890,-55.2413,5.133
46.9207,14.2465,5.132
-160.5272,37.2958,5.132
89.5266,-35.4324,5.132
106.9401,37.5070,5.131
65.9219,33.6011,5.131
-153.7033,43.4620,5.131
172.4638,36.9877,5.131
114.8912,-21.2902,5.131
-92.8303,21.6584,5.131
138.2902,-36.9067,5.131
-11.9881,-52.5291,5.130
128.7633,5.9418,5.130
-155.9888,-16.9549,5.130
179.0396,49.3321,5.129
-155.5040,44.6610,5.129
89.6982,47.9805,5.129
117.4940,-42.8252,5.129
84.5626,44.0302,5.129
22.6270,-33.3735,5.129
-116.4911,33.0117,5.128
36.5882,-0.0407,5.127
13.4131,-2.5552,5.127
148.1746,-36.6316,5.127
-107.3405,-12.8384,5.127
62.1746,-54.4485,5.127
162.9760,-30.0075,5.127
-47.0129,47.3574,5.127
-154.5958,40.5437,5.126
88.4430,31.1377,5.126
-131.0325,18.5211,5.126
63.0383,48.3461,5.126
104.9578,-15.5496,5.125
29.6263,24.9669,5.125
-43.3834,40.2500,5.125
145.4687,-21.2478,5.124
110.0782,-5.1628,5.124
-80.9881,44.5294,5.124
-158.2791,-28.1685,5.124
-64.5799,-18.9526,5.123
37.0712,-49.6454,5.123
89.7116,47.0701,5.123
-58.2653,-34.7293,5.123
-54.4930,56.3918,5.123
85.1836,-55.0525,5.123
10.5502,-17.6374,5.122
-159.3660,-28.0890,5.122
87.8203,-31.6499,5.122
-15.2462,12.2509,5.121
-139.4938,20.5270,5.121
-174.4985,26.4442,5.121
-159.5508,23.6839,5.120
-20.3059,50.3295,5.119
28.7683,-38.5471,5.119
-14.1302,-27.9296,5.119
156.1871,-50.1852,5.119
-34.7749,57.9091,5.118
103.2944,-8.0219,5.118
78.3612,-31.6766,5.118
143.3235,-45.5658,5.117
-73.4095,-59.5178,5.117
137.9327,19.8464,5.117
-146.5678,7.2392,5.117
-49.4096,-50.8073,5.117
30.0753,-17.5223,5.117
59.6664,-33.2120,5.117
-176.8278,59.2698,5.116
150.3640,49.6416,5.116
-172.7794,36.3792,5.116
-174.7560,-1.4893,5.116
154.4637,-26.1738,5.116
53.1360,38.1639,5.115
123.2878,28.4153,5.115
168.6489,-44.5081,5.115
-56.8135,59.7079,5.115
-2.0404,-44.2853,5.114
-162.9825,36.8626,5.114
-179.9211,18.9173,5.114
73.5073,-34.0162,5.114
-137.3225,-41.6102,5.113
-138.1287,-46.9473,5.112
60.4607,-5.2143,5.111
-129.2190,45.6660,5.111
45.1062,45.1301,5.111
51.2850,-18.1863,5.111
70.2774,15.9674,5.111
131.7887,4.6088,5.111
-109.1292,7.9595,5.110
143.7642,-37.2261,5.110
43.7170,6.8718,5.110
143.4917,-43.4318,5.109
-168.9598,32.8033,5.109
99.3603,31.6446,5.109
161.3631,-16.1219,5.109
-108.7823,52.4451,5.108
-163.8459,-30.3623,5.108
-172.9637,-22.1176,5.108
-172.4049,12.0796,5.108
-115.7387,40.5503,5.107
-165.7662,-34.1000,5.107
-95.7008,-2.8984,5.107
128.8493,7.5235,5.107
-140.9440,-45.7558,5.106
158.9542,42.8669,5.106
96.5594,39.0750,5.106
-125.3327,-57.7346,5.106
94.4491,43.2195,5.105
83.6597,30.3235,5.105
-28.2845,13.6037,5.105
-173.6554,46.3607,5.105
134.4149,-34.9248,5.105
166.5355,-50.9072,5.104
121.7661,-34.7668,5.104
121.3071,10.3828,5.104
138.5939,-18.5360,5.104
-159.6964,6.5223,5.104
-153.6565,33.1805,5.103
-167.5273,-20.6387,5.103
128.1503,15.6165,5.103
-176.4467,45.8547,5.103
115.9430,58.6864,5.103
88.8286,5.1931,5.103
106.1135,26.9301,5.102
-156.2881,3.2660,5.102
151.5761,-48.9477,5.102
132.8173,-12.3096,5.102
31.2423,-2.5042,5.102
5.9723,-56.6071,5.102
164.0347,21.2286,5.102
-154.9052,-54.2308,5.101
90.4841,-34.5608,5.100
-138.9046,-16.3257,5.100
-135.6423,40.3765,5.100
73.6464,43.1830,5.100
104.4652,24.0493,5.100
13.8471,-12.5392,5.100
-97.3115,-22.7208,5.100
80.0305,-32.0303,5.098
-145.2023,-38.4370,5.098
164.1210,-57.6230,5.098
69.8482,-17.1303,5.098
154.6288,-45.3639,5.098
159.0220,-38.5599,5.098
38.6514,-54.9315,5.098
-138.2490,-14.6623,5.098
-130.3899,-48.4428,5.097
-106.1187,-30.6488,5.097
-62.6270,-50.7759,5.097
155.4115,-6.9396,5.097
167.1702,-52.8268,5.097
86.1452,-38.9574,5.096
2.9346,-18.7425,5.096
138.2160,41.8897,5.096
-155.1479,27.9649,5.096
178.4404,-21.2180,5.096
-111.9467,38.0139,5.096
87.7932,14.8386,5.096
74.4929,-36.9478,5.096
-116.6106,28.8233,5.095
-139.7585,56.3288,5.094
83.0212,-35.8867,5.094
89.3715,49.1989,5.094
-91.2790,-58.2566,5.093
-55.5316,49.0215,5.093
156.1543,-40.8100,5.093
31.3425,-1.0370,5.092
-167.7680,40.9818,5.092
145.3855,-46.6967,5.092
145.8787,-2.7055,5.092
151.7782,-24.4981,5.092
-73.4484,2.8627,5.091
-84.8560,-19.9019,5.091
109.5414,-33.7272,5.091
-131.9130,50.4417,5.090
151.8920,-48.8786,5.090
-43.7513,39.3708,5.090
-160.0529,-27.9002,5.090
78.2251,-36.8753,5.089
-141.0853,-50.2283,5.088
-147.1970,38.4825,5.087
101.2506,-20.7437,5.087
-20.4382,-42.3660,5.087
0.4589,55.5662,5.086
80.1473,-51.1184,5.086
93.3570,0.5403,5.086
142.5044,-1.9641,5.086
108.8778,0.4462,5.086
162.9809,20.1439,5.085
20.1094,-33.8462,5.085
-89.3079,10.5228,5.085
163.7523,5.4755,5.085
-14.5088,-53.0719,5.085
-92.9279,13.4764,5.084
140.7613,-2.2611,5.084
-171.4909,21.0681,5.084
161.8352,-8.7265,5.084
-48.0528,47.5523,5.084
139.5804,-56.2771,5.083
-25.2616,53.9254,5.083
177.7202,15.6564,5.083
-49.8119,-34.0534,5.083
-11.1446,-25.3034,5.083
-94.6156,47.6390,5.083
80.0348,-41.5190,5.083
-81.6573,15.1258,5.082
157.5432,24.5465,5.082
126.6525,14.7752,5.082
-33.8700,-49.5200,5.081
-149.1554,10.2798,5.081
-172.1876,3.9247,5.081
156.8280,-14.1391,5.081
41.9257,-55.4986,5.081
-28.1420,-38.5436,5.080
-167.6389,41.3497,5.080
-134.5622,19.6228,5.080
91.2258,10.3394,5.080
165.4737,0.5705,5.080
87.9655,-44.4219,5.080
67.6826,40.6728,5.079
-2.9748,-59.0977,5.079
-33.3037,56.8516,5.079
-111.5929,51.6557,5.079
97.0005,-49.1667,5.079
83.8717,11.3508,5.079
-151.3394,-16.0549,5.079
153.1242,-39.2780,5.079
0.8145,-59.0775,5.079
-127.9593,56.0976,5.079
152.8702,-17.2724,5.078
-166.2396,-7.5058,5.077
159.7719,-39.2865,5.077
17.2067,-47.3077,5.077
-174.2801,44.2647,5.076
19.1310,-46.3269,5.076
-98.5040,26.6538,5.076
-171.0940,-33.1082,5.076
129.5954,-6.1488,5.076
141.2445,4.0337,5.076
-34.6849,34.2140,5.076
172.1472,57.1553,5.075
-173.6720,47.2642,5.075
40.1476,19.1220,5.075
-117.4727,-18.4816,5.075
-140.0630,55.2172,5.074
136.0192,36.7860,5.073
-126.0195,-45.2201,5.073
-88.5411,39.2792,5.073
176.2790,32.8931,5.073
69.0940,-36.9139,5.072
-170.5576,-2.2079,5.072
30.2462,-40.5855,5.072
63.3365,22.7256,5.072
11.0114,-20.5362,5.072
-134.8163,-32.2027,5.072
145.1511,14.2564,5.071
-20.9899,-44.5963,5.071
-164.1094,53.7722,5.071
73.6079,21.6982,5.071
-162.7446,-15.5393,5.070
18.2839,-8.8209,5.070
68.3356,2.8649,5.070
82.8999,-38.4202,5.070
-123.2697,34.2491,5.069
91.8759,10.3489,5.069
132.8187,20.7278,5.068
-36.9886,-40.3218,5.068
128.9206,21.6419,5.068
126.0816,41.1283,5.068
-55.3719,-30.3818,5.068
98.2281,17.7139,5.067
51.2788,-45.7697,5.067
146.0944,39.9026,5.067
179.3110,-20.9333,5.067
-48.6619,45.0507,5.067
65.5184,-48.0028,5.066
65.0729,-52.4932,5.066
36.0387,-54.7190,5.065
137.9223,19.4359,5.065
-90.1656,55.3569,5.065
-176.0328,-13.4230,5.065
108.2423,25.1521,5.065
-177.9376,13.4003,5.064
73.3848,-17.4329,5.064
-148.6859,10.9154,5.064
86.1983,52.9344,5.064
-141.7439,9.8504,5.063
179.8993,-16.2974,5.063
-155.3705,37.8746,5.062
151.3494,-30.9527,5.062
-174.6883,27.8632,5.062
146.6373,39.0123,5.061
74.1881,-5.6102,5.061
-106.1800,-19.9165,5.061
79.4444,-37.4628,5.061
-99.0782,50.8992,5.061
42.2823,8.7974,5.061
-95.0191,-31.5340,5.060
155.9660,46.1360,5.060
-115.4307,31.4311,5.060
-153.5354,10.6209,5.059
-28.8389,1.5321,5.059
-38.7083,-39.7004,5.059
69.4045,-32.7252,5.059
-154.0136,-7.4251,5.058
165.9516,28.4861,5.058
2.7065,-4.7464,5.058
111.4058,36.4041,5.058
-36.0922,-32.1065,5.058
-145.3839,-48.2507,5.057
-155.0790,3.2497,5.057
128.3247,28.8530,5.057
160.6308,6.2581,5.057
104.5050,-2.7202,5.057
97.6809,-3.8912,5.057
67.3634,-58.8140,5.056
142.4197,-33.4792,5.055
-44.6690,-33.4448,5.055
-101.0962,34.8517,5.055
-86.9501,-18.1970,5.055
153.4775,-12.2557,5.055
83.8618,-36.4431,5.055
71.0547,-24.5774,5.055
156.8642,31.3785,5.054
-77.6940,-57.1277,5.054
-60.7195,55.7540,5.054
-1.8133,-58.5852,5.054
-111.3862,-19.7552,5.054
-117.3532,52.2771,5.054
103.2106,-7.9302,5.054
-94.4976,13.6212,5.053
122.9079,58.8870,5.053
-172.2204,-15.4216,5.053
108.7951,9.7142,5.053
145.8244,-15.9270,5.053
105.2933,-41.7775,5.053
-43.9017,36.2638,5.052
13.7554,-55.4536,5.052
-157.3123,51.4562,5.052
91.2956,6.9176,5.052
-94.8115,43.2579,5.051
-120.4924,-55.0650,5.051
42.1596,23.5868,5.051
93.0339,-18.0586,5.051
175.0061,-47.1636,5.050
-110.2448,-57.2574,5.050
162.2918,3.2253,5.050
-82.2786,43.7933,5.050
-53.8227,-44.1387,5.049
-17.3910,-59.1531,5.049
-164.5730,33.0926,5.048
65.0683,-38.8141,5.048
-155.4284,-59.6402,5.048
128.8045,-58.9883,5.048
55.7451,-4.8455,5.047
-113.0878,36.4413,5.047
14.0850,-29.6521,5.047
59.0092,-21.4956,5.047
-52.8113,56.0193,5.047
-89.0304,50.1358,5.046
26.9598,-45.6465,5.046
138.9272,-42.6254,5.046
-168.5673,20.7790,5.046
68.5599,-24.2541,5.046
157.7493,17.2769,5.046
133.4874,16.7452,5.045
115.9759,8.3277,5.045
6.8248,-3.5851,5.045
124.8639,21.4418,5.044
99.3596,-10.7101,5.044
59.5644,-43.9993,5.044
-167.5112,-33.4930,5.044
-156.9880,31.5187,5.044
148.2990,-26.1301,5.044
-163.7533,51.6170,5.044
156.6823,1.1526,5.043
-167.2652,43.1438,5.043
15.2167,-58.9703,5.043
4.8883,-53.7150,5.042
125.2475,6.3461,5.042
88.4582,-1.5001,5.041
-164.8714,-33.5971,5.041
165.1135,14.3965,5.041
-129.7919,-5.8324,5.040
8.4503,-30.5848,5.040
-160.1947,32.0911,5.040
87.9943,39.1336,5.040
123.2858,20.0741,5.040
151.0160,-31.2940,5.040
-30.6226,-38.5636,5.039
-160.4765,-18.0004,5.039
57.4342,-37.6068,5.039
-175.4393,4.9692,5.039
63.3307,-1.7621,5.039
113.4321,27.7038,5.038
21.0856,13.4661,5.038
169.7128,-5.9908,5.038
-66.8415,-7.4054,5.038
126.0336,39.6088,5.038
24.2791,-47.1484,5.038
57.2816,-3.2770,5.037
-2.7000,32.2041,5.037
33.6769,46.9467,5.037
76.4712,9.6577,5.036
150.4572,-19.6997,5.035
-177.0571,38.8184,5.035
115.2410,-28.3538,5.035
139.4565,-55.5860,5.035
57.7022,43.9615,5.035
-143.2638,-48.4786,5.034
156.0940,-26.8004,5.034
80.1210,-3.0445,5.034
23.8954,-14.6982,5.033
68.0220,50.7529,5.033
-18.7487,51.5450,5.033
-172.0925,-6.6447,5.033
61.8965,-56.8704,5.032
-56.0010,-40.6259,5.032
123.2017,15.5125,5.032
118.8658,52.3522,5.032
-129.9442,36.6593,5.032
125.4348,48.3399,5.032
-90.7352,32.7176,5.032
39.6972,-58.3306,5.031
82.5847,-35.4886,5.030
-129.2139,17.3667,5.030
60.8210,-32.0605,5.030
84.7711,-40.7804,5.030
117.1418,14.6917,5.029
-115.2098,-55.1307,5.029
-166.3521,6.9578,5.029
89.7561,-21.9215,5.029
92.2578,37.3975,5.029
-113.0632,26.7000,5.028
14.4063,-27.4016,5.028
75.9996,-0.5774,5.028
56.9315,24.4269,5.028
69.5495,-40.5859,5.028
-134.1962,-10.8420,5.028
75.3379,-36.7909,5.027
-46.2757,-32.7913,5.027
-168.8024,47.9316,5.027
-151.2966,-18.0344,5.026
16.4282,26.5812,5.026
-96.4032,39.5114,5.026
128.0284,47.7520,5.026
96.9406,-30.2441,5.026
-120.0661,27.8505,5.026
-68.4605,27.3953,5.025
89.9921,5.2115,5.025
98.4431,-2.2082,5.025
23.1988,-37.0319,5.025
68.7511,32.4323,5.025
-118.8996,33.6747,5.024
134.6193,20.3552,5.024
-46.3047,-26.7458,5.024
65.4800,-45.9553,5.024
58.5480,-49.7248,5.023
74.7586,-5.1755,5.023
-89.0000,27.3865,5.023
110.9100,9.5453,5.023
-146.2358,-37.9326,5.022
-46.3314,11.7093,5.022
0.4569,-58.5321,5.021
86.9687,6.0399,5.021
147.2770,-15.5033,5.021
-151.2564,43.5307,5.020
1.8437,-16.1439,5.020
-152.7740,41.6168,5.020
-105.3737,-55.2003,5.019
91.9447,-29.8934,5.019
86.2739,-38.5164,5.019
116.6040,-46.0576,5.019
-159.0739,11.2761,5.019
-170.7776,-11.0611,5.018
-101.0984,27.5192,5.018
-143.7837,-31.9375,5.018
-51.5902,-30.0349,5.018
176.8599,30.7293,5.018
157.1840,-49.1796,5.018
50.3482,18.8095,5.018
-128.4707,45.1163,5.017
89.1885,-47.9520,5.017
-81.8702,30.8423,5.017
-3.8598,-24.8008,5.017
44.9355,-18.6391,5.017
166.7354,5.8784,5.017
-55.1548,-27.9949,5.017
-162.9184,31.1281,5.016
-71.2758,-4.2032,5.016
109.2436,35.5403,5.016
-177.7289,-0.7074,5.016
162.6728,-6.2572,5.015
-73.6899,23.3413,5.015
42.6122,-26.1637,5.015
-119.6739,32.4229,5.015
-57.2811,37.2624,5.015
70.5191,-43.6613,5.015
-76.8061,21.1858,5.015
95.4269,-33.5141,5.014
-6.6287,-40.0867,5.014
173.2036,30.1803,5.014
107.0385,25.2602,5.014
-60.9865,-29.2243,5.013
-152.8665,43.4353,5.013
34.7896,-19.8476,5.013
49.8673,11.7401,5.013
-176.9791,-24.2526,5.012
92.2498,3.9733,5.011
80.6969,-1.4504,5.011
5.0993,-15.5872,5.010
13.7746,-23.4779,5.010
-156.4067,46.9836,5.010
97.7125,-24.4405,5.010
33.2823,-49.0433,5.010
104.8355,-12.5093,5.009
166.1946,42.1352,5.009
98.3046,48.0100,5.008
-175.7078,10.3136,5.008
-174.7771,-1.9743,5.008
160.0849,-24.9334,5.008
23.0317,-54.6357,5.007
-155.1528,30.3201,5.007
104.9660,-29.6608,5.007
-44.8708,37.3839,5.007
-158.3553,38.3967,5.007
154.9504,18.6783,5.006
118.1799,-6.6801,5.006
153.0767,22.8269,5.006
-178.5774,16.3743,5.006
-143.8066,31.1688,5.006
107.0749,-22.9451,5.006
-162.5890,6.7491,5.005
111.4386,20.2932,5.005
119.6116,-0.9506,5.004
-137.6977,34.2199,5.004
170.3365,19.7449,5.003
-159.2333,-6.4333,5.003
76.4776,-3.1226,5.003
105.1141,-8.0061,5.002
125.5893,-15.9444,5.002
161.4167,24.7052,5.002
-176.3772,17.7793,5.001
-94.7611,27.4736,5.001
-131.9639,45.3535,5.000
